
SNAKE_GAME.elf:     file format elf32-avr

Sections:
Idx Name          Size      VMA       LMA       File off  Algn
  0 .text         00003282  00000000  00000000  00000094  2**1
                  CONTENTS, ALLOC, LOAD, READONLY, CODE
  1 .data         0000008c  00800060  00003282  00003316  2**0
                  CONTENTS, ALLOC, LOAD, DATA
  2 .bss          000000be  008000ec  008000ec  000033a2  2**0
                  ALLOC
  3 .stab         00002ef8  00000000  00000000  000033a4  2**2
                  CONTENTS, READONLY, DEBUGGING
  4 .stabstr      00001a6c  00000000  00000000  0000629c  2**0
                  CONTENTS, READONLY, DEBUGGING
  5 .debug_aranges 00000140  00000000  00000000  00007d08  2**0
                  CONTENTS, READONLY, DEBUGGING
  6 .debug_pubnames 00000170  00000000  00000000  00007e48  2**0
                  CONTENTS, READONLY, DEBUGGING
  7 .debug_info   00001c49  00000000  00000000  00007fb8  2**0
                  CONTENTS, READONLY, DEBUGGING
  8 .debug_abbrev 00000eeb  00000000  00000000  00009c01  2**0
                  CONTENTS, READONLY, DEBUGGING
  9 .debug_line   00000dad  00000000  00000000  0000aaec  2**0
                  CONTENTS, READONLY, DEBUGGING
 10 .debug_frame  00000160  00000000  00000000  0000b89c  2**2
                  CONTENTS, READONLY, DEBUGGING
 11 .debug_str    0000028d  00000000  00000000  0000b9fc  2**0
                  CONTENTS, READONLY, DEBUGGING
 12 .debug_loc    000007ce  00000000  00000000  0000bc89  2**0
                  CONTENTS, READONLY, DEBUGGING
 13 .debug_ranges 00000050  00000000  00000000  0000c457  2**0
                  CONTENTS, READONLY, DEBUGGING

Disassembly of section .text:

00000000 <__vectors>:
       0:	0c 94 2a 00 	jmp	0x54	; 0x54 <__ctors_end>
       4:	0c 94 47 00 	jmp	0x8e	; 0x8e <__bad_interrupt>
       8:	0c 94 47 00 	jmp	0x8e	; 0x8e <__bad_interrupt>
       c:	0c 94 47 00 	jmp	0x8e	; 0x8e <__bad_interrupt>
      10:	0c 94 47 00 	jmp	0x8e	; 0x8e <__bad_interrupt>
      14:	0c 94 47 00 	jmp	0x8e	; 0x8e <__bad_interrupt>
      18:	0c 94 47 00 	jmp	0x8e	; 0x8e <__bad_interrupt>
      1c:	0c 94 47 00 	jmp	0x8e	; 0x8e <__bad_interrupt>
      20:	0c 94 47 00 	jmp	0x8e	; 0x8e <__bad_interrupt>
      24:	0c 94 47 00 	jmp	0x8e	; 0x8e <__bad_interrupt>
      28:	0c 94 47 00 	jmp	0x8e	; 0x8e <__bad_interrupt>
      2c:	0c 94 47 00 	jmp	0x8e	; 0x8e <__bad_interrupt>
      30:	0c 94 47 00 	jmp	0x8e	; 0x8e <__bad_interrupt>
      34:	0c 94 47 00 	jmp	0x8e	; 0x8e <__bad_interrupt>
      38:	0c 94 47 00 	jmp	0x8e	; 0x8e <__bad_interrupt>
      3c:	0c 94 47 00 	jmp	0x8e	; 0x8e <__bad_interrupt>
      40:	0c 94 47 00 	jmp	0x8e	; 0x8e <__bad_interrupt>
      44:	0c 94 47 00 	jmp	0x8e	; 0x8e <__bad_interrupt>
      48:	0c 94 47 00 	jmp	0x8e	; 0x8e <__bad_interrupt>
      4c:	0c 94 47 00 	jmp	0x8e	; 0x8e <__bad_interrupt>
      50:	0c 94 47 00 	jmp	0x8e	; 0x8e <__bad_interrupt>

00000054 <__ctors_end>:
      54:	11 24       	eor	r1, r1
      56:	1f be       	out	0x3f, r1	; 63
      58:	cf e5       	ldi	r28, 0x5F	; 95
      5a:	d8 e0       	ldi	r29, 0x08	; 8
      5c:	de bf       	out	0x3e, r29	; 62
      5e:	cd bf       	out	0x3d, r28	; 61

00000060 <__do_copy_data>:
      60:	10 e0       	ldi	r17, 0x00	; 0
      62:	a0 e6       	ldi	r26, 0x60	; 96
      64:	b0 e0       	ldi	r27, 0x00	; 0
      66:	e2 e8       	ldi	r30, 0x82	; 130
      68:	f2 e3       	ldi	r31, 0x32	; 50
      6a:	02 c0       	rjmp	.+4      	; 0x70 <.do_copy_data_start>

0000006c <.do_copy_data_loop>:
      6c:	05 90       	lpm	r0, Z+
      6e:	0d 92       	st	X+, r0

00000070 <.do_copy_data_start>:
      70:	ac 3e       	cpi	r26, 0xEC	; 236
      72:	b1 07       	cpc	r27, r17
      74:	d9 f7       	brne	.-10     	; 0x6c <.do_copy_data_loop>

00000076 <__do_clear_bss>:
      76:	11 e0       	ldi	r17, 0x01	; 1
      78:	ac ee       	ldi	r26, 0xEC	; 236
      7a:	b0 e0       	ldi	r27, 0x00	; 0
      7c:	01 c0       	rjmp	.+2      	; 0x80 <.do_clear_bss_start>

0000007e <.do_clear_bss_loop>:
      7e:	1d 92       	st	X+, r1

00000080 <.do_clear_bss_start>:
      80:	aa 3a       	cpi	r26, 0xAA	; 170
      82:	b1 07       	cpc	r27, r17
      84:	e1 f7       	brne	.-8      	; 0x7e <.do_clear_bss_loop>
      86:	0e 94 0f 18 	call	0x301e	; 0x301e <main>
      8a:	0c 94 3f 19 	jmp	0x327e	; 0x327e <_exit>

0000008e <__bad_interrupt>:
      8e:	0c 94 00 00 	jmp	0	; 0x0 <__vectors>

00000092 <__fixunssfsi>:
      92:	ef 92       	push	r14
      94:	ff 92       	push	r15
      96:	0f 93       	push	r16
      98:	1f 93       	push	r17
      9a:	7b 01       	movw	r14, r22
      9c:	8c 01       	movw	r16, r24
      9e:	20 e0       	ldi	r18, 0x00	; 0
      a0:	30 e0       	ldi	r19, 0x00	; 0
      a2:	40 e0       	ldi	r20, 0x00	; 0
      a4:	5f e4       	ldi	r21, 0x4F	; 79
      a6:	0e 94 49 03 	call	0x692	; 0x692 <__gesf2>
      aa:	88 23       	and	r24, r24
      ac:	8c f0       	brlt	.+34     	; 0xd0 <__fixunssfsi+0x3e>
      ae:	c8 01       	movw	r24, r16
      b0:	b7 01       	movw	r22, r14
      b2:	20 e0       	ldi	r18, 0x00	; 0
      b4:	30 e0       	ldi	r19, 0x00	; 0
      b6:	40 e0       	ldi	r20, 0x00	; 0
      b8:	5f e4       	ldi	r21, 0x4F	; 79
      ba:	0e 94 c1 01 	call	0x382	; 0x382 <__subsf3>
      be:	0e 94 a9 03 	call	0x752	; 0x752 <__fixsfsi>
      c2:	9b 01       	movw	r18, r22
      c4:	ac 01       	movw	r20, r24
      c6:	20 50       	subi	r18, 0x00	; 0
      c8:	30 40       	sbci	r19, 0x00	; 0
      ca:	40 40       	sbci	r20, 0x00	; 0
      cc:	50 48       	sbci	r21, 0x80	; 128
      ce:	06 c0       	rjmp	.+12     	; 0xdc <__fixunssfsi+0x4a>
      d0:	c8 01       	movw	r24, r16
      d2:	b7 01       	movw	r22, r14
      d4:	0e 94 a9 03 	call	0x752	; 0x752 <__fixsfsi>
      d8:	9b 01       	movw	r18, r22
      da:	ac 01       	movw	r20, r24
      dc:	b9 01       	movw	r22, r18
      de:	ca 01       	movw	r24, r20
      e0:	1f 91       	pop	r17
      e2:	0f 91       	pop	r16
      e4:	ff 90       	pop	r15
      e6:	ef 90       	pop	r14
      e8:	08 95       	ret

000000ea <_fpadd_parts>:
      ea:	a0 e0       	ldi	r26, 0x00	; 0
      ec:	b0 e0       	ldi	r27, 0x00	; 0
      ee:	eb e7       	ldi	r30, 0x7B	; 123
      f0:	f0 e0       	ldi	r31, 0x00	; 0
      f2:	0c 94 6d 18 	jmp	0x30da	; 0x30da <__prologue_saves__>
      f6:	dc 01       	movw	r26, r24
      f8:	2b 01       	movw	r4, r22
      fa:	fa 01       	movw	r30, r20
      fc:	9c 91       	ld	r25, X
      fe:	92 30       	cpi	r25, 0x02	; 2
     100:	08 f4       	brcc	.+2      	; 0x104 <_fpadd_parts+0x1a>
     102:	39 c1       	rjmp	.+626    	; 0x376 <_fpadd_parts+0x28c>
     104:	eb 01       	movw	r28, r22
     106:	88 81       	ld	r24, Y
     108:	82 30       	cpi	r24, 0x02	; 2
     10a:	08 f4       	brcc	.+2      	; 0x10e <_fpadd_parts+0x24>
     10c:	33 c1       	rjmp	.+614    	; 0x374 <_fpadd_parts+0x28a>
     10e:	94 30       	cpi	r25, 0x04	; 4
     110:	69 f4       	brne	.+26     	; 0x12c <_fpadd_parts+0x42>
     112:	84 30       	cpi	r24, 0x04	; 4
     114:	09 f0       	breq	.+2      	; 0x118 <_fpadd_parts+0x2e>
     116:	2f c1       	rjmp	.+606    	; 0x376 <_fpadd_parts+0x28c>
     118:	11 96       	adiw	r26, 0x01	; 1
     11a:	9c 91       	ld	r25, X
     11c:	11 97       	sbiw	r26, 0x01	; 1
     11e:	89 81       	ldd	r24, Y+1	; 0x01
     120:	98 17       	cp	r25, r24
     122:	09 f4       	brne	.+2      	; 0x126 <_fpadd_parts+0x3c>
     124:	28 c1       	rjmp	.+592    	; 0x376 <_fpadd_parts+0x28c>
     126:	aa ed       	ldi	r26, 0xDA	; 218
     128:	b0 e0       	ldi	r27, 0x00	; 0
     12a:	25 c1       	rjmp	.+586    	; 0x376 <_fpadd_parts+0x28c>
     12c:	84 30       	cpi	r24, 0x04	; 4
     12e:	09 f4       	brne	.+2      	; 0x132 <_fpadd_parts+0x48>
     130:	21 c1       	rjmp	.+578    	; 0x374 <_fpadd_parts+0x28a>
     132:	82 30       	cpi	r24, 0x02	; 2
     134:	a9 f4       	brne	.+42     	; 0x160 <_fpadd_parts+0x76>
     136:	92 30       	cpi	r25, 0x02	; 2
     138:	09 f0       	breq	.+2      	; 0x13c <_fpadd_parts+0x52>
     13a:	1d c1       	rjmp	.+570    	; 0x376 <_fpadd_parts+0x28c>
     13c:	9a 01       	movw	r18, r20
     13e:	ad 01       	movw	r20, r26
     140:	88 e0       	ldi	r24, 0x08	; 8
     142:	ea 01       	movw	r28, r20
     144:	09 90       	ld	r0, Y+
     146:	ae 01       	movw	r20, r28
     148:	e9 01       	movw	r28, r18
     14a:	09 92       	st	Y+, r0
     14c:	9e 01       	movw	r18, r28
     14e:	81 50       	subi	r24, 0x01	; 1
     150:	c1 f7       	brne	.-16     	; 0x142 <_fpadd_parts+0x58>
     152:	e2 01       	movw	r28, r4
     154:	89 81       	ldd	r24, Y+1	; 0x01
     156:	11 96       	adiw	r26, 0x01	; 1
     158:	9c 91       	ld	r25, X
     15a:	89 23       	and	r24, r25
     15c:	81 83       	std	Z+1, r24	; 0x01
     15e:	08 c1       	rjmp	.+528    	; 0x370 <_fpadd_parts+0x286>
     160:	92 30       	cpi	r25, 0x02	; 2
     162:	09 f4       	brne	.+2      	; 0x166 <_fpadd_parts+0x7c>
     164:	07 c1       	rjmp	.+526    	; 0x374 <_fpadd_parts+0x28a>
     166:	12 96       	adiw	r26, 0x02	; 2
     168:	2d 90       	ld	r2, X+
     16a:	3c 90       	ld	r3, X
     16c:	13 97       	sbiw	r26, 0x03	; 3
     16e:	eb 01       	movw	r28, r22
     170:	8a 81       	ldd	r24, Y+2	; 0x02
     172:	9b 81       	ldd	r25, Y+3	; 0x03
     174:	14 96       	adiw	r26, 0x04	; 4
     176:	ad 90       	ld	r10, X+
     178:	bd 90       	ld	r11, X+
     17a:	cd 90       	ld	r12, X+
     17c:	dc 90       	ld	r13, X
     17e:	17 97       	sbiw	r26, 0x07	; 7
     180:	ec 80       	ldd	r14, Y+4	; 0x04
     182:	fd 80       	ldd	r15, Y+5	; 0x05
     184:	0e 81       	ldd	r16, Y+6	; 0x06
     186:	1f 81       	ldd	r17, Y+7	; 0x07
     188:	91 01       	movw	r18, r2
     18a:	28 1b       	sub	r18, r24
     18c:	39 0b       	sbc	r19, r25
     18e:	b9 01       	movw	r22, r18
     190:	37 ff       	sbrs	r19, 7
     192:	04 c0       	rjmp	.+8      	; 0x19c <_fpadd_parts+0xb2>
     194:	66 27       	eor	r22, r22
     196:	77 27       	eor	r23, r23
     198:	62 1b       	sub	r22, r18
     19a:	73 0b       	sbc	r23, r19
     19c:	60 32       	cpi	r22, 0x20	; 32
     19e:	71 05       	cpc	r23, r1
     1a0:	0c f0       	brlt	.+2      	; 0x1a4 <_fpadd_parts+0xba>
     1a2:	61 c0       	rjmp	.+194    	; 0x266 <_fpadd_parts+0x17c>
     1a4:	12 16       	cp	r1, r18
     1a6:	13 06       	cpc	r1, r19
     1a8:	6c f5       	brge	.+90     	; 0x204 <_fpadd_parts+0x11a>
     1aa:	37 01       	movw	r6, r14
     1ac:	48 01       	movw	r8, r16
     1ae:	06 2e       	mov	r0, r22
     1b0:	04 c0       	rjmp	.+8      	; 0x1ba <_fpadd_parts+0xd0>
     1b2:	96 94       	lsr	r9
     1b4:	87 94       	ror	r8
     1b6:	77 94       	ror	r7
     1b8:	67 94       	ror	r6
     1ba:	0a 94       	dec	r0
     1bc:	d2 f7       	brpl	.-12     	; 0x1b2 <_fpadd_parts+0xc8>
     1be:	21 e0       	ldi	r18, 0x01	; 1
     1c0:	30 e0       	ldi	r19, 0x00	; 0
     1c2:	40 e0       	ldi	r20, 0x00	; 0
     1c4:	50 e0       	ldi	r21, 0x00	; 0
     1c6:	04 c0       	rjmp	.+8      	; 0x1d0 <_fpadd_parts+0xe6>
     1c8:	22 0f       	add	r18, r18
     1ca:	33 1f       	adc	r19, r19
     1cc:	44 1f       	adc	r20, r20
     1ce:	55 1f       	adc	r21, r21
     1d0:	6a 95       	dec	r22
     1d2:	d2 f7       	brpl	.-12     	; 0x1c8 <_fpadd_parts+0xde>
     1d4:	21 50       	subi	r18, 0x01	; 1
     1d6:	30 40       	sbci	r19, 0x00	; 0
     1d8:	40 40       	sbci	r20, 0x00	; 0
     1da:	50 40       	sbci	r21, 0x00	; 0
     1dc:	2e 21       	and	r18, r14
     1de:	3f 21       	and	r19, r15
     1e0:	40 23       	and	r20, r16
     1e2:	51 23       	and	r21, r17
     1e4:	21 15       	cp	r18, r1
     1e6:	31 05       	cpc	r19, r1
     1e8:	41 05       	cpc	r20, r1
     1ea:	51 05       	cpc	r21, r1
     1ec:	21 f0       	breq	.+8      	; 0x1f6 <_fpadd_parts+0x10c>
     1ee:	21 e0       	ldi	r18, 0x01	; 1
     1f0:	30 e0       	ldi	r19, 0x00	; 0
     1f2:	40 e0       	ldi	r20, 0x00	; 0
     1f4:	50 e0       	ldi	r21, 0x00	; 0
     1f6:	79 01       	movw	r14, r18
     1f8:	8a 01       	movw	r16, r20
     1fa:	e6 28       	or	r14, r6
     1fc:	f7 28       	or	r15, r7
     1fe:	08 29       	or	r16, r8
     200:	19 29       	or	r17, r9
     202:	3c c0       	rjmp	.+120    	; 0x27c <_fpadd_parts+0x192>
     204:	23 2b       	or	r18, r19
     206:	d1 f1       	breq	.+116    	; 0x27c <_fpadd_parts+0x192>
     208:	26 0e       	add	r2, r22
     20a:	37 1e       	adc	r3, r23
     20c:	35 01       	movw	r6, r10
     20e:	46 01       	movw	r8, r12
     210:	06 2e       	mov	r0, r22
     212:	04 c0       	rjmp	.+8      	; 0x21c <_fpadd_parts+0x132>
     214:	96 94       	lsr	r9
     216:	87 94       	ror	r8
     218:	77 94       	ror	r7
     21a:	67 94       	ror	r6
     21c:	0a 94       	dec	r0
     21e:	d2 f7       	brpl	.-12     	; 0x214 <_fpadd_parts+0x12a>
     220:	21 e0       	ldi	r18, 0x01	; 1
     222:	30 e0       	ldi	r19, 0x00	; 0
     224:	40 e0       	ldi	r20, 0x00	; 0
     226:	50 e0       	ldi	r21, 0x00	; 0
     228:	04 c0       	rjmp	.+8      	; 0x232 <_fpadd_parts+0x148>
     22a:	22 0f       	add	r18, r18
     22c:	33 1f       	adc	r19, r19
     22e:	44 1f       	adc	r20, r20
     230:	55 1f       	adc	r21, r21
     232:	6a 95       	dec	r22
     234:	d2 f7       	brpl	.-12     	; 0x22a <_fpadd_parts+0x140>
     236:	21 50       	subi	r18, 0x01	; 1
     238:	30 40       	sbci	r19, 0x00	; 0
     23a:	40 40       	sbci	r20, 0x00	; 0
     23c:	50 40       	sbci	r21, 0x00	; 0
     23e:	2a 21       	and	r18, r10
     240:	3b 21       	and	r19, r11
     242:	4c 21       	and	r20, r12
     244:	5d 21       	and	r21, r13
     246:	21 15       	cp	r18, r1
     248:	31 05       	cpc	r19, r1
     24a:	41 05       	cpc	r20, r1
     24c:	51 05       	cpc	r21, r1
     24e:	21 f0       	breq	.+8      	; 0x258 <_fpadd_parts+0x16e>
     250:	21 e0       	ldi	r18, 0x01	; 1
     252:	30 e0       	ldi	r19, 0x00	; 0
     254:	40 e0       	ldi	r20, 0x00	; 0
     256:	50 e0       	ldi	r21, 0x00	; 0
     258:	59 01       	movw	r10, r18
     25a:	6a 01       	movw	r12, r20
     25c:	a6 28       	or	r10, r6
     25e:	b7 28       	or	r11, r7
     260:	c8 28       	or	r12, r8
     262:	d9 28       	or	r13, r9
     264:	0b c0       	rjmp	.+22     	; 0x27c <_fpadd_parts+0x192>
     266:	82 15       	cp	r24, r2
     268:	93 05       	cpc	r25, r3
     26a:	2c f0       	brlt	.+10     	; 0x276 <_fpadd_parts+0x18c>
     26c:	1c 01       	movw	r2, r24
     26e:	aa 24       	eor	r10, r10
     270:	bb 24       	eor	r11, r11
     272:	65 01       	movw	r12, r10
     274:	03 c0       	rjmp	.+6      	; 0x27c <_fpadd_parts+0x192>
     276:	ee 24       	eor	r14, r14
     278:	ff 24       	eor	r15, r15
     27a:	87 01       	movw	r16, r14
     27c:	11 96       	adiw	r26, 0x01	; 1
     27e:	9c 91       	ld	r25, X
     280:	d2 01       	movw	r26, r4
     282:	11 96       	adiw	r26, 0x01	; 1
     284:	8c 91       	ld	r24, X
     286:	98 17       	cp	r25, r24
     288:	09 f4       	brne	.+2      	; 0x28c <_fpadd_parts+0x1a2>
     28a:	45 c0       	rjmp	.+138    	; 0x316 <_fpadd_parts+0x22c>
     28c:	99 23       	and	r25, r25
     28e:	39 f0       	breq	.+14     	; 0x29e <_fpadd_parts+0x1b4>
     290:	a8 01       	movw	r20, r16
     292:	97 01       	movw	r18, r14
     294:	2a 19       	sub	r18, r10
     296:	3b 09       	sbc	r19, r11
     298:	4c 09       	sbc	r20, r12
     29a:	5d 09       	sbc	r21, r13
     29c:	06 c0       	rjmp	.+12     	; 0x2aa <_fpadd_parts+0x1c0>
     29e:	a6 01       	movw	r20, r12
     2a0:	95 01       	movw	r18, r10
     2a2:	2e 19       	sub	r18, r14
     2a4:	3f 09       	sbc	r19, r15
     2a6:	40 0b       	sbc	r20, r16
     2a8:	51 0b       	sbc	r21, r17
     2aa:	57 fd       	sbrc	r21, 7
     2ac:	08 c0       	rjmp	.+16     	; 0x2be <_fpadd_parts+0x1d4>
     2ae:	11 82       	std	Z+1, r1	; 0x01
     2b0:	33 82       	std	Z+3, r3	; 0x03
     2b2:	22 82       	std	Z+2, r2	; 0x02
     2b4:	24 83       	std	Z+4, r18	; 0x04
     2b6:	35 83       	std	Z+5, r19	; 0x05
     2b8:	46 83       	std	Z+6, r20	; 0x06
     2ba:	57 83       	std	Z+7, r21	; 0x07
     2bc:	1d c0       	rjmp	.+58     	; 0x2f8 <_fpadd_parts+0x20e>
     2be:	81 e0       	ldi	r24, 0x01	; 1
     2c0:	81 83       	std	Z+1, r24	; 0x01
     2c2:	33 82       	std	Z+3, r3	; 0x03
     2c4:	22 82       	std	Z+2, r2	; 0x02
     2c6:	88 27       	eor	r24, r24
     2c8:	99 27       	eor	r25, r25
     2ca:	dc 01       	movw	r26, r24
     2cc:	82 1b       	sub	r24, r18
     2ce:	93 0b       	sbc	r25, r19
     2d0:	a4 0b       	sbc	r26, r20
     2d2:	b5 0b       	sbc	r27, r21
     2d4:	84 83       	std	Z+4, r24	; 0x04
     2d6:	95 83       	std	Z+5, r25	; 0x05
     2d8:	a6 83       	std	Z+6, r26	; 0x06
     2da:	b7 83       	std	Z+7, r27	; 0x07
     2dc:	0d c0       	rjmp	.+26     	; 0x2f8 <_fpadd_parts+0x20e>
     2de:	22 0f       	add	r18, r18
     2e0:	33 1f       	adc	r19, r19
     2e2:	44 1f       	adc	r20, r20
     2e4:	55 1f       	adc	r21, r21
     2e6:	24 83       	std	Z+4, r18	; 0x04
     2e8:	35 83       	std	Z+5, r19	; 0x05
     2ea:	46 83       	std	Z+6, r20	; 0x06
     2ec:	57 83       	std	Z+7, r21	; 0x07
     2ee:	82 81       	ldd	r24, Z+2	; 0x02
     2f0:	93 81       	ldd	r25, Z+3	; 0x03
     2f2:	01 97       	sbiw	r24, 0x01	; 1
     2f4:	93 83       	std	Z+3, r25	; 0x03
     2f6:	82 83       	std	Z+2, r24	; 0x02
     2f8:	24 81       	ldd	r18, Z+4	; 0x04
     2fa:	35 81       	ldd	r19, Z+5	; 0x05
     2fc:	46 81       	ldd	r20, Z+6	; 0x06
     2fe:	57 81       	ldd	r21, Z+7	; 0x07
     300:	da 01       	movw	r26, r20
     302:	c9 01       	movw	r24, r18
     304:	01 97       	sbiw	r24, 0x01	; 1
     306:	a1 09       	sbc	r26, r1
     308:	b1 09       	sbc	r27, r1
     30a:	8f 5f       	subi	r24, 0xFF	; 255
     30c:	9f 4f       	sbci	r25, 0xFF	; 255
     30e:	af 4f       	sbci	r26, 0xFF	; 255
     310:	bf 43       	sbci	r27, 0x3F	; 63
     312:	28 f3       	brcs	.-54     	; 0x2de <_fpadd_parts+0x1f4>
     314:	0b c0       	rjmp	.+22     	; 0x32c <_fpadd_parts+0x242>
     316:	91 83       	std	Z+1, r25	; 0x01
     318:	33 82       	std	Z+3, r3	; 0x03
     31a:	22 82       	std	Z+2, r2	; 0x02
     31c:	ea 0c       	add	r14, r10
     31e:	fb 1c       	adc	r15, r11
     320:	0c 1d       	adc	r16, r12
     322:	1d 1d       	adc	r17, r13
     324:	e4 82       	std	Z+4, r14	; 0x04
     326:	f5 82       	std	Z+5, r15	; 0x05
     328:	06 83       	std	Z+6, r16	; 0x06
     32a:	17 83       	std	Z+7, r17	; 0x07
     32c:	83 e0       	ldi	r24, 0x03	; 3
     32e:	80 83       	st	Z, r24
     330:	24 81       	ldd	r18, Z+4	; 0x04
     332:	35 81       	ldd	r19, Z+5	; 0x05
     334:	46 81       	ldd	r20, Z+6	; 0x06
     336:	57 81       	ldd	r21, Z+7	; 0x07
     338:	57 ff       	sbrs	r21, 7
     33a:	1a c0       	rjmp	.+52     	; 0x370 <_fpadd_parts+0x286>
     33c:	c9 01       	movw	r24, r18
     33e:	aa 27       	eor	r26, r26
     340:	97 fd       	sbrc	r25, 7
     342:	a0 95       	com	r26
     344:	ba 2f       	mov	r27, r26
     346:	81 70       	andi	r24, 0x01	; 1
     348:	90 70       	andi	r25, 0x00	; 0
     34a:	a0 70       	andi	r26, 0x00	; 0
     34c:	b0 70       	andi	r27, 0x00	; 0
     34e:	56 95       	lsr	r21
     350:	47 95       	ror	r20
     352:	37 95       	ror	r19
     354:	27 95       	ror	r18
     356:	82 2b       	or	r24, r18
     358:	93 2b       	or	r25, r19
     35a:	a4 2b       	or	r26, r20
     35c:	b5 2b       	or	r27, r21
     35e:	84 83       	std	Z+4, r24	; 0x04
     360:	95 83       	std	Z+5, r25	; 0x05
     362:	a6 83       	std	Z+6, r26	; 0x06
     364:	b7 83       	std	Z+7, r27	; 0x07
     366:	82 81       	ldd	r24, Z+2	; 0x02
     368:	93 81       	ldd	r25, Z+3	; 0x03
     36a:	01 96       	adiw	r24, 0x01	; 1
     36c:	93 83       	std	Z+3, r25	; 0x03
     36e:	82 83       	std	Z+2, r24	; 0x02
     370:	df 01       	movw	r26, r30
     372:	01 c0       	rjmp	.+2      	; 0x376 <_fpadd_parts+0x28c>
     374:	d2 01       	movw	r26, r4
     376:	cd 01       	movw	r24, r26
     378:	cd b7       	in	r28, 0x3d	; 61
     37a:	de b7       	in	r29, 0x3e	; 62
     37c:	e2 e1       	ldi	r30, 0x12	; 18
     37e:	0c 94 89 18 	jmp	0x3112	; 0x3112 <__epilogue_restores__>

00000382 <__subsf3>:
     382:	a0 e2       	ldi	r26, 0x20	; 32
     384:	b0 e0       	ldi	r27, 0x00	; 0
     386:	e7 ec       	ldi	r30, 0xC7	; 199
     388:	f1 e0       	ldi	r31, 0x01	; 1
     38a:	0c 94 79 18 	jmp	0x30f2	; 0x30f2 <__prologue_saves__+0x18>
     38e:	69 83       	std	Y+1, r22	; 0x01
     390:	7a 83       	std	Y+2, r23	; 0x02
     392:	8b 83       	std	Y+3, r24	; 0x03
     394:	9c 83       	std	Y+4, r25	; 0x04
     396:	2d 83       	std	Y+5, r18	; 0x05
     398:	3e 83       	std	Y+6, r19	; 0x06
     39a:	4f 83       	std	Y+7, r20	; 0x07
     39c:	58 87       	std	Y+8, r21	; 0x08
     39e:	e9 e0       	ldi	r30, 0x09	; 9
     3a0:	ee 2e       	mov	r14, r30
     3a2:	f1 2c       	mov	r15, r1
     3a4:	ec 0e       	add	r14, r28
     3a6:	fd 1e       	adc	r15, r29
     3a8:	ce 01       	movw	r24, r28
     3aa:	01 96       	adiw	r24, 0x01	; 1
     3ac:	b7 01       	movw	r22, r14
     3ae:	0e 94 d2 04 	call	0x9a4	; 0x9a4 <__unpack_f>
     3b2:	8e 01       	movw	r16, r28
     3b4:	0f 5e       	subi	r16, 0xEF	; 239
     3b6:	1f 4f       	sbci	r17, 0xFF	; 255
     3b8:	ce 01       	movw	r24, r28
     3ba:	05 96       	adiw	r24, 0x05	; 5
     3bc:	b8 01       	movw	r22, r16
     3be:	0e 94 d2 04 	call	0x9a4	; 0x9a4 <__unpack_f>
     3c2:	8a 89       	ldd	r24, Y+18	; 0x12
     3c4:	91 e0       	ldi	r25, 0x01	; 1
     3c6:	89 27       	eor	r24, r25
     3c8:	8a 8b       	std	Y+18, r24	; 0x12
     3ca:	c7 01       	movw	r24, r14
     3cc:	b8 01       	movw	r22, r16
     3ce:	ae 01       	movw	r20, r28
     3d0:	47 5e       	subi	r20, 0xE7	; 231
     3d2:	5f 4f       	sbci	r21, 0xFF	; 255
     3d4:	0e 94 75 00 	call	0xea	; 0xea <_fpadd_parts>
     3d8:	0e 94 fd 03 	call	0x7fa	; 0x7fa <__pack_f>
     3dc:	a0 96       	adiw	r28, 0x20	; 32
     3de:	e6 e0       	ldi	r30, 0x06	; 6
     3e0:	0c 94 95 18 	jmp	0x312a	; 0x312a <__epilogue_restores__+0x18>

000003e4 <__addsf3>:
     3e4:	a0 e2       	ldi	r26, 0x20	; 32
     3e6:	b0 e0       	ldi	r27, 0x00	; 0
     3e8:	e8 ef       	ldi	r30, 0xF8	; 248
     3ea:	f1 e0       	ldi	r31, 0x01	; 1
     3ec:	0c 94 79 18 	jmp	0x30f2	; 0x30f2 <__prologue_saves__+0x18>
     3f0:	69 83       	std	Y+1, r22	; 0x01
     3f2:	7a 83       	std	Y+2, r23	; 0x02
     3f4:	8b 83       	std	Y+3, r24	; 0x03
     3f6:	9c 83       	std	Y+4, r25	; 0x04
     3f8:	2d 83       	std	Y+5, r18	; 0x05
     3fa:	3e 83       	std	Y+6, r19	; 0x06
     3fc:	4f 83       	std	Y+7, r20	; 0x07
     3fe:	58 87       	std	Y+8, r21	; 0x08
     400:	f9 e0       	ldi	r31, 0x09	; 9
     402:	ef 2e       	mov	r14, r31
     404:	f1 2c       	mov	r15, r1
     406:	ec 0e       	add	r14, r28
     408:	fd 1e       	adc	r15, r29
     40a:	ce 01       	movw	r24, r28
     40c:	01 96       	adiw	r24, 0x01	; 1
     40e:	b7 01       	movw	r22, r14
     410:	0e 94 d2 04 	call	0x9a4	; 0x9a4 <__unpack_f>
     414:	8e 01       	movw	r16, r28
     416:	0f 5e       	subi	r16, 0xEF	; 239
     418:	1f 4f       	sbci	r17, 0xFF	; 255
     41a:	ce 01       	movw	r24, r28
     41c:	05 96       	adiw	r24, 0x05	; 5
     41e:	b8 01       	movw	r22, r16
     420:	0e 94 d2 04 	call	0x9a4	; 0x9a4 <__unpack_f>
     424:	c7 01       	movw	r24, r14
     426:	b8 01       	movw	r22, r16
     428:	ae 01       	movw	r20, r28
     42a:	47 5e       	subi	r20, 0xE7	; 231
     42c:	5f 4f       	sbci	r21, 0xFF	; 255
     42e:	0e 94 75 00 	call	0xea	; 0xea <_fpadd_parts>
     432:	0e 94 fd 03 	call	0x7fa	; 0x7fa <__pack_f>
     436:	a0 96       	adiw	r28, 0x20	; 32
     438:	e6 e0       	ldi	r30, 0x06	; 6
     43a:	0c 94 95 18 	jmp	0x312a	; 0x312a <__epilogue_restores__+0x18>

0000043e <__mulsf3>:
     43e:	a0 e2       	ldi	r26, 0x20	; 32
     440:	b0 e0       	ldi	r27, 0x00	; 0
     442:	e5 e2       	ldi	r30, 0x25	; 37
     444:	f2 e0       	ldi	r31, 0x02	; 2
     446:	0c 94 6d 18 	jmp	0x30da	; 0x30da <__prologue_saves__>
     44a:	69 83       	std	Y+1, r22	; 0x01
     44c:	7a 83       	std	Y+2, r23	; 0x02
     44e:	8b 83       	std	Y+3, r24	; 0x03
     450:	9c 83       	std	Y+4, r25	; 0x04
     452:	2d 83       	std	Y+5, r18	; 0x05
     454:	3e 83       	std	Y+6, r19	; 0x06
     456:	4f 83       	std	Y+7, r20	; 0x07
     458:	58 87       	std	Y+8, r21	; 0x08
     45a:	ce 01       	movw	r24, r28
     45c:	01 96       	adiw	r24, 0x01	; 1
     45e:	be 01       	movw	r22, r28
     460:	67 5f       	subi	r22, 0xF7	; 247
     462:	7f 4f       	sbci	r23, 0xFF	; 255
     464:	0e 94 d2 04 	call	0x9a4	; 0x9a4 <__unpack_f>
     468:	ce 01       	movw	r24, r28
     46a:	05 96       	adiw	r24, 0x05	; 5
     46c:	be 01       	movw	r22, r28
     46e:	6f 5e       	subi	r22, 0xEF	; 239
     470:	7f 4f       	sbci	r23, 0xFF	; 255
     472:	0e 94 d2 04 	call	0x9a4	; 0x9a4 <__unpack_f>
     476:	99 85       	ldd	r25, Y+9	; 0x09
     478:	92 30       	cpi	r25, 0x02	; 2
     47a:	88 f0       	brcs	.+34     	; 0x49e <__mulsf3+0x60>
     47c:	89 89       	ldd	r24, Y+17	; 0x11
     47e:	82 30       	cpi	r24, 0x02	; 2
     480:	c8 f0       	brcs	.+50     	; 0x4b4 <__mulsf3+0x76>
     482:	94 30       	cpi	r25, 0x04	; 4
     484:	19 f4       	brne	.+6      	; 0x48c <__mulsf3+0x4e>
     486:	82 30       	cpi	r24, 0x02	; 2
     488:	51 f4       	brne	.+20     	; 0x49e <__mulsf3+0x60>
     48a:	04 c0       	rjmp	.+8      	; 0x494 <__mulsf3+0x56>
     48c:	84 30       	cpi	r24, 0x04	; 4
     48e:	29 f4       	brne	.+10     	; 0x49a <__mulsf3+0x5c>
     490:	92 30       	cpi	r25, 0x02	; 2
     492:	81 f4       	brne	.+32     	; 0x4b4 <__mulsf3+0x76>
     494:	8a ed       	ldi	r24, 0xDA	; 218
     496:	90 e0       	ldi	r25, 0x00	; 0
     498:	c6 c0       	rjmp	.+396    	; 0x626 <__mulsf3+0x1e8>
     49a:	92 30       	cpi	r25, 0x02	; 2
     49c:	49 f4       	brne	.+18     	; 0x4b0 <__mulsf3+0x72>
     49e:	20 e0       	ldi	r18, 0x00	; 0
     4a0:	9a 85       	ldd	r25, Y+10	; 0x0a
     4a2:	8a 89       	ldd	r24, Y+18	; 0x12
     4a4:	98 13       	cpse	r25, r24
     4a6:	21 e0       	ldi	r18, 0x01	; 1
     4a8:	2a 87       	std	Y+10, r18	; 0x0a
     4aa:	ce 01       	movw	r24, r28
     4ac:	09 96       	adiw	r24, 0x09	; 9
     4ae:	bb c0       	rjmp	.+374    	; 0x626 <__mulsf3+0x1e8>
     4b0:	82 30       	cpi	r24, 0x02	; 2
     4b2:	49 f4       	brne	.+18     	; 0x4c6 <__mulsf3+0x88>
     4b4:	20 e0       	ldi	r18, 0x00	; 0
     4b6:	9a 85       	ldd	r25, Y+10	; 0x0a
     4b8:	8a 89       	ldd	r24, Y+18	; 0x12
     4ba:	98 13       	cpse	r25, r24
     4bc:	21 e0       	ldi	r18, 0x01	; 1
     4be:	2a 8b       	std	Y+18, r18	; 0x12
     4c0:	ce 01       	movw	r24, r28
     4c2:	41 96       	adiw	r24, 0x11	; 17
     4c4:	b0 c0       	rjmp	.+352    	; 0x626 <__mulsf3+0x1e8>
     4c6:	2d 84       	ldd	r2, Y+13	; 0x0d
     4c8:	3e 84       	ldd	r3, Y+14	; 0x0e
     4ca:	4f 84       	ldd	r4, Y+15	; 0x0f
     4cc:	58 88       	ldd	r5, Y+16	; 0x10
     4ce:	6d 88       	ldd	r6, Y+21	; 0x15
     4d0:	7e 88       	ldd	r7, Y+22	; 0x16
     4d2:	8f 88       	ldd	r8, Y+23	; 0x17
     4d4:	98 8c       	ldd	r9, Y+24	; 0x18
     4d6:	ee 24       	eor	r14, r14
     4d8:	ff 24       	eor	r15, r15
     4da:	87 01       	movw	r16, r14
     4dc:	aa 24       	eor	r10, r10
     4de:	bb 24       	eor	r11, r11
     4e0:	65 01       	movw	r12, r10
     4e2:	40 e0       	ldi	r20, 0x00	; 0
     4e4:	50 e0       	ldi	r21, 0x00	; 0
     4e6:	60 e0       	ldi	r22, 0x00	; 0
     4e8:	70 e0       	ldi	r23, 0x00	; 0
     4ea:	e0 e0       	ldi	r30, 0x00	; 0
     4ec:	f0 e0       	ldi	r31, 0x00	; 0
     4ee:	c1 01       	movw	r24, r2
     4f0:	81 70       	andi	r24, 0x01	; 1
     4f2:	90 70       	andi	r25, 0x00	; 0
     4f4:	89 2b       	or	r24, r25
     4f6:	e9 f0       	breq	.+58     	; 0x532 <__mulsf3+0xf4>
     4f8:	e6 0c       	add	r14, r6
     4fa:	f7 1c       	adc	r15, r7
     4fc:	08 1d       	adc	r16, r8
     4fe:	19 1d       	adc	r17, r9
     500:	9a 01       	movw	r18, r20
     502:	ab 01       	movw	r20, r22
     504:	2a 0d       	add	r18, r10
     506:	3b 1d       	adc	r19, r11
     508:	4c 1d       	adc	r20, r12
     50a:	5d 1d       	adc	r21, r13
     50c:	80 e0       	ldi	r24, 0x00	; 0
     50e:	90 e0       	ldi	r25, 0x00	; 0
     510:	a0 e0       	ldi	r26, 0x00	; 0
     512:	b0 e0       	ldi	r27, 0x00	; 0
     514:	e6 14       	cp	r14, r6
     516:	f7 04       	cpc	r15, r7
     518:	08 05       	cpc	r16, r8
     51a:	19 05       	cpc	r17, r9
     51c:	20 f4       	brcc	.+8      	; 0x526 <__mulsf3+0xe8>
     51e:	81 e0       	ldi	r24, 0x01	; 1
     520:	90 e0       	ldi	r25, 0x00	; 0
     522:	a0 e0       	ldi	r26, 0x00	; 0
     524:	b0 e0       	ldi	r27, 0x00	; 0
     526:	ba 01       	movw	r22, r20
     528:	a9 01       	movw	r20, r18
     52a:	48 0f       	add	r20, r24
     52c:	59 1f       	adc	r21, r25
     52e:	6a 1f       	adc	r22, r26
     530:	7b 1f       	adc	r23, r27
     532:	aa 0c       	add	r10, r10
     534:	bb 1c       	adc	r11, r11
     536:	cc 1c       	adc	r12, r12
     538:	dd 1c       	adc	r13, r13
     53a:	97 fe       	sbrs	r9, 7
     53c:	08 c0       	rjmp	.+16     	; 0x54e <__mulsf3+0x110>
     53e:	81 e0       	ldi	r24, 0x01	; 1
     540:	90 e0       	ldi	r25, 0x00	; 0
     542:	a0 e0       	ldi	r26, 0x00	; 0
     544:	b0 e0       	ldi	r27, 0x00	; 0
     546:	a8 2a       	or	r10, r24
     548:	b9 2a       	or	r11, r25
     54a:	ca 2a       	or	r12, r26
     54c:	db 2a       	or	r13, r27
     54e:	31 96       	adiw	r30, 0x01	; 1
     550:	e0 32       	cpi	r30, 0x20	; 32
     552:	f1 05       	cpc	r31, r1
     554:	49 f0       	breq	.+18     	; 0x568 <__mulsf3+0x12a>
     556:	66 0c       	add	r6, r6
     558:	77 1c       	adc	r7, r7
     55a:	88 1c       	adc	r8, r8
     55c:	99 1c       	adc	r9, r9
     55e:	56 94       	lsr	r5
     560:	47 94       	ror	r4
     562:	37 94       	ror	r3
     564:	27 94       	ror	r2
     566:	c3 cf       	rjmp	.-122    	; 0x4ee <__mulsf3+0xb0>
     568:	fa 85       	ldd	r31, Y+10	; 0x0a
     56a:	ea 89       	ldd	r30, Y+18	; 0x12
     56c:	2b 89       	ldd	r18, Y+19	; 0x13
     56e:	3c 89       	ldd	r19, Y+20	; 0x14
     570:	8b 85       	ldd	r24, Y+11	; 0x0b
     572:	9c 85       	ldd	r25, Y+12	; 0x0c
     574:	28 0f       	add	r18, r24
     576:	39 1f       	adc	r19, r25
     578:	2e 5f       	subi	r18, 0xFE	; 254
     57a:	3f 4f       	sbci	r19, 0xFF	; 255
     57c:	17 c0       	rjmp	.+46     	; 0x5ac <__mulsf3+0x16e>
     57e:	ca 01       	movw	r24, r20
     580:	81 70       	andi	r24, 0x01	; 1
     582:	90 70       	andi	r25, 0x00	; 0
     584:	89 2b       	or	r24, r25
     586:	61 f0       	breq	.+24     	; 0x5a0 <__mulsf3+0x162>
     588:	16 95       	lsr	r17
     58a:	07 95       	ror	r16
     58c:	f7 94       	ror	r15
     58e:	e7 94       	ror	r14
     590:	80 e0       	ldi	r24, 0x00	; 0
     592:	90 e0       	ldi	r25, 0x00	; 0
     594:	a0 e0       	ldi	r26, 0x00	; 0
     596:	b0 e8       	ldi	r27, 0x80	; 128
     598:	e8 2a       	or	r14, r24
     59a:	f9 2a       	or	r15, r25
     59c:	0a 2b       	or	r16, r26
     59e:	1b 2b       	or	r17, r27
     5a0:	76 95       	lsr	r23
     5a2:	67 95       	ror	r22
     5a4:	57 95       	ror	r21
     5a6:	47 95       	ror	r20
     5a8:	2f 5f       	subi	r18, 0xFF	; 255
     5aa:	3f 4f       	sbci	r19, 0xFF	; 255
     5ac:	77 fd       	sbrc	r23, 7
     5ae:	e7 cf       	rjmp	.-50     	; 0x57e <__mulsf3+0x140>
     5b0:	0c c0       	rjmp	.+24     	; 0x5ca <__mulsf3+0x18c>
     5b2:	44 0f       	add	r20, r20
     5b4:	55 1f       	adc	r21, r21
     5b6:	66 1f       	adc	r22, r22
     5b8:	77 1f       	adc	r23, r23
     5ba:	17 fd       	sbrc	r17, 7
     5bc:	41 60       	ori	r20, 0x01	; 1
     5be:	ee 0c       	add	r14, r14
     5c0:	ff 1c       	adc	r15, r15
     5c2:	00 1f       	adc	r16, r16
     5c4:	11 1f       	adc	r17, r17
     5c6:	21 50       	subi	r18, 0x01	; 1
     5c8:	30 40       	sbci	r19, 0x00	; 0
     5ca:	40 30       	cpi	r20, 0x00	; 0
     5cc:	90 e0       	ldi	r25, 0x00	; 0
     5ce:	59 07       	cpc	r21, r25
     5d0:	90 e0       	ldi	r25, 0x00	; 0
     5d2:	69 07       	cpc	r22, r25
     5d4:	90 e4       	ldi	r25, 0x40	; 64
     5d6:	79 07       	cpc	r23, r25
     5d8:	60 f3       	brcs	.-40     	; 0x5b2 <__mulsf3+0x174>
     5da:	2b 8f       	std	Y+27, r18	; 0x1b
     5dc:	3c 8f       	std	Y+28, r19	; 0x1c
     5de:	db 01       	movw	r26, r22
     5e0:	ca 01       	movw	r24, r20
     5e2:	8f 77       	andi	r24, 0x7F	; 127
     5e4:	90 70       	andi	r25, 0x00	; 0
     5e6:	a0 70       	andi	r26, 0x00	; 0
     5e8:	b0 70       	andi	r27, 0x00	; 0
     5ea:	80 34       	cpi	r24, 0x40	; 64
     5ec:	91 05       	cpc	r25, r1
     5ee:	a1 05       	cpc	r26, r1
     5f0:	b1 05       	cpc	r27, r1
     5f2:	61 f4       	brne	.+24     	; 0x60c <__mulsf3+0x1ce>
     5f4:	47 fd       	sbrc	r20, 7
     5f6:	0a c0       	rjmp	.+20     	; 0x60c <__mulsf3+0x1ce>
     5f8:	e1 14       	cp	r14, r1
     5fa:	f1 04       	cpc	r15, r1
     5fc:	01 05       	cpc	r16, r1
     5fe:	11 05       	cpc	r17, r1
     600:	29 f0       	breq	.+10     	; 0x60c <__mulsf3+0x1ce>
     602:	40 5c       	subi	r20, 0xC0	; 192
     604:	5f 4f       	sbci	r21, 0xFF	; 255
     606:	6f 4f       	sbci	r22, 0xFF	; 255
     608:	7f 4f       	sbci	r23, 0xFF	; 255
     60a:	40 78       	andi	r20, 0x80	; 128
     60c:	1a 8e       	std	Y+26, r1	; 0x1a
     60e:	fe 17       	cp	r31, r30
     610:	11 f0       	breq	.+4      	; 0x616 <__mulsf3+0x1d8>
     612:	81 e0       	ldi	r24, 0x01	; 1
     614:	8a 8f       	std	Y+26, r24	; 0x1a
     616:	4d 8f       	std	Y+29, r20	; 0x1d
     618:	5e 8f       	std	Y+30, r21	; 0x1e
     61a:	6f 8f       	std	Y+31, r22	; 0x1f
     61c:	78 a3       	std	Y+32, r23	; 0x20
     61e:	83 e0       	ldi	r24, 0x03	; 3
     620:	89 8f       	std	Y+25, r24	; 0x19
     622:	ce 01       	movw	r24, r28
     624:	49 96       	adiw	r24, 0x19	; 25
     626:	0e 94 fd 03 	call	0x7fa	; 0x7fa <__pack_f>
     62a:	a0 96       	adiw	r28, 0x20	; 32
     62c:	e2 e1       	ldi	r30, 0x12	; 18
     62e:	0c 94 89 18 	jmp	0x3112	; 0x3112 <__epilogue_restores__>

00000632 <__gtsf2>:
     632:	a8 e1       	ldi	r26, 0x18	; 24
     634:	b0 e0       	ldi	r27, 0x00	; 0
     636:	ef e1       	ldi	r30, 0x1F	; 31
     638:	f3 e0       	ldi	r31, 0x03	; 3
     63a:	0c 94 79 18 	jmp	0x30f2	; 0x30f2 <__prologue_saves__+0x18>
     63e:	69 83       	std	Y+1, r22	; 0x01
     640:	7a 83       	std	Y+2, r23	; 0x02
     642:	8b 83       	std	Y+3, r24	; 0x03
     644:	9c 83       	std	Y+4, r25	; 0x04
     646:	2d 83       	std	Y+5, r18	; 0x05
     648:	3e 83       	std	Y+6, r19	; 0x06
     64a:	4f 83       	std	Y+7, r20	; 0x07
     64c:	58 87       	std	Y+8, r21	; 0x08
     64e:	89 e0       	ldi	r24, 0x09	; 9
     650:	e8 2e       	mov	r14, r24
     652:	f1 2c       	mov	r15, r1
     654:	ec 0e       	add	r14, r28
     656:	fd 1e       	adc	r15, r29
     658:	ce 01       	movw	r24, r28
     65a:	01 96       	adiw	r24, 0x01	; 1
     65c:	b7 01       	movw	r22, r14
     65e:	0e 94 d2 04 	call	0x9a4	; 0x9a4 <__unpack_f>
     662:	8e 01       	movw	r16, r28
     664:	0f 5e       	subi	r16, 0xEF	; 239
     666:	1f 4f       	sbci	r17, 0xFF	; 255
     668:	ce 01       	movw	r24, r28
     66a:	05 96       	adiw	r24, 0x05	; 5
     66c:	b8 01       	movw	r22, r16
     66e:	0e 94 d2 04 	call	0x9a4	; 0x9a4 <__unpack_f>
     672:	89 85       	ldd	r24, Y+9	; 0x09
     674:	82 30       	cpi	r24, 0x02	; 2
     676:	40 f0       	brcs	.+16     	; 0x688 <__gtsf2+0x56>
     678:	89 89       	ldd	r24, Y+17	; 0x11
     67a:	82 30       	cpi	r24, 0x02	; 2
     67c:	28 f0       	brcs	.+10     	; 0x688 <__gtsf2+0x56>
     67e:	c7 01       	movw	r24, r14
     680:	b8 01       	movw	r22, r16
     682:	0e 94 4a 05 	call	0xa94	; 0xa94 <__fpcmp_parts_f>
     686:	01 c0       	rjmp	.+2      	; 0x68a <__gtsf2+0x58>
     688:	8f ef       	ldi	r24, 0xFF	; 255
     68a:	68 96       	adiw	r28, 0x18	; 24
     68c:	e6 e0       	ldi	r30, 0x06	; 6
     68e:	0c 94 95 18 	jmp	0x312a	; 0x312a <__epilogue_restores__+0x18>

00000692 <__gesf2>:
     692:	a8 e1       	ldi	r26, 0x18	; 24
     694:	b0 e0       	ldi	r27, 0x00	; 0
     696:	ef e4       	ldi	r30, 0x4F	; 79
     698:	f3 e0       	ldi	r31, 0x03	; 3
     69a:	0c 94 79 18 	jmp	0x30f2	; 0x30f2 <__prologue_saves__+0x18>
     69e:	69 83       	std	Y+1, r22	; 0x01
     6a0:	7a 83       	std	Y+2, r23	; 0x02
     6a2:	8b 83       	std	Y+3, r24	; 0x03
     6a4:	9c 83       	std	Y+4, r25	; 0x04
     6a6:	2d 83       	std	Y+5, r18	; 0x05
     6a8:	3e 83       	std	Y+6, r19	; 0x06
     6aa:	4f 83       	std	Y+7, r20	; 0x07
     6ac:	58 87       	std	Y+8, r21	; 0x08
     6ae:	89 e0       	ldi	r24, 0x09	; 9
     6b0:	e8 2e       	mov	r14, r24
     6b2:	f1 2c       	mov	r15, r1
     6b4:	ec 0e       	add	r14, r28
     6b6:	fd 1e       	adc	r15, r29
     6b8:	ce 01       	movw	r24, r28
     6ba:	01 96       	adiw	r24, 0x01	; 1
     6bc:	b7 01       	movw	r22, r14
     6be:	0e 94 d2 04 	call	0x9a4	; 0x9a4 <__unpack_f>
     6c2:	8e 01       	movw	r16, r28
     6c4:	0f 5e       	subi	r16, 0xEF	; 239
     6c6:	1f 4f       	sbci	r17, 0xFF	; 255
     6c8:	ce 01       	movw	r24, r28
     6ca:	05 96       	adiw	r24, 0x05	; 5
     6cc:	b8 01       	movw	r22, r16
     6ce:	0e 94 d2 04 	call	0x9a4	; 0x9a4 <__unpack_f>
     6d2:	89 85       	ldd	r24, Y+9	; 0x09
     6d4:	82 30       	cpi	r24, 0x02	; 2
     6d6:	40 f0       	brcs	.+16     	; 0x6e8 <__gesf2+0x56>
     6d8:	89 89       	ldd	r24, Y+17	; 0x11
     6da:	82 30       	cpi	r24, 0x02	; 2
     6dc:	28 f0       	brcs	.+10     	; 0x6e8 <__gesf2+0x56>
     6de:	c7 01       	movw	r24, r14
     6e0:	b8 01       	movw	r22, r16
     6e2:	0e 94 4a 05 	call	0xa94	; 0xa94 <__fpcmp_parts_f>
     6e6:	01 c0       	rjmp	.+2      	; 0x6ea <__gesf2+0x58>
     6e8:	8f ef       	ldi	r24, 0xFF	; 255
     6ea:	68 96       	adiw	r28, 0x18	; 24
     6ec:	e6 e0       	ldi	r30, 0x06	; 6
     6ee:	0c 94 95 18 	jmp	0x312a	; 0x312a <__epilogue_restores__+0x18>

000006f2 <__ltsf2>:
     6f2:	a8 e1       	ldi	r26, 0x18	; 24
     6f4:	b0 e0       	ldi	r27, 0x00	; 0
     6f6:	ef e7       	ldi	r30, 0x7F	; 127
     6f8:	f3 e0       	ldi	r31, 0x03	; 3
     6fa:	0c 94 79 18 	jmp	0x30f2	; 0x30f2 <__prologue_saves__+0x18>
     6fe:	69 83       	std	Y+1, r22	; 0x01
     700:	7a 83       	std	Y+2, r23	; 0x02
     702:	8b 83       	std	Y+3, r24	; 0x03
     704:	9c 83       	std	Y+4, r25	; 0x04
     706:	2d 83       	std	Y+5, r18	; 0x05
     708:	3e 83       	std	Y+6, r19	; 0x06
     70a:	4f 83       	std	Y+7, r20	; 0x07
     70c:	58 87       	std	Y+8, r21	; 0x08
     70e:	89 e0       	ldi	r24, 0x09	; 9
     710:	e8 2e       	mov	r14, r24
     712:	f1 2c       	mov	r15, r1
     714:	ec 0e       	add	r14, r28
     716:	fd 1e       	adc	r15, r29
     718:	ce 01       	movw	r24, r28
     71a:	01 96       	adiw	r24, 0x01	; 1
     71c:	b7 01       	movw	r22, r14
     71e:	0e 94 d2 04 	call	0x9a4	; 0x9a4 <__unpack_f>
     722:	8e 01       	movw	r16, r28
     724:	0f 5e       	subi	r16, 0xEF	; 239
     726:	1f 4f       	sbci	r17, 0xFF	; 255
     728:	ce 01       	movw	r24, r28
     72a:	05 96       	adiw	r24, 0x05	; 5
     72c:	b8 01       	movw	r22, r16
     72e:	0e 94 d2 04 	call	0x9a4	; 0x9a4 <__unpack_f>
     732:	89 85       	ldd	r24, Y+9	; 0x09
     734:	82 30       	cpi	r24, 0x02	; 2
     736:	40 f0       	brcs	.+16     	; 0x748 <__ltsf2+0x56>
     738:	89 89       	ldd	r24, Y+17	; 0x11
     73a:	82 30       	cpi	r24, 0x02	; 2
     73c:	28 f0       	brcs	.+10     	; 0x748 <__ltsf2+0x56>
     73e:	c7 01       	movw	r24, r14
     740:	b8 01       	movw	r22, r16
     742:	0e 94 4a 05 	call	0xa94	; 0xa94 <__fpcmp_parts_f>
     746:	01 c0       	rjmp	.+2      	; 0x74a <__ltsf2+0x58>
     748:	81 e0       	ldi	r24, 0x01	; 1
     74a:	68 96       	adiw	r28, 0x18	; 24
     74c:	e6 e0       	ldi	r30, 0x06	; 6
     74e:	0c 94 95 18 	jmp	0x312a	; 0x312a <__epilogue_restores__+0x18>

00000752 <__fixsfsi>:
     752:	ac e0       	ldi	r26, 0x0C	; 12
     754:	b0 e0       	ldi	r27, 0x00	; 0
     756:	ef ea       	ldi	r30, 0xAF	; 175
     758:	f3 e0       	ldi	r31, 0x03	; 3
     75a:	0c 94 7d 18 	jmp	0x30fa	; 0x30fa <__prologue_saves__+0x20>
     75e:	69 83       	std	Y+1, r22	; 0x01
     760:	7a 83       	std	Y+2, r23	; 0x02
     762:	8b 83       	std	Y+3, r24	; 0x03
     764:	9c 83       	std	Y+4, r25	; 0x04
     766:	ce 01       	movw	r24, r28
     768:	01 96       	adiw	r24, 0x01	; 1
     76a:	be 01       	movw	r22, r28
     76c:	6b 5f       	subi	r22, 0xFB	; 251
     76e:	7f 4f       	sbci	r23, 0xFF	; 255
     770:	0e 94 d2 04 	call	0x9a4	; 0x9a4 <__unpack_f>
     774:	8d 81       	ldd	r24, Y+5	; 0x05
     776:	82 30       	cpi	r24, 0x02	; 2
     778:	61 f1       	breq	.+88     	; 0x7d2 <__fixsfsi+0x80>
     77a:	82 30       	cpi	r24, 0x02	; 2
     77c:	50 f1       	brcs	.+84     	; 0x7d2 <__fixsfsi+0x80>
     77e:	84 30       	cpi	r24, 0x04	; 4
     780:	21 f4       	brne	.+8      	; 0x78a <__fixsfsi+0x38>
     782:	8e 81       	ldd	r24, Y+6	; 0x06
     784:	88 23       	and	r24, r24
     786:	51 f1       	breq	.+84     	; 0x7dc <__fixsfsi+0x8a>
     788:	2e c0       	rjmp	.+92     	; 0x7e6 <__fixsfsi+0x94>
     78a:	2f 81       	ldd	r18, Y+7	; 0x07
     78c:	38 85       	ldd	r19, Y+8	; 0x08
     78e:	37 fd       	sbrc	r19, 7
     790:	20 c0       	rjmp	.+64     	; 0x7d2 <__fixsfsi+0x80>
     792:	6e 81       	ldd	r22, Y+6	; 0x06
     794:	2f 31       	cpi	r18, 0x1F	; 31
     796:	31 05       	cpc	r19, r1
     798:	1c f0       	brlt	.+6      	; 0x7a0 <__fixsfsi+0x4e>
     79a:	66 23       	and	r22, r22
     79c:	f9 f0       	breq	.+62     	; 0x7dc <__fixsfsi+0x8a>
     79e:	23 c0       	rjmp	.+70     	; 0x7e6 <__fixsfsi+0x94>
     7a0:	8e e1       	ldi	r24, 0x1E	; 30
     7a2:	90 e0       	ldi	r25, 0x00	; 0
     7a4:	82 1b       	sub	r24, r18
     7a6:	93 0b       	sbc	r25, r19
     7a8:	29 85       	ldd	r18, Y+9	; 0x09
     7aa:	3a 85       	ldd	r19, Y+10	; 0x0a
     7ac:	4b 85       	ldd	r20, Y+11	; 0x0b
     7ae:	5c 85       	ldd	r21, Y+12	; 0x0c
     7b0:	04 c0       	rjmp	.+8      	; 0x7ba <__fixsfsi+0x68>
     7b2:	56 95       	lsr	r21
     7b4:	47 95       	ror	r20
     7b6:	37 95       	ror	r19
     7b8:	27 95       	ror	r18
     7ba:	8a 95       	dec	r24
     7bc:	d2 f7       	brpl	.-12     	; 0x7b2 <__fixsfsi+0x60>
     7be:	66 23       	and	r22, r22
     7c0:	b1 f0       	breq	.+44     	; 0x7ee <__fixsfsi+0x9c>
     7c2:	50 95       	com	r21
     7c4:	40 95       	com	r20
     7c6:	30 95       	com	r19
     7c8:	21 95       	neg	r18
     7ca:	3f 4f       	sbci	r19, 0xFF	; 255
     7cc:	4f 4f       	sbci	r20, 0xFF	; 255
     7ce:	5f 4f       	sbci	r21, 0xFF	; 255
     7d0:	0e c0       	rjmp	.+28     	; 0x7ee <__fixsfsi+0x9c>
     7d2:	20 e0       	ldi	r18, 0x00	; 0
     7d4:	30 e0       	ldi	r19, 0x00	; 0
     7d6:	40 e0       	ldi	r20, 0x00	; 0
     7d8:	50 e0       	ldi	r21, 0x00	; 0
     7da:	09 c0       	rjmp	.+18     	; 0x7ee <__fixsfsi+0x9c>
     7dc:	2f ef       	ldi	r18, 0xFF	; 255
     7de:	3f ef       	ldi	r19, 0xFF	; 255
     7e0:	4f ef       	ldi	r20, 0xFF	; 255
     7e2:	5f e7       	ldi	r21, 0x7F	; 127
     7e4:	04 c0       	rjmp	.+8      	; 0x7ee <__fixsfsi+0x9c>
     7e6:	20 e0       	ldi	r18, 0x00	; 0
     7e8:	30 e0       	ldi	r19, 0x00	; 0
     7ea:	40 e0       	ldi	r20, 0x00	; 0
     7ec:	50 e8       	ldi	r21, 0x80	; 128
     7ee:	b9 01       	movw	r22, r18
     7f0:	ca 01       	movw	r24, r20
     7f2:	2c 96       	adiw	r28, 0x0c	; 12
     7f4:	e2 e0       	ldi	r30, 0x02	; 2
     7f6:	0c 94 99 18 	jmp	0x3132	; 0x3132 <__epilogue_restores__+0x20>

000007fa <__pack_f>:
     7fa:	df 92       	push	r13
     7fc:	ef 92       	push	r14
     7fe:	ff 92       	push	r15
     800:	0f 93       	push	r16
     802:	1f 93       	push	r17
     804:	fc 01       	movw	r30, r24
     806:	e4 80       	ldd	r14, Z+4	; 0x04
     808:	f5 80       	ldd	r15, Z+5	; 0x05
     80a:	06 81       	ldd	r16, Z+6	; 0x06
     80c:	17 81       	ldd	r17, Z+7	; 0x07
     80e:	d1 80       	ldd	r13, Z+1	; 0x01
     810:	80 81       	ld	r24, Z
     812:	82 30       	cpi	r24, 0x02	; 2
     814:	48 f4       	brcc	.+18     	; 0x828 <__pack_f+0x2e>
     816:	80 e0       	ldi	r24, 0x00	; 0
     818:	90 e0       	ldi	r25, 0x00	; 0
     81a:	a0 e1       	ldi	r26, 0x10	; 16
     81c:	b0 e0       	ldi	r27, 0x00	; 0
     81e:	e8 2a       	or	r14, r24
     820:	f9 2a       	or	r15, r25
     822:	0a 2b       	or	r16, r26
     824:	1b 2b       	or	r17, r27
     826:	a5 c0       	rjmp	.+330    	; 0x972 <__stack+0x113>
     828:	84 30       	cpi	r24, 0x04	; 4
     82a:	09 f4       	brne	.+2      	; 0x82e <__pack_f+0x34>
     82c:	9f c0       	rjmp	.+318    	; 0x96c <__stack+0x10d>
     82e:	82 30       	cpi	r24, 0x02	; 2
     830:	21 f4       	brne	.+8      	; 0x83a <__pack_f+0x40>
     832:	ee 24       	eor	r14, r14
     834:	ff 24       	eor	r15, r15
     836:	87 01       	movw	r16, r14
     838:	05 c0       	rjmp	.+10     	; 0x844 <__pack_f+0x4a>
     83a:	e1 14       	cp	r14, r1
     83c:	f1 04       	cpc	r15, r1
     83e:	01 05       	cpc	r16, r1
     840:	11 05       	cpc	r17, r1
     842:	19 f4       	brne	.+6      	; 0x84a <__pack_f+0x50>
     844:	e0 e0       	ldi	r30, 0x00	; 0
     846:	f0 e0       	ldi	r31, 0x00	; 0
     848:	96 c0       	rjmp	.+300    	; 0x976 <__stack+0x117>
     84a:	62 81       	ldd	r22, Z+2	; 0x02
     84c:	73 81       	ldd	r23, Z+3	; 0x03
     84e:	9f ef       	ldi	r25, 0xFF	; 255
     850:	62 38       	cpi	r22, 0x82	; 130
     852:	79 07       	cpc	r23, r25
     854:	0c f0       	brlt	.+2      	; 0x858 <__pack_f+0x5e>
     856:	5b c0       	rjmp	.+182    	; 0x90e <__stack+0xaf>
     858:	22 e8       	ldi	r18, 0x82	; 130
     85a:	3f ef       	ldi	r19, 0xFF	; 255
     85c:	26 1b       	sub	r18, r22
     85e:	37 0b       	sbc	r19, r23
     860:	2a 31       	cpi	r18, 0x1A	; 26
     862:	31 05       	cpc	r19, r1
     864:	2c f0       	brlt	.+10     	; 0x870 <__stack+0x11>
     866:	20 e0       	ldi	r18, 0x00	; 0
     868:	30 e0       	ldi	r19, 0x00	; 0
     86a:	40 e0       	ldi	r20, 0x00	; 0
     86c:	50 e0       	ldi	r21, 0x00	; 0
     86e:	2a c0       	rjmp	.+84     	; 0x8c4 <__stack+0x65>
     870:	b8 01       	movw	r22, r16
     872:	a7 01       	movw	r20, r14
     874:	02 2e       	mov	r0, r18
     876:	04 c0       	rjmp	.+8      	; 0x880 <__stack+0x21>
     878:	76 95       	lsr	r23
     87a:	67 95       	ror	r22
     87c:	57 95       	ror	r21
     87e:	47 95       	ror	r20
     880:	0a 94       	dec	r0
     882:	d2 f7       	brpl	.-12     	; 0x878 <__stack+0x19>
     884:	81 e0       	ldi	r24, 0x01	; 1
     886:	90 e0       	ldi	r25, 0x00	; 0
     888:	a0 e0       	ldi	r26, 0x00	; 0
     88a:	b0 e0       	ldi	r27, 0x00	; 0
     88c:	04 c0       	rjmp	.+8      	; 0x896 <__stack+0x37>
     88e:	88 0f       	add	r24, r24
     890:	99 1f       	adc	r25, r25
     892:	aa 1f       	adc	r26, r26
     894:	bb 1f       	adc	r27, r27
     896:	2a 95       	dec	r18
     898:	d2 f7       	brpl	.-12     	; 0x88e <__stack+0x2f>
     89a:	01 97       	sbiw	r24, 0x01	; 1
     89c:	a1 09       	sbc	r26, r1
     89e:	b1 09       	sbc	r27, r1
     8a0:	8e 21       	and	r24, r14
     8a2:	9f 21       	and	r25, r15
     8a4:	a0 23       	and	r26, r16
     8a6:	b1 23       	and	r27, r17
     8a8:	00 97       	sbiw	r24, 0x00	; 0
     8aa:	a1 05       	cpc	r26, r1
     8ac:	b1 05       	cpc	r27, r1
     8ae:	21 f0       	breq	.+8      	; 0x8b8 <__stack+0x59>
     8b0:	81 e0       	ldi	r24, 0x01	; 1
     8b2:	90 e0       	ldi	r25, 0x00	; 0
     8b4:	a0 e0       	ldi	r26, 0x00	; 0
     8b6:	b0 e0       	ldi	r27, 0x00	; 0
     8b8:	9a 01       	movw	r18, r20
     8ba:	ab 01       	movw	r20, r22
     8bc:	28 2b       	or	r18, r24
     8be:	39 2b       	or	r19, r25
     8c0:	4a 2b       	or	r20, r26
     8c2:	5b 2b       	or	r21, r27
     8c4:	da 01       	movw	r26, r20
     8c6:	c9 01       	movw	r24, r18
     8c8:	8f 77       	andi	r24, 0x7F	; 127
     8ca:	90 70       	andi	r25, 0x00	; 0
     8cc:	a0 70       	andi	r26, 0x00	; 0
     8ce:	b0 70       	andi	r27, 0x00	; 0
     8d0:	80 34       	cpi	r24, 0x40	; 64
     8d2:	91 05       	cpc	r25, r1
     8d4:	a1 05       	cpc	r26, r1
     8d6:	b1 05       	cpc	r27, r1
     8d8:	39 f4       	brne	.+14     	; 0x8e8 <__stack+0x89>
     8da:	27 ff       	sbrs	r18, 7
     8dc:	09 c0       	rjmp	.+18     	; 0x8f0 <__stack+0x91>
     8de:	20 5c       	subi	r18, 0xC0	; 192
     8e0:	3f 4f       	sbci	r19, 0xFF	; 255
     8e2:	4f 4f       	sbci	r20, 0xFF	; 255
     8e4:	5f 4f       	sbci	r21, 0xFF	; 255
     8e6:	04 c0       	rjmp	.+8      	; 0x8f0 <__stack+0x91>
     8e8:	21 5c       	subi	r18, 0xC1	; 193
     8ea:	3f 4f       	sbci	r19, 0xFF	; 255
     8ec:	4f 4f       	sbci	r20, 0xFF	; 255
     8ee:	5f 4f       	sbci	r21, 0xFF	; 255
     8f0:	e0 e0       	ldi	r30, 0x00	; 0
     8f2:	f0 e0       	ldi	r31, 0x00	; 0
     8f4:	20 30       	cpi	r18, 0x00	; 0
     8f6:	a0 e0       	ldi	r26, 0x00	; 0
     8f8:	3a 07       	cpc	r19, r26
     8fa:	a0 e0       	ldi	r26, 0x00	; 0
     8fc:	4a 07       	cpc	r20, r26
     8fe:	a0 e4       	ldi	r26, 0x40	; 64
     900:	5a 07       	cpc	r21, r26
     902:	10 f0       	brcs	.+4      	; 0x908 <__stack+0xa9>
     904:	e1 e0       	ldi	r30, 0x01	; 1
     906:	f0 e0       	ldi	r31, 0x00	; 0
     908:	79 01       	movw	r14, r18
     90a:	8a 01       	movw	r16, r20
     90c:	27 c0       	rjmp	.+78     	; 0x95c <__stack+0xfd>
     90e:	60 38       	cpi	r22, 0x80	; 128
     910:	71 05       	cpc	r23, r1
     912:	64 f5       	brge	.+88     	; 0x96c <__stack+0x10d>
     914:	fb 01       	movw	r30, r22
     916:	e1 58       	subi	r30, 0x81	; 129
     918:	ff 4f       	sbci	r31, 0xFF	; 255
     91a:	d8 01       	movw	r26, r16
     91c:	c7 01       	movw	r24, r14
     91e:	8f 77       	andi	r24, 0x7F	; 127
     920:	90 70       	andi	r25, 0x00	; 0
     922:	a0 70       	andi	r26, 0x00	; 0
     924:	b0 70       	andi	r27, 0x00	; 0
     926:	80 34       	cpi	r24, 0x40	; 64
     928:	91 05       	cpc	r25, r1
     92a:	a1 05       	cpc	r26, r1
     92c:	b1 05       	cpc	r27, r1
     92e:	39 f4       	brne	.+14     	; 0x93e <__stack+0xdf>
     930:	e7 fe       	sbrs	r14, 7
     932:	0d c0       	rjmp	.+26     	; 0x94e <__stack+0xef>
     934:	80 e4       	ldi	r24, 0x40	; 64
     936:	90 e0       	ldi	r25, 0x00	; 0
     938:	a0 e0       	ldi	r26, 0x00	; 0
     93a:	b0 e0       	ldi	r27, 0x00	; 0
     93c:	04 c0       	rjmp	.+8      	; 0x946 <__stack+0xe7>
     93e:	8f e3       	ldi	r24, 0x3F	; 63
     940:	90 e0       	ldi	r25, 0x00	; 0
     942:	a0 e0       	ldi	r26, 0x00	; 0
     944:	b0 e0       	ldi	r27, 0x00	; 0
     946:	e8 0e       	add	r14, r24
     948:	f9 1e       	adc	r15, r25
     94a:	0a 1f       	adc	r16, r26
     94c:	1b 1f       	adc	r17, r27
     94e:	17 ff       	sbrs	r17, 7
     950:	05 c0       	rjmp	.+10     	; 0x95c <__stack+0xfd>
     952:	16 95       	lsr	r17
     954:	07 95       	ror	r16
     956:	f7 94       	ror	r15
     958:	e7 94       	ror	r14
     95a:	31 96       	adiw	r30, 0x01	; 1
     95c:	87 e0       	ldi	r24, 0x07	; 7
     95e:	16 95       	lsr	r17
     960:	07 95       	ror	r16
     962:	f7 94       	ror	r15
     964:	e7 94       	ror	r14
     966:	8a 95       	dec	r24
     968:	d1 f7       	brne	.-12     	; 0x95e <__stack+0xff>
     96a:	05 c0       	rjmp	.+10     	; 0x976 <__stack+0x117>
     96c:	ee 24       	eor	r14, r14
     96e:	ff 24       	eor	r15, r15
     970:	87 01       	movw	r16, r14
     972:	ef ef       	ldi	r30, 0xFF	; 255
     974:	f0 e0       	ldi	r31, 0x00	; 0
     976:	6e 2f       	mov	r22, r30
     978:	67 95       	ror	r22
     97a:	66 27       	eor	r22, r22
     97c:	67 95       	ror	r22
     97e:	90 2f       	mov	r25, r16
     980:	9f 77       	andi	r25, 0x7F	; 127
     982:	d7 94       	ror	r13
     984:	dd 24       	eor	r13, r13
     986:	d7 94       	ror	r13
     988:	8e 2f       	mov	r24, r30
     98a:	86 95       	lsr	r24
     98c:	49 2f       	mov	r20, r25
     98e:	46 2b       	or	r20, r22
     990:	58 2f       	mov	r21, r24
     992:	5d 29       	or	r21, r13
     994:	b7 01       	movw	r22, r14
     996:	ca 01       	movw	r24, r20
     998:	1f 91       	pop	r17
     99a:	0f 91       	pop	r16
     99c:	ff 90       	pop	r15
     99e:	ef 90       	pop	r14
     9a0:	df 90       	pop	r13
     9a2:	08 95       	ret

000009a4 <__unpack_f>:
     9a4:	fc 01       	movw	r30, r24
     9a6:	db 01       	movw	r26, r22
     9a8:	40 81       	ld	r20, Z
     9aa:	51 81       	ldd	r21, Z+1	; 0x01
     9ac:	22 81       	ldd	r18, Z+2	; 0x02
     9ae:	62 2f       	mov	r22, r18
     9b0:	6f 77       	andi	r22, 0x7F	; 127
     9b2:	70 e0       	ldi	r23, 0x00	; 0
     9b4:	22 1f       	adc	r18, r18
     9b6:	22 27       	eor	r18, r18
     9b8:	22 1f       	adc	r18, r18
     9ba:	93 81       	ldd	r25, Z+3	; 0x03
     9bc:	89 2f       	mov	r24, r25
     9be:	88 0f       	add	r24, r24
     9c0:	82 2b       	or	r24, r18
     9c2:	28 2f       	mov	r18, r24
     9c4:	30 e0       	ldi	r19, 0x00	; 0
     9c6:	99 1f       	adc	r25, r25
     9c8:	99 27       	eor	r25, r25
     9ca:	99 1f       	adc	r25, r25
     9cc:	11 96       	adiw	r26, 0x01	; 1
     9ce:	9c 93       	st	X, r25
     9d0:	11 97       	sbiw	r26, 0x01	; 1
     9d2:	21 15       	cp	r18, r1
     9d4:	31 05       	cpc	r19, r1
     9d6:	a9 f5       	brne	.+106    	; 0xa42 <__unpack_f+0x9e>
     9d8:	41 15       	cp	r20, r1
     9da:	51 05       	cpc	r21, r1
     9dc:	61 05       	cpc	r22, r1
     9de:	71 05       	cpc	r23, r1
     9e0:	11 f4       	brne	.+4      	; 0x9e6 <__unpack_f+0x42>
     9e2:	82 e0       	ldi	r24, 0x02	; 2
     9e4:	37 c0       	rjmp	.+110    	; 0xa54 <__unpack_f+0xb0>
     9e6:	82 e8       	ldi	r24, 0x82	; 130
     9e8:	9f ef       	ldi	r25, 0xFF	; 255
     9ea:	13 96       	adiw	r26, 0x03	; 3
     9ec:	9c 93       	st	X, r25
     9ee:	8e 93       	st	-X, r24
     9f0:	12 97       	sbiw	r26, 0x02	; 2
     9f2:	9a 01       	movw	r18, r20
     9f4:	ab 01       	movw	r20, r22
     9f6:	67 e0       	ldi	r22, 0x07	; 7
     9f8:	22 0f       	add	r18, r18
     9fa:	33 1f       	adc	r19, r19
     9fc:	44 1f       	adc	r20, r20
     9fe:	55 1f       	adc	r21, r21
     a00:	6a 95       	dec	r22
     a02:	d1 f7       	brne	.-12     	; 0x9f8 <__unpack_f+0x54>
     a04:	83 e0       	ldi	r24, 0x03	; 3
     a06:	8c 93       	st	X, r24
     a08:	0d c0       	rjmp	.+26     	; 0xa24 <__unpack_f+0x80>
     a0a:	22 0f       	add	r18, r18
     a0c:	33 1f       	adc	r19, r19
     a0e:	44 1f       	adc	r20, r20
     a10:	55 1f       	adc	r21, r21
     a12:	12 96       	adiw	r26, 0x02	; 2
     a14:	8d 91       	ld	r24, X+
     a16:	9c 91       	ld	r25, X
     a18:	13 97       	sbiw	r26, 0x03	; 3
     a1a:	01 97       	sbiw	r24, 0x01	; 1
     a1c:	13 96       	adiw	r26, 0x03	; 3
     a1e:	9c 93       	st	X, r25
     a20:	8e 93       	st	-X, r24
     a22:	12 97       	sbiw	r26, 0x02	; 2
     a24:	20 30       	cpi	r18, 0x00	; 0
     a26:	80 e0       	ldi	r24, 0x00	; 0
     a28:	38 07       	cpc	r19, r24
     a2a:	80 e0       	ldi	r24, 0x00	; 0
     a2c:	48 07       	cpc	r20, r24
     a2e:	80 e4       	ldi	r24, 0x40	; 64
     a30:	58 07       	cpc	r21, r24
     a32:	58 f3       	brcs	.-42     	; 0xa0a <__unpack_f+0x66>
     a34:	14 96       	adiw	r26, 0x04	; 4
     a36:	2d 93       	st	X+, r18
     a38:	3d 93       	st	X+, r19
     a3a:	4d 93       	st	X+, r20
     a3c:	5c 93       	st	X, r21
     a3e:	17 97       	sbiw	r26, 0x07	; 7
     a40:	08 95       	ret
     a42:	2f 3f       	cpi	r18, 0xFF	; 255
     a44:	31 05       	cpc	r19, r1
     a46:	79 f4       	brne	.+30     	; 0xa66 <__unpack_f+0xc2>
     a48:	41 15       	cp	r20, r1
     a4a:	51 05       	cpc	r21, r1
     a4c:	61 05       	cpc	r22, r1
     a4e:	71 05       	cpc	r23, r1
     a50:	19 f4       	brne	.+6      	; 0xa58 <__unpack_f+0xb4>
     a52:	84 e0       	ldi	r24, 0x04	; 4
     a54:	8c 93       	st	X, r24
     a56:	08 95       	ret
     a58:	64 ff       	sbrs	r22, 4
     a5a:	03 c0       	rjmp	.+6      	; 0xa62 <__unpack_f+0xbe>
     a5c:	81 e0       	ldi	r24, 0x01	; 1
     a5e:	8c 93       	st	X, r24
     a60:	12 c0       	rjmp	.+36     	; 0xa86 <__unpack_f+0xe2>
     a62:	1c 92       	st	X, r1
     a64:	10 c0       	rjmp	.+32     	; 0xa86 <__unpack_f+0xe2>
     a66:	2f 57       	subi	r18, 0x7F	; 127
     a68:	30 40       	sbci	r19, 0x00	; 0
     a6a:	13 96       	adiw	r26, 0x03	; 3
     a6c:	3c 93       	st	X, r19
     a6e:	2e 93       	st	-X, r18
     a70:	12 97       	sbiw	r26, 0x02	; 2
     a72:	83 e0       	ldi	r24, 0x03	; 3
     a74:	8c 93       	st	X, r24
     a76:	87 e0       	ldi	r24, 0x07	; 7
     a78:	44 0f       	add	r20, r20
     a7a:	55 1f       	adc	r21, r21
     a7c:	66 1f       	adc	r22, r22
     a7e:	77 1f       	adc	r23, r23
     a80:	8a 95       	dec	r24
     a82:	d1 f7       	brne	.-12     	; 0xa78 <__unpack_f+0xd4>
     a84:	70 64       	ori	r23, 0x40	; 64
     a86:	14 96       	adiw	r26, 0x04	; 4
     a88:	4d 93       	st	X+, r20
     a8a:	5d 93       	st	X+, r21
     a8c:	6d 93       	st	X+, r22
     a8e:	7c 93       	st	X, r23
     a90:	17 97       	sbiw	r26, 0x07	; 7
     a92:	08 95       	ret

00000a94 <__fpcmp_parts_f>:
     a94:	1f 93       	push	r17
     a96:	dc 01       	movw	r26, r24
     a98:	fb 01       	movw	r30, r22
     a9a:	9c 91       	ld	r25, X
     a9c:	92 30       	cpi	r25, 0x02	; 2
     a9e:	08 f4       	brcc	.+2      	; 0xaa2 <__fpcmp_parts_f+0xe>
     aa0:	47 c0       	rjmp	.+142    	; 0xb30 <__fpcmp_parts_f+0x9c>
     aa2:	80 81       	ld	r24, Z
     aa4:	82 30       	cpi	r24, 0x02	; 2
     aa6:	08 f4       	brcc	.+2      	; 0xaaa <__fpcmp_parts_f+0x16>
     aa8:	43 c0       	rjmp	.+134    	; 0xb30 <__fpcmp_parts_f+0x9c>
     aaa:	94 30       	cpi	r25, 0x04	; 4
     aac:	51 f4       	brne	.+20     	; 0xac2 <__fpcmp_parts_f+0x2e>
     aae:	11 96       	adiw	r26, 0x01	; 1
     ab0:	1c 91       	ld	r17, X
     ab2:	84 30       	cpi	r24, 0x04	; 4
     ab4:	99 f5       	brne	.+102    	; 0xb1c <__fpcmp_parts_f+0x88>
     ab6:	81 81       	ldd	r24, Z+1	; 0x01
     ab8:	68 2f       	mov	r22, r24
     aba:	70 e0       	ldi	r23, 0x00	; 0
     abc:	61 1b       	sub	r22, r17
     abe:	71 09       	sbc	r23, r1
     ac0:	3f c0       	rjmp	.+126    	; 0xb40 <__fpcmp_parts_f+0xac>
     ac2:	84 30       	cpi	r24, 0x04	; 4
     ac4:	21 f0       	breq	.+8      	; 0xace <__fpcmp_parts_f+0x3a>
     ac6:	92 30       	cpi	r25, 0x02	; 2
     ac8:	31 f4       	brne	.+12     	; 0xad6 <__fpcmp_parts_f+0x42>
     aca:	82 30       	cpi	r24, 0x02	; 2
     acc:	b9 f1       	breq	.+110    	; 0xb3c <__fpcmp_parts_f+0xa8>
     ace:	81 81       	ldd	r24, Z+1	; 0x01
     ad0:	88 23       	and	r24, r24
     ad2:	89 f1       	breq	.+98     	; 0xb36 <__fpcmp_parts_f+0xa2>
     ad4:	2d c0       	rjmp	.+90     	; 0xb30 <__fpcmp_parts_f+0x9c>
     ad6:	11 96       	adiw	r26, 0x01	; 1
     ad8:	1c 91       	ld	r17, X
     ada:	11 97       	sbiw	r26, 0x01	; 1
     adc:	82 30       	cpi	r24, 0x02	; 2
     ade:	f1 f0       	breq	.+60     	; 0xb1c <__fpcmp_parts_f+0x88>
     ae0:	81 81       	ldd	r24, Z+1	; 0x01
     ae2:	18 17       	cp	r17, r24
     ae4:	d9 f4       	brne	.+54     	; 0xb1c <__fpcmp_parts_f+0x88>
     ae6:	12 96       	adiw	r26, 0x02	; 2
     ae8:	2d 91       	ld	r18, X+
     aea:	3c 91       	ld	r19, X
     aec:	13 97       	sbiw	r26, 0x03	; 3
     aee:	82 81       	ldd	r24, Z+2	; 0x02
     af0:	93 81       	ldd	r25, Z+3	; 0x03
     af2:	82 17       	cp	r24, r18
     af4:	93 07       	cpc	r25, r19
     af6:	94 f0       	brlt	.+36     	; 0xb1c <__fpcmp_parts_f+0x88>
     af8:	28 17       	cp	r18, r24
     afa:	39 07       	cpc	r19, r25
     afc:	bc f0       	brlt	.+46     	; 0xb2c <__fpcmp_parts_f+0x98>
     afe:	14 96       	adiw	r26, 0x04	; 4
     b00:	8d 91       	ld	r24, X+
     b02:	9d 91       	ld	r25, X+
     b04:	0d 90       	ld	r0, X+
     b06:	bc 91       	ld	r27, X
     b08:	a0 2d       	mov	r26, r0
     b0a:	24 81       	ldd	r18, Z+4	; 0x04
     b0c:	35 81       	ldd	r19, Z+5	; 0x05
     b0e:	46 81       	ldd	r20, Z+6	; 0x06
     b10:	57 81       	ldd	r21, Z+7	; 0x07
     b12:	28 17       	cp	r18, r24
     b14:	39 07       	cpc	r19, r25
     b16:	4a 07       	cpc	r20, r26
     b18:	5b 07       	cpc	r21, r27
     b1a:	18 f4       	brcc	.+6      	; 0xb22 <__fpcmp_parts_f+0x8e>
     b1c:	11 23       	and	r17, r17
     b1e:	41 f0       	breq	.+16     	; 0xb30 <__fpcmp_parts_f+0x9c>
     b20:	0a c0       	rjmp	.+20     	; 0xb36 <__fpcmp_parts_f+0xa2>
     b22:	82 17       	cp	r24, r18
     b24:	93 07       	cpc	r25, r19
     b26:	a4 07       	cpc	r26, r20
     b28:	b5 07       	cpc	r27, r21
     b2a:	40 f4       	brcc	.+16     	; 0xb3c <__fpcmp_parts_f+0xa8>
     b2c:	11 23       	and	r17, r17
     b2e:	19 f0       	breq	.+6      	; 0xb36 <__fpcmp_parts_f+0xa2>
     b30:	61 e0       	ldi	r22, 0x01	; 1
     b32:	70 e0       	ldi	r23, 0x00	; 0
     b34:	05 c0       	rjmp	.+10     	; 0xb40 <__fpcmp_parts_f+0xac>
     b36:	6f ef       	ldi	r22, 0xFF	; 255
     b38:	7f ef       	ldi	r23, 0xFF	; 255
     b3a:	02 c0       	rjmp	.+4      	; 0xb40 <__fpcmp_parts_f+0xac>
     b3c:	60 e0       	ldi	r22, 0x00	; 0
     b3e:	70 e0       	ldi	r23, 0x00	; 0
     b40:	cb 01       	movw	r24, r22
     b42:	1f 91       	pop	r17
     b44:	08 95       	ret

00000b46 <SevenSegment_Init>:
#include "../INCLUDE/MCAL/DIO/DIO_INTERFACE.h"
#include "../INCLUDE/HAL/7_SEGMENT/7_SEGMENT_INTERFACE.h"
#include "../INCLUDE/HAL/7_SEGMENT/7_SEGMENT_PRIVATE.h"
#include "../INCLUDE/HAL/7_SEGMENT/7_SEGMENT_CFG.h"

void SevenSegment_Init(void) {
     b46:	df 93       	push	r29
     b48:	cf 93       	push	r28
     b4a:	cd b7       	in	r28, 0x3d	; 61
     b4c:	de b7       	in	r29, 0x3e	; 62

    MDIO_voidSetPortDirection(SEVEN_SEGMENT_PORT, 0xFF);
     b4e:	81 e0       	ldi	r24, 0x01	; 1
     b50:	6f ef       	ldi	r22, 0xFF	; 255
     b52:	0e 94 92 09 	call	0x1324	; 0x1324 <MDIO_voidSetPortDirection>
}
     b56:	cf 91       	pop	r28
     b58:	df 91       	pop	r29
     b5a:	08 95       	ret

00000b5c <SevenSegment_DisplayNumber>:

void SevenSegment_DisplayNumber(u8 NumberOfScore) {
     b5c:	df 93       	push	r29
     b5e:	cf 93       	push	r28
     b60:	00 d0       	rcall	.+0      	; 0xb62 <SevenSegment_DisplayNumber+0x6>
     b62:	00 d0       	rcall	.+0      	; 0xb64 <SevenSegment_DisplayNumber+0x8>
     b64:	cd b7       	in	r28, 0x3d	; 61
     b66:	de b7       	in	r29, 0x3e	; 62
     b68:	8c 83       	std	Y+4, r24	; 0x04
    if (NumberOfScore <= 99) {
     b6a:	8c 81       	ldd	r24, Y+4	; 0x04
     b6c:	84 36       	cpi	r24, 0x64	; 100
     b6e:	f0 f4       	brcc	.+60     	; 0xbac <SevenSegment_DisplayNumber+0x50>
        u8 Units = NumberOfScore % 10;
     b70:	8c 81       	ldd	r24, Y+4	; 0x04
     b72:	9a e0       	ldi	r25, 0x0A	; 10
     b74:	69 2f       	mov	r22, r25
     b76:	0e 94 18 18 	call	0x3030	; 0x3030 <__udivmodqi4>
     b7a:	89 2f       	mov	r24, r25
     b7c:	8b 83       	std	Y+3, r24	; 0x03
        u8 Tens  = NumberOfScore / 10;
     b7e:	8c 81       	ldd	r24, Y+4	; 0x04
     b80:	9a e0       	ldi	r25, 0x0A	; 10
     b82:	69 2f       	mov	r22, r25
     b84:	0e 94 18 18 	call	0x3030	; 0x3030 <__udivmodqi4>
     b88:	8a 83       	std	Y+2, r24	; 0x02

        u8 Score_Count = (Tens << 4) | Units;
     b8a:	8a 81       	ldd	r24, Y+2	; 0x02
     b8c:	88 2f       	mov	r24, r24
     b8e:	90 e0       	ldi	r25, 0x00	; 0
     b90:	82 95       	swap	r24
     b92:	92 95       	swap	r25
     b94:	90 7f       	andi	r25, 0xF0	; 240
     b96:	98 27       	eor	r25, r24
     b98:	80 7f       	andi	r24, 0xF0	; 240
     b9a:	98 27       	eor	r25, r24
     b9c:	98 2f       	mov	r25, r24
     b9e:	8b 81       	ldd	r24, Y+3	; 0x03
     ba0:	89 2b       	or	r24, r25
     ba2:	89 83       	std	Y+1, r24	; 0x01

        MDIO_voidSetPortValue(SEVEN_SEGMENT_PORT, Score_Count);
     ba4:	81 e0       	ldi	r24, 0x01	; 1
     ba6:	69 81       	ldd	r22, Y+1	; 0x01
     ba8:	0e 94 4e 09 	call	0x129c	; 0x129c <MDIO_voidSetPortValue>
    }
}
     bac:	0f 90       	pop	r0
     bae:	0f 90       	pop	r0
     bb0:	0f 90       	pop	r0
     bb2:	0f 90       	pop	r0
     bb4:	cf 91       	pop	r28
     bb6:	df 91       	pop	r29
     bb8:	08 95       	ret

00000bba <MDIO_voidInit>:
#include "../INCLUDE/MCAL/DIO/DIO_INTERFACE.h"
#include "../INCLUDE/MCAL/DIO/DIO_PRIVATE.h"
#include "../INCLUDE/MCAL/DIO/DIO_CFG.h"

void MDIO_voidInit()
{
     bba:	df 93       	push	r29
     bbc:	cf 93       	push	r28
     bbe:	cd b7       	in	r28, 0x3d	; 61
     bc0:	de b7       	in	r29, 0x3e	; 62
	DDRA_REG= CONC_BIT(PORTA_PIN7_DIRECTION,
     bc2:	ea e3       	ldi	r30, 0x3A	; 58
     bc4:	f0 e0       	ldi	r31, 0x00	; 0
     bc6:	8f ef       	ldi	r24, 0xFF	; 255
     bc8:	80 83       	st	Z, r24
			PORTA_PIN3_DIRECTION,
			PORTA_PIN2_DIRECTION,
			PORTA_PIN1_DIRECTION,
			PORTA_PIN0_DIRECTION);

	DDRB_REG= CONC_BIT(PORTB_PIN7_DIRECTION,
     bca:	e7 e3       	ldi	r30, 0x37	; 55
     bcc:	f0 e0       	ldi	r31, 0x00	; 0
     bce:	8f ef       	ldi	r24, 0xFF	; 255
     bd0:	80 83       	st	Z, r24
				PORTB_PIN3_DIRECTION,
				PORTB_PIN2_DIRECTION,
				PORTB_PIN1_DIRECTION,
				PORTB_PIN0_DIRECTION);

	DDRC_REG= CONC_BIT(PORTC_PIN7_DIRECTION,
     bd2:	e4 e3       	ldi	r30, 0x34	; 52
     bd4:	f0 e0       	ldi	r31, 0x00	; 0
     bd6:	8f ef       	ldi	r24, 0xFF	; 255
     bd8:	80 83       	st	Z, r24
				PORTC_PIN3_DIRECTION,
				PORTC_PIN2_DIRECTION,
				PORTC_PIN1_DIRECTION,
				PORTC_PIN0_DIRECTION);

	DDRD_REG= CONC_BIT(PORTD_PIN7_DIRECTION,
     bda:	e1 e3       	ldi	r30, 0x31	; 49
     bdc:	f0 e0       	ldi	r31, 0x00	; 0
     bde:	8f ef       	ldi	r24, 0xFF	; 255
     be0:	80 83       	st	Z, r24
				PORTD_PIN3_DIRECTION,
				PORTD_PIN2_DIRECTION,
				PORTD_PIN1_DIRECTION,
				PORTD_PIN0_DIRECTION);

	PORTA_REG= CONC_BIT(PORTA_PIN7_VALUE,
     be2:	eb e3       	ldi	r30, 0x3B	; 59
     be4:	f0 e0       	ldi	r31, 0x00	; 0
     be6:	10 82       	st	Z, r1
				PORTA_PIN3_VALUE,
				PORTA_PIN2_VALUE,
				PORTA_PIN1_VALUE,
				PORTA_PIN0_VALUE);

	PORTB_REG= CONC_BIT(PORTB_PIN7_VALUE,
     be8:	e8 e3       	ldi	r30, 0x38	; 56
     bea:	f0 e0       	ldi	r31, 0x00	; 0
     bec:	10 82       	st	Z, r1
					PORTB_PIN3_VALUE,
					PORTB_PIN2_VALUE,
					PORTB_PIN1_VALUE,
					PORTB_PIN0_VALUE);

	PORTC_REG= CONC_BIT(PORTC_PIN7_VALUE,
     bee:	e5 e3       	ldi	r30, 0x35	; 53
     bf0:	f0 e0       	ldi	r31, 0x00	; 0
     bf2:	10 82       	st	Z, r1
					PORTC_PIN3_VALUE,
					PORTC_PIN2_VALUE,
					PORTC_PIN1_VALUE,
					PORTC_PIN0_VALUE);

	PORTD_REG= CONC_BIT(PORTD_PIN7_VALUE,
     bf4:	e2 e3       	ldi	r30, 0x32	; 50
     bf6:	f0 e0       	ldi	r31, 0x00	; 0
     bf8:	10 82       	st	Z, r1
					PORTD_PIN4_VALUE,
					PORTD_PIN3_VALUE,
					PORTD_PIN2_VALUE,
					PORTD_PIN1_VALUE,
					PORTD_PIN0_VALUE);
}
     bfa:	cf 91       	pop	r28
     bfc:	df 91       	pop	r29
     bfe:	08 95       	ret

00000c00 <MDIO_voidSetPinDirection>:

void MDIO_voidSetPinDirection(DIO_PORTS A_DIOPORT,DIO_PINS A_DIOPIN,PIN_DIRECTION A_PINDIRECTION)
{
     c00:	df 93       	push	r29
     c02:	cf 93       	push	r28
     c04:	cd b7       	in	r28, 0x3d	; 61
     c06:	de b7       	in	r29, 0x3e	; 62
     c08:	2d 97       	sbiw	r28, 0x0d	; 13
     c0a:	0f b6       	in	r0, 0x3f	; 63
     c0c:	f8 94       	cli
     c0e:	de bf       	out	0x3e, r29	; 62
     c10:	0f be       	out	0x3f, r0	; 63
     c12:	cd bf       	out	0x3d, r28	; 61
     c14:	89 83       	std	Y+1, r24	; 0x01
     c16:	6a 83       	std	Y+2, r22	; 0x02
     c18:	4b 83       	std	Y+3, r20	; 0x03
	if((A_DIOPORT<= PORTD) && (A_DIOPIN<=PIN7 )&& (A_PINDIRECTION <= DIO_OUTPUT ))
     c1a:	89 81       	ldd	r24, Y+1	; 0x01
     c1c:	84 30       	cpi	r24, 0x04	; 4
     c1e:	08 f0       	brcs	.+2      	; 0xc22 <MDIO_voidSetPinDirection+0x22>
     c20:	08 c1       	rjmp	.+528    	; 0xe32 <MDIO_voidSetPinDirection+0x232>
     c22:	8a 81       	ldd	r24, Y+2	; 0x02
     c24:	88 30       	cpi	r24, 0x08	; 8
     c26:	08 f0       	brcs	.+2      	; 0xc2a <MDIO_voidSetPinDirection+0x2a>
     c28:	04 c1       	rjmp	.+520    	; 0xe32 <MDIO_voidSetPinDirection+0x232>
     c2a:	8b 81       	ldd	r24, Y+3	; 0x03
     c2c:	82 30       	cpi	r24, 0x02	; 2
     c2e:	08 f0       	brcs	.+2      	; 0xc32 <MDIO_voidSetPinDirection+0x32>
     c30:	00 c1       	rjmp	.+512    	; 0xe32 <MDIO_voidSetPinDirection+0x232>
	{
		switch(A_DIOPORT)
     c32:	89 81       	ldd	r24, Y+1	; 0x01
     c34:	28 2f       	mov	r18, r24
     c36:	30 e0       	ldi	r19, 0x00	; 0
     c38:	3d 87       	std	Y+13, r19	; 0x0d
     c3a:	2c 87       	std	Y+12, r18	; 0x0c
     c3c:	8c 85       	ldd	r24, Y+12	; 0x0c
     c3e:	9d 85       	ldd	r25, Y+13	; 0x0d
     c40:	81 30       	cpi	r24, 0x01	; 1
     c42:	91 05       	cpc	r25, r1
     c44:	09 f4       	brne	.+2      	; 0xc48 <MDIO_voidSetPinDirection+0x48>
     c46:	4f c0       	rjmp	.+158    	; 0xce6 <MDIO_voidSetPinDirection+0xe6>
     c48:	2c 85       	ldd	r18, Y+12	; 0x0c
     c4a:	3d 85       	ldd	r19, Y+13	; 0x0d
     c4c:	22 30       	cpi	r18, 0x02	; 2
     c4e:	31 05       	cpc	r19, r1
     c50:	2c f4       	brge	.+10     	; 0xc5c <MDIO_voidSetPinDirection+0x5c>
     c52:	8c 85       	ldd	r24, Y+12	; 0x0c
     c54:	9d 85       	ldd	r25, Y+13	; 0x0d
     c56:	00 97       	sbiw	r24, 0x00	; 0
     c58:	71 f0       	breq	.+28     	; 0xc76 <MDIO_voidSetPinDirection+0x76>
     c5a:	eb c0       	rjmp	.+470    	; 0xe32 <MDIO_voidSetPinDirection+0x232>
     c5c:	2c 85       	ldd	r18, Y+12	; 0x0c
     c5e:	3d 85       	ldd	r19, Y+13	; 0x0d
     c60:	22 30       	cpi	r18, 0x02	; 2
     c62:	31 05       	cpc	r19, r1
     c64:	09 f4       	brne	.+2      	; 0xc68 <MDIO_voidSetPinDirection+0x68>
     c66:	77 c0       	rjmp	.+238    	; 0xd56 <MDIO_voidSetPinDirection+0x156>
     c68:	8c 85       	ldd	r24, Y+12	; 0x0c
     c6a:	9d 85       	ldd	r25, Y+13	; 0x0d
     c6c:	83 30       	cpi	r24, 0x03	; 3
     c6e:	91 05       	cpc	r25, r1
     c70:	09 f4       	brne	.+2      	; 0xc74 <MDIO_voidSetPinDirection+0x74>
     c72:	a9 c0       	rjmp	.+338    	; 0xdc6 <MDIO_voidSetPinDirection+0x1c6>
     c74:	de c0       	rjmp	.+444    	; 0xe32 <MDIO_voidSetPinDirection+0x232>
		{
		case PORTA:
			switch(A_PINDIRECTION)
     c76:	8b 81       	ldd	r24, Y+3	; 0x03
     c78:	28 2f       	mov	r18, r24
     c7a:	30 e0       	ldi	r19, 0x00	; 0
     c7c:	3b 87       	std	Y+11, r19	; 0x0b
     c7e:	2a 87       	std	Y+10, r18	; 0x0a
     c80:	8a 85       	ldd	r24, Y+10	; 0x0a
     c82:	9b 85       	ldd	r25, Y+11	; 0x0b
     c84:	00 97       	sbiw	r24, 0x00	; 0
     c86:	d1 f0       	breq	.+52     	; 0xcbc <MDIO_voidSetPinDirection+0xbc>
     c88:	2a 85       	ldd	r18, Y+10	; 0x0a
     c8a:	3b 85       	ldd	r19, Y+11	; 0x0b
     c8c:	21 30       	cpi	r18, 0x01	; 1
     c8e:	31 05       	cpc	r19, r1
     c90:	09 f0       	breq	.+2      	; 0xc94 <MDIO_voidSetPinDirection+0x94>
     c92:	cf c0       	rjmp	.+414    	; 0xe32 <MDIO_voidSetPinDirection+0x232>
			{
			case DIO_OUTPUT: SET_BIT(DDRA_REG,A_DIOPIN);break;
     c94:	aa e3       	ldi	r26, 0x3A	; 58
     c96:	b0 e0       	ldi	r27, 0x00	; 0
     c98:	ea e3       	ldi	r30, 0x3A	; 58
     c9a:	f0 e0       	ldi	r31, 0x00	; 0
     c9c:	80 81       	ld	r24, Z
     c9e:	48 2f       	mov	r20, r24
     ca0:	8a 81       	ldd	r24, Y+2	; 0x02
     ca2:	28 2f       	mov	r18, r24
     ca4:	30 e0       	ldi	r19, 0x00	; 0
     ca6:	81 e0       	ldi	r24, 0x01	; 1
     ca8:	90 e0       	ldi	r25, 0x00	; 0
     caa:	02 2e       	mov	r0, r18
     cac:	02 c0       	rjmp	.+4      	; 0xcb2 <MDIO_voidSetPinDirection+0xb2>
     cae:	88 0f       	add	r24, r24
     cb0:	99 1f       	adc	r25, r25
     cb2:	0a 94       	dec	r0
     cb4:	e2 f7       	brpl	.-8      	; 0xcae <MDIO_voidSetPinDirection+0xae>
     cb6:	84 2b       	or	r24, r20
     cb8:	8c 93       	st	X, r24
     cba:	bb c0       	rjmp	.+374    	; 0xe32 <MDIO_voidSetPinDirection+0x232>
			case DIO_INPUT: CLEAR_BIT(DDRA_REG,A_DIOPIN);break;
     cbc:	aa e3       	ldi	r26, 0x3A	; 58
     cbe:	b0 e0       	ldi	r27, 0x00	; 0
     cc0:	ea e3       	ldi	r30, 0x3A	; 58
     cc2:	f0 e0       	ldi	r31, 0x00	; 0
     cc4:	80 81       	ld	r24, Z
     cc6:	48 2f       	mov	r20, r24
     cc8:	8a 81       	ldd	r24, Y+2	; 0x02
     cca:	28 2f       	mov	r18, r24
     ccc:	30 e0       	ldi	r19, 0x00	; 0
     cce:	81 e0       	ldi	r24, 0x01	; 1
     cd0:	90 e0       	ldi	r25, 0x00	; 0
     cd2:	02 2e       	mov	r0, r18
     cd4:	02 c0       	rjmp	.+4      	; 0xcda <MDIO_voidSetPinDirection+0xda>
     cd6:	88 0f       	add	r24, r24
     cd8:	99 1f       	adc	r25, r25
     cda:	0a 94       	dec	r0
     cdc:	e2 f7       	brpl	.-8      	; 0xcd6 <MDIO_voidSetPinDirection+0xd6>
     cde:	80 95       	com	r24
     ce0:	84 23       	and	r24, r20
     ce2:	8c 93       	st	X, r24
     ce4:	a6 c0       	rjmp	.+332    	; 0xe32 <MDIO_voidSetPinDirection+0x232>

			}
			break;
		case PORTB:
			switch(A_PINDIRECTION)
     ce6:	8b 81       	ldd	r24, Y+3	; 0x03
     ce8:	28 2f       	mov	r18, r24
     cea:	30 e0       	ldi	r19, 0x00	; 0
     cec:	39 87       	std	Y+9, r19	; 0x09
     cee:	28 87       	std	Y+8, r18	; 0x08
     cf0:	88 85       	ldd	r24, Y+8	; 0x08
     cf2:	99 85       	ldd	r25, Y+9	; 0x09
     cf4:	00 97       	sbiw	r24, 0x00	; 0
     cf6:	d1 f0       	breq	.+52     	; 0xd2c <MDIO_voidSetPinDirection+0x12c>
     cf8:	28 85       	ldd	r18, Y+8	; 0x08
     cfa:	39 85       	ldd	r19, Y+9	; 0x09
     cfc:	21 30       	cpi	r18, 0x01	; 1
     cfe:	31 05       	cpc	r19, r1
     d00:	09 f0       	breq	.+2      	; 0xd04 <MDIO_voidSetPinDirection+0x104>
     d02:	97 c0       	rjmp	.+302    	; 0xe32 <MDIO_voidSetPinDirection+0x232>
						{
						case DIO_OUTPUT: SET_BIT(DDRB_REG,A_DIOPIN);break;
     d04:	a7 e3       	ldi	r26, 0x37	; 55
     d06:	b0 e0       	ldi	r27, 0x00	; 0
     d08:	e7 e3       	ldi	r30, 0x37	; 55
     d0a:	f0 e0       	ldi	r31, 0x00	; 0
     d0c:	80 81       	ld	r24, Z
     d0e:	48 2f       	mov	r20, r24
     d10:	8a 81       	ldd	r24, Y+2	; 0x02
     d12:	28 2f       	mov	r18, r24
     d14:	30 e0       	ldi	r19, 0x00	; 0
     d16:	81 e0       	ldi	r24, 0x01	; 1
     d18:	90 e0       	ldi	r25, 0x00	; 0
     d1a:	02 2e       	mov	r0, r18
     d1c:	02 c0       	rjmp	.+4      	; 0xd22 <MDIO_voidSetPinDirection+0x122>
     d1e:	88 0f       	add	r24, r24
     d20:	99 1f       	adc	r25, r25
     d22:	0a 94       	dec	r0
     d24:	e2 f7       	brpl	.-8      	; 0xd1e <MDIO_voidSetPinDirection+0x11e>
     d26:	84 2b       	or	r24, r20
     d28:	8c 93       	st	X, r24
     d2a:	83 c0       	rjmp	.+262    	; 0xe32 <MDIO_voidSetPinDirection+0x232>
						case DIO_INPUT: CLEAR_BIT(DDRB_REG,A_DIOPIN);break;
     d2c:	a7 e3       	ldi	r26, 0x37	; 55
     d2e:	b0 e0       	ldi	r27, 0x00	; 0
     d30:	e7 e3       	ldi	r30, 0x37	; 55
     d32:	f0 e0       	ldi	r31, 0x00	; 0
     d34:	80 81       	ld	r24, Z
     d36:	48 2f       	mov	r20, r24
     d38:	8a 81       	ldd	r24, Y+2	; 0x02
     d3a:	28 2f       	mov	r18, r24
     d3c:	30 e0       	ldi	r19, 0x00	; 0
     d3e:	81 e0       	ldi	r24, 0x01	; 1
     d40:	90 e0       	ldi	r25, 0x00	; 0
     d42:	02 2e       	mov	r0, r18
     d44:	02 c0       	rjmp	.+4      	; 0xd4a <MDIO_voidSetPinDirection+0x14a>
     d46:	88 0f       	add	r24, r24
     d48:	99 1f       	adc	r25, r25
     d4a:	0a 94       	dec	r0
     d4c:	e2 f7       	brpl	.-8      	; 0xd46 <MDIO_voidSetPinDirection+0x146>
     d4e:	80 95       	com	r24
     d50:	84 23       	and	r24, r20
     d52:	8c 93       	st	X, r24
     d54:	6e c0       	rjmp	.+220    	; 0xe32 <MDIO_voidSetPinDirection+0x232>

						}
			break;
		case PORTC:
			switch(A_PINDIRECTION)
     d56:	8b 81       	ldd	r24, Y+3	; 0x03
     d58:	28 2f       	mov	r18, r24
     d5a:	30 e0       	ldi	r19, 0x00	; 0
     d5c:	3f 83       	std	Y+7, r19	; 0x07
     d5e:	2e 83       	std	Y+6, r18	; 0x06
     d60:	8e 81       	ldd	r24, Y+6	; 0x06
     d62:	9f 81       	ldd	r25, Y+7	; 0x07
     d64:	00 97       	sbiw	r24, 0x00	; 0
     d66:	d1 f0       	breq	.+52     	; 0xd9c <MDIO_voidSetPinDirection+0x19c>
     d68:	2e 81       	ldd	r18, Y+6	; 0x06
     d6a:	3f 81       	ldd	r19, Y+7	; 0x07
     d6c:	21 30       	cpi	r18, 0x01	; 1
     d6e:	31 05       	cpc	r19, r1
     d70:	09 f0       	breq	.+2      	; 0xd74 <MDIO_voidSetPinDirection+0x174>
     d72:	5f c0       	rjmp	.+190    	; 0xe32 <MDIO_voidSetPinDirection+0x232>
						{
						case DIO_OUTPUT: SET_BIT(DDRC_REG,A_DIOPIN);break;
     d74:	a4 e3       	ldi	r26, 0x34	; 52
     d76:	b0 e0       	ldi	r27, 0x00	; 0
     d78:	e4 e3       	ldi	r30, 0x34	; 52
     d7a:	f0 e0       	ldi	r31, 0x00	; 0
     d7c:	80 81       	ld	r24, Z
     d7e:	48 2f       	mov	r20, r24
     d80:	8a 81       	ldd	r24, Y+2	; 0x02
     d82:	28 2f       	mov	r18, r24
     d84:	30 e0       	ldi	r19, 0x00	; 0
     d86:	81 e0       	ldi	r24, 0x01	; 1
     d88:	90 e0       	ldi	r25, 0x00	; 0
     d8a:	02 2e       	mov	r0, r18
     d8c:	02 c0       	rjmp	.+4      	; 0xd92 <MDIO_voidSetPinDirection+0x192>
     d8e:	88 0f       	add	r24, r24
     d90:	99 1f       	adc	r25, r25
     d92:	0a 94       	dec	r0
     d94:	e2 f7       	brpl	.-8      	; 0xd8e <MDIO_voidSetPinDirection+0x18e>
     d96:	84 2b       	or	r24, r20
     d98:	8c 93       	st	X, r24
     d9a:	4b c0       	rjmp	.+150    	; 0xe32 <MDIO_voidSetPinDirection+0x232>
						case DIO_INPUT: CLEAR_BIT(DDRC_REG,A_DIOPIN);break;
     d9c:	a4 e3       	ldi	r26, 0x34	; 52
     d9e:	b0 e0       	ldi	r27, 0x00	; 0
     da0:	e4 e3       	ldi	r30, 0x34	; 52
     da2:	f0 e0       	ldi	r31, 0x00	; 0
     da4:	80 81       	ld	r24, Z
     da6:	48 2f       	mov	r20, r24
     da8:	8a 81       	ldd	r24, Y+2	; 0x02
     daa:	28 2f       	mov	r18, r24
     dac:	30 e0       	ldi	r19, 0x00	; 0
     dae:	81 e0       	ldi	r24, 0x01	; 1
     db0:	90 e0       	ldi	r25, 0x00	; 0
     db2:	02 2e       	mov	r0, r18
     db4:	02 c0       	rjmp	.+4      	; 0xdba <MDIO_voidSetPinDirection+0x1ba>
     db6:	88 0f       	add	r24, r24
     db8:	99 1f       	adc	r25, r25
     dba:	0a 94       	dec	r0
     dbc:	e2 f7       	brpl	.-8      	; 0xdb6 <MDIO_voidSetPinDirection+0x1b6>
     dbe:	80 95       	com	r24
     dc0:	84 23       	and	r24, r20
     dc2:	8c 93       	st	X, r24
     dc4:	36 c0       	rjmp	.+108    	; 0xe32 <MDIO_voidSetPinDirection+0x232>

						}
			break;
		case PORTD:
			switch(A_PINDIRECTION)
     dc6:	8b 81       	ldd	r24, Y+3	; 0x03
     dc8:	28 2f       	mov	r18, r24
     dca:	30 e0       	ldi	r19, 0x00	; 0
     dcc:	3d 83       	std	Y+5, r19	; 0x05
     dce:	2c 83       	std	Y+4, r18	; 0x04
     dd0:	8c 81       	ldd	r24, Y+4	; 0x04
     dd2:	9d 81       	ldd	r25, Y+5	; 0x05
     dd4:	00 97       	sbiw	r24, 0x00	; 0
     dd6:	c9 f0       	breq	.+50     	; 0xe0a <MDIO_voidSetPinDirection+0x20a>
     dd8:	2c 81       	ldd	r18, Y+4	; 0x04
     dda:	3d 81       	ldd	r19, Y+5	; 0x05
     ddc:	21 30       	cpi	r18, 0x01	; 1
     dde:	31 05       	cpc	r19, r1
     de0:	41 f5       	brne	.+80     	; 0xe32 <MDIO_voidSetPinDirection+0x232>
						{
						case DIO_OUTPUT: SET_BIT(DDRD_REG,A_DIOPIN);break;
     de2:	a1 e3       	ldi	r26, 0x31	; 49
     de4:	b0 e0       	ldi	r27, 0x00	; 0
     de6:	e1 e3       	ldi	r30, 0x31	; 49
     de8:	f0 e0       	ldi	r31, 0x00	; 0
     dea:	80 81       	ld	r24, Z
     dec:	48 2f       	mov	r20, r24
     dee:	8a 81       	ldd	r24, Y+2	; 0x02
     df0:	28 2f       	mov	r18, r24
     df2:	30 e0       	ldi	r19, 0x00	; 0
     df4:	81 e0       	ldi	r24, 0x01	; 1
     df6:	90 e0       	ldi	r25, 0x00	; 0
     df8:	02 2e       	mov	r0, r18
     dfa:	02 c0       	rjmp	.+4      	; 0xe00 <MDIO_voidSetPinDirection+0x200>
     dfc:	88 0f       	add	r24, r24
     dfe:	99 1f       	adc	r25, r25
     e00:	0a 94       	dec	r0
     e02:	e2 f7       	brpl	.-8      	; 0xdfc <MDIO_voidSetPinDirection+0x1fc>
     e04:	84 2b       	or	r24, r20
     e06:	8c 93       	st	X, r24
     e08:	14 c0       	rjmp	.+40     	; 0xe32 <MDIO_voidSetPinDirection+0x232>
						case DIO_INPUT: CLEAR_BIT(DDRD_REG,A_DIOPIN);break;
     e0a:	a1 e3       	ldi	r26, 0x31	; 49
     e0c:	b0 e0       	ldi	r27, 0x00	; 0
     e0e:	e1 e3       	ldi	r30, 0x31	; 49
     e10:	f0 e0       	ldi	r31, 0x00	; 0
     e12:	80 81       	ld	r24, Z
     e14:	48 2f       	mov	r20, r24
     e16:	8a 81       	ldd	r24, Y+2	; 0x02
     e18:	28 2f       	mov	r18, r24
     e1a:	30 e0       	ldi	r19, 0x00	; 0
     e1c:	81 e0       	ldi	r24, 0x01	; 1
     e1e:	90 e0       	ldi	r25, 0x00	; 0
     e20:	02 2e       	mov	r0, r18
     e22:	02 c0       	rjmp	.+4      	; 0xe28 <MDIO_voidSetPinDirection+0x228>
     e24:	88 0f       	add	r24, r24
     e26:	99 1f       	adc	r25, r25
     e28:	0a 94       	dec	r0
     e2a:	e2 f7       	brpl	.-8      	; 0xe24 <MDIO_voidSetPinDirection+0x224>
     e2c:	80 95       	com	r24
     e2e:	84 23       	and	r24, r20
     e30:	8c 93       	st	X, r24
			break;
			default:break;

		}
	}
}
     e32:	2d 96       	adiw	r28, 0x0d	; 13
     e34:	0f b6       	in	r0, 0x3f	; 63
     e36:	f8 94       	cli
     e38:	de bf       	out	0x3e, r29	; 62
     e3a:	0f be       	out	0x3f, r0	; 63
     e3c:	cd bf       	out	0x3d, r28	; 61
     e3e:	cf 91       	pop	r28
     e40:	df 91       	pop	r29
     e42:	08 95       	ret

00000e44 <MDIO_voidSetPinValue>:


void MDIO_voidSetPinValue(DIO_PORTS A_DIOPORT,DIO_PINS A_DIOPIN,PIN_VALUE  A_PINVALUE)
{
     e44:	df 93       	push	r29
     e46:	cf 93       	push	r28
     e48:	cd b7       	in	r28, 0x3d	; 61
     e4a:	de b7       	in	r29, 0x3e	; 62
     e4c:	2d 97       	sbiw	r28, 0x0d	; 13
     e4e:	0f b6       	in	r0, 0x3f	; 63
     e50:	f8 94       	cli
     e52:	de bf       	out	0x3e, r29	; 62
     e54:	0f be       	out	0x3f, r0	; 63
     e56:	cd bf       	out	0x3d, r28	; 61
     e58:	89 83       	std	Y+1, r24	; 0x01
     e5a:	6a 83       	std	Y+2, r22	; 0x02
     e5c:	4b 83       	std	Y+3, r20	; 0x03
	if((A_DIOPORT<= PORTD) && (A_DIOPIN<=PIN7 )&& (A_PINVALUE <= DIO_HIGH ))
     e5e:	89 81       	ldd	r24, Y+1	; 0x01
     e60:	84 30       	cpi	r24, 0x04	; 4
     e62:	08 f0       	brcs	.+2      	; 0xe66 <MDIO_voidSetPinValue+0x22>
     e64:	08 c1       	rjmp	.+528    	; 0x1076 <MDIO_voidSetPinValue+0x232>
     e66:	8a 81       	ldd	r24, Y+2	; 0x02
     e68:	88 30       	cpi	r24, 0x08	; 8
     e6a:	08 f0       	brcs	.+2      	; 0xe6e <MDIO_voidSetPinValue+0x2a>
     e6c:	04 c1       	rjmp	.+520    	; 0x1076 <MDIO_voidSetPinValue+0x232>
     e6e:	8b 81       	ldd	r24, Y+3	; 0x03
     e70:	82 30       	cpi	r24, 0x02	; 2
     e72:	08 f0       	brcs	.+2      	; 0xe76 <MDIO_voidSetPinValue+0x32>
     e74:	00 c1       	rjmp	.+512    	; 0x1076 <MDIO_voidSetPinValue+0x232>
	{
		switch(A_DIOPORT)
     e76:	89 81       	ldd	r24, Y+1	; 0x01
     e78:	28 2f       	mov	r18, r24
     e7a:	30 e0       	ldi	r19, 0x00	; 0
     e7c:	3d 87       	std	Y+13, r19	; 0x0d
     e7e:	2c 87       	std	Y+12, r18	; 0x0c
     e80:	8c 85       	ldd	r24, Y+12	; 0x0c
     e82:	9d 85       	ldd	r25, Y+13	; 0x0d
     e84:	81 30       	cpi	r24, 0x01	; 1
     e86:	91 05       	cpc	r25, r1
     e88:	09 f4       	brne	.+2      	; 0xe8c <MDIO_voidSetPinValue+0x48>
     e8a:	4f c0       	rjmp	.+158    	; 0xf2a <MDIO_voidSetPinValue+0xe6>
     e8c:	2c 85       	ldd	r18, Y+12	; 0x0c
     e8e:	3d 85       	ldd	r19, Y+13	; 0x0d
     e90:	22 30       	cpi	r18, 0x02	; 2
     e92:	31 05       	cpc	r19, r1
     e94:	2c f4       	brge	.+10     	; 0xea0 <MDIO_voidSetPinValue+0x5c>
     e96:	8c 85       	ldd	r24, Y+12	; 0x0c
     e98:	9d 85       	ldd	r25, Y+13	; 0x0d
     e9a:	00 97       	sbiw	r24, 0x00	; 0
     e9c:	71 f0       	breq	.+28     	; 0xeba <MDIO_voidSetPinValue+0x76>
     e9e:	eb c0       	rjmp	.+470    	; 0x1076 <MDIO_voidSetPinValue+0x232>
     ea0:	2c 85       	ldd	r18, Y+12	; 0x0c
     ea2:	3d 85       	ldd	r19, Y+13	; 0x0d
     ea4:	22 30       	cpi	r18, 0x02	; 2
     ea6:	31 05       	cpc	r19, r1
     ea8:	09 f4       	brne	.+2      	; 0xeac <MDIO_voidSetPinValue+0x68>
     eaa:	77 c0       	rjmp	.+238    	; 0xf9a <MDIO_voidSetPinValue+0x156>
     eac:	8c 85       	ldd	r24, Y+12	; 0x0c
     eae:	9d 85       	ldd	r25, Y+13	; 0x0d
     eb0:	83 30       	cpi	r24, 0x03	; 3
     eb2:	91 05       	cpc	r25, r1
     eb4:	09 f4       	brne	.+2      	; 0xeb8 <MDIO_voidSetPinValue+0x74>
     eb6:	a9 c0       	rjmp	.+338    	; 0x100a <MDIO_voidSetPinValue+0x1c6>
     eb8:	de c0       	rjmp	.+444    	; 0x1076 <MDIO_voidSetPinValue+0x232>
		{
		case PORTA:
			switch(A_PINVALUE)
     eba:	8b 81       	ldd	r24, Y+3	; 0x03
     ebc:	28 2f       	mov	r18, r24
     ebe:	30 e0       	ldi	r19, 0x00	; 0
     ec0:	3b 87       	std	Y+11, r19	; 0x0b
     ec2:	2a 87       	std	Y+10, r18	; 0x0a
     ec4:	8a 85       	ldd	r24, Y+10	; 0x0a
     ec6:	9b 85       	ldd	r25, Y+11	; 0x0b
     ec8:	00 97       	sbiw	r24, 0x00	; 0
     eca:	d1 f0       	breq	.+52     	; 0xf00 <MDIO_voidSetPinValue+0xbc>
     ecc:	2a 85       	ldd	r18, Y+10	; 0x0a
     ece:	3b 85       	ldd	r19, Y+11	; 0x0b
     ed0:	21 30       	cpi	r18, 0x01	; 1
     ed2:	31 05       	cpc	r19, r1
     ed4:	09 f0       	breq	.+2      	; 0xed8 <MDIO_voidSetPinValue+0x94>
     ed6:	cf c0       	rjmp	.+414    	; 0x1076 <MDIO_voidSetPinValue+0x232>
			{
			case DIO_HIGH: SET_BIT(PORTA_REG,A_DIOPIN);break;
     ed8:	ab e3       	ldi	r26, 0x3B	; 59
     eda:	b0 e0       	ldi	r27, 0x00	; 0
     edc:	eb e3       	ldi	r30, 0x3B	; 59
     ede:	f0 e0       	ldi	r31, 0x00	; 0
     ee0:	80 81       	ld	r24, Z
     ee2:	48 2f       	mov	r20, r24
     ee4:	8a 81       	ldd	r24, Y+2	; 0x02
     ee6:	28 2f       	mov	r18, r24
     ee8:	30 e0       	ldi	r19, 0x00	; 0
     eea:	81 e0       	ldi	r24, 0x01	; 1
     eec:	90 e0       	ldi	r25, 0x00	; 0
     eee:	02 2e       	mov	r0, r18
     ef0:	02 c0       	rjmp	.+4      	; 0xef6 <MDIO_voidSetPinValue+0xb2>
     ef2:	88 0f       	add	r24, r24
     ef4:	99 1f       	adc	r25, r25
     ef6:	0a 94       	dec	r0
     ef8:	e2 f7       	brpl	.-8      	; 0xef2 <MDIO_voidSetPinValue+0xae>
     efa:	84 2b       	or	r24, r20
     efc:	8c 93       	st	X, r24
     efe:	bb c0       	rjmp	.+374    	; 0x1076 <MDIO_voidSetPinValue+0x232>
			case DIO_LOW: CLEAR_BIT(PORTA_REG,A_DIOPIN);break;
     f00:	ab e3       	ldi	r26, 0x3B	; 59
     f02:	b0 e0       	ldi	r27, 0x00	; 0
     f04:	eb e3       	ldi	r30, 0x3B	; 59
     f06:	f0 e0       	ldi	r31, 0x00	; 0
     f08:	80 81       	ld	r24, Z
     f0a:	48 2f       	mov	r20, r24
     f0c:	8a 81       	ldd	r24, Y+2	; 0x02
     f0e:	28 2f       	mov	r18, r24
     f10:	30 e0       	ldi	r19, 0x00	; 0
     f12:	81 e0       	ldi	r24, 0x01	; 1
     f14:	90 e0       	ldi	r25, 0x00	; 0
     f16:	02 2e       	mov	r0, r18
     f18:	02 c0       	rjmp	.+4      	; 0xf1e <MDIO_voidSetPinValue+0xda>
     f1a:	88 0f       	add	r24, r24
     f1c:	99 1f       	adc	r25, r25
     f1e:	0a 94       	dec	r0
     f20:	e2 f7       	brpl	.-8      	; 0xf1a <MDIO_voidSetPinValue+0xd6>
     f22:	80 95       	com	r24
     f24:	84 23       	and	r24, r20
     f26:	8c 93       	st	X, r24
     f28:	a6 c0       	rjmp	.+332    	; 0x1076 <MDIO_voidSetPinValue+0x232>

			}
			break;
		case PORTB:
			switch(A_PINVALUE)
     f2a:	8b 81       	ldd	r24, Y+3	; 0x03
     f2c:	28 2f       	mov	r18, r24
     f2e:	30 e0       	ldi	r19, 0x00	; 0
     f30:	39 87       	std	Y+9, r19	; 0x09
     f32:	28 87       	std	Y+8, r18	; 0x08
     f34:	88 85       	ldd	r24, Y+8	; 0x08
     f36:	99 85       	ldd	r25, Y+9	; 0x09
     f38:	00 97       	sbiw	r24, 0x00	; 0
     f3a:	d1 f0       	breq	.+52     	; 0xf70 <MDIO_voidSetPinValue+0x12c>
     f3c:	28 85       	ldd	r18, Y+8	; 0x08
     f3e:	39 85       	ldd	r19, Y+9	; 0x09
     f40:	21 30       	cpi	r18, 0x01	; 1
     f42:	31 05       	cpc	r19, r1
     f44:	09 f0       	breq	.+2      	; 0xf48 <MDIO_voidSetPinValue+0x104>
     f46:	97 c0       	rjmp	.+302    	; 0x1076 <MDIO_voidSetPinValue+0x232>
						{
			case DIO_HIGH:SET_BIT(PORTB_REG,A_DIOPIN);break;
     f48:	a8 e3       	ldi	r26, 0x38	; 56
     f4a:	b0 e0       	ldi	r27, 0x00	; 0
     f4c:	e8 e3       	ldi	r30, 0x38	; 56
     f4e:	f0 e0       	ldi	r31, 0x00	; 0
     f50:	80 81       	ld	r24, Z
     f52:	48 2f       	mov	r20, r24
     f54:	8a 81       	ldd	r24, Y+2	; 0x02
     f56:	28 2f       	mov	r18, r24
     f58:	30 e0       	ldi	r19, 0x00	; 0
     f5a:	81 e0       	ldi	r24, 0x01	; 1
     f5c:	90 e0       	ldi	r25, 0x00	; 0
     f5e:	02 2e       	mov	r0, r18
     f60:	02 c0       	rjmp	.+4      	; 0xf66 <MDIO_voidSetPinValue+0x122>
     f62:	88 0f       	add	r24, r24
     f64:	99 1f       	adc	r25, r25
     f66:	0a 94       	dec	r0
     f68:	e2 f7       	brpl	.-8      	; 0xf62 <MDIO_voidSetPinValue+0x11e>
     f6a:	84 2b       	or	r24, r20
     f6c:	8c 93       	st	X, r24
     f6e:	83 c0       	rjmp	.+262    	; 0x1076 <MDIO_voidSetPinValue+0x232>
			case DIO_LOW: CLEAR_BIT(PORTB_REG,A_DIOPIN);break;
     f70:	a8 e3       	ldi	r26, 0x38	; 56
     f72:	b0 e0       	ldi	r27, 0x00	; 0
     f74:	e8 e3       	ldi	r30, 0x38	; 56
     f76:	f0 e0       	ldi	r31, 0x00	; 0
     f78:	80 81       	ld	r24, Z
     f7a:	48 2f       	mov	r20, r24
     f7c:	8a 81       	ldd	r24, Y+2	; 0x02
     f7e:	28 2f       	mov	r18, r24
     f80:	30 e0       	ldi	r19, 0x00	; 0
     f82:	81 e0       	ldi	r24, 0x01	; 1
     f84:	90 e0       	ldi	r25, 0x00	; 0
     f86:	02 2e       	mov	r0, r18
     f88:	02 c0       	rjmp	.+4      	; 0xf8e <MDIO_voidSetPinValue+0x14a>
     f8a:	88 0f       	add	r24, r24
     f8c:	99 1f       	adc	r25, r25
     f8e:	0a 94       	dec	r0
     f90:	e2 f7       	brpl	.-8      	; 0xf8a <MDIO_voidSetPinValue+0x146>
     f92:	80 95       	com	r24
     f94:	84 23       	and	r24, r20
     f96:	8c 93       	st	X, r24
     f98:	6e c0       	rjmp	.+220    	; 0x1076 <MDIO_voidSetPinValue+0x232>

						}
			break;
		case PORTC:
			switch(A_PINVALUE)
     f9a:	8b 81       	ldd	r24, Y+3	; 0x03
     f9c:	28 2f       	mov	r18, r24
     f9e:	30 e0       	ldi	r19, 0x00	; 0
     fa0:	3f 83       	std	Y+7, r19	; 0x07
     fa2:	2e 83       	std	Y+6, r18	; 0x06
     fa4:	8e 81       	ldd	r24, Y+6	; 0x06
     fa6:	9f 81       	ldd	r25, Y+7	; 0x07
     fa8:	00 97       	sbiw	r24, 0x00	; 0
     faa:	d1 f0       	breq	.+52     	; 0xfe0 <MDIO_voidSetPinValue+0x19c>
     fac:	2e 81       	ldd	r18, Y+6	; 0x06
     fae:	3f 81       	ldd	r19, Y+7	; 0x07
     fb0:	21 30       	cpi	r18, 0x01	; 1
     fb2:	31 05       	cpc	r19, r1
     fb4:	09 f0       	breq	.+2      	; 0xfb8 <MDIO_voidSetPinValue+0x174>
     fb6:	5f c0       	rjmp	.+190    	; 0x1076 <MDIO_voidSetPinValue+0x232>
						{
			case DIO_HIGH: SET_BIT(PORTC_REG,A_DIOPIN);break;
     fb8:	a5 e3       	ldi	r26, 0x35	; 53
     fba:	b0 e0       	ldi	r27, 0x00	; 0
     fbc:	e5 e3       	ldi	r30, 0x35	; 53
     fbe:	f0 e0       	ldi	r31, 0x00	; 0
     fc0:	80 81       	ld	r24, Z
     fc2:	48 2f       	mov	r20, r24
     fc4:	8a 81       	ldd	r24, Y+2	; 0x02
     fc6:	28 2f       	mov	r18, r24
     fc8:	30 e0       	ldi	r19, 0x00	; 0
     fca:	81 e0       	ldi	r24, 0x01	; 1
     fcc:	90 e0       	ldi	r25, 0x00	; 0
     fce:	02 2e       	mov	r0, r18
     fd0:	02 c0       	rjmp	.+4      	; 0xfd6 <MDIO_voidSetPinValue+0x192>
     fd2:	88 0f       	add	r24, r24
     fd4:	99 1f       	adc	r25, r25
     fd6:	0a 94       	dec	r0
     fd8:	e2 f7       	brpl	.-8      	; 0xfd2 <MDIO_voidSetPinValue+0x18e>
     fda:	84 2b       	or	r24, r20
     fdc:	8c 93       	st	X, r24
     fde:	4b c0       	rjmp	.+150    	; 0x1076 <MDIO_voidSetPinValue+0x232>
			case DIO_LOW: CLEAR_BIT(PORTC_REG,A_DIOPIN);break;
     fe0:	a5 e3       	ldi	r26, 0x35	; 53
     fe2:	b0 e0       	ldi	r27, 0x00	; 0
     fe4:	e5 e3       	ldi	r30, 0x35	; 53
     fe6:	f0 e0       	ldi	r31, 0x00	; 0
     fe8:	80 81       	ld	r24, Z
     fea:	48 2f       	mov	r20, r24
     fec:	8a 81       	ldd	r24, Y+2	; 0x02
     fee:	28 2f       	mov	r18, r24
     ff0:	30 e0       	ldi	r19, 0x00	; 0
     ff2:	81 e0       	ldi	r24, 0x01	; 1
     ff4:	90 e0       	ldi	r25, 0x00	; 0
     ff6:	02 2e       	mov	r0, r18
     ff8:	02 c0       	rjmp	.+4      	; 0xffe <MDIO_voidSetPinValue+0x1ba>
     ffa:	88 0f       	add	r24, r24
     ffc:	99 1f       	adc	r25, r25
     ffe:	0a 94       	dec	r0
    1000:	e2 f7       	brpl	.-8      	; 0xffa <MDIO_voidSetPinValue+0x1b6>
    1002:	80 95       	com	r24
    1004:	84 23       	and	r24, r20
    1006:	8c 93       	st	X, r24
    1008:	36 c0       	rjmp	.+108    	; 0x1076 <MDIO_voidSetPinValue+0x232>

						}
			break;
		case PORTD:
			switch(A_PINVALUE)
    100a:	8b 81       	ldd	r24, Y+3	; 0x03
    100c:	28 2f       	mov	r18, r24
    100e:	30 e0       	ldi	r19, 0x00	; 0
    1010:	3d 83       	std	Y+5, r19	; 0x05
    1012:	2c 83       	std	Y+4, r18	; 0x04
    1014:	8c 81       	ldd	r24, Y+4	; 0x04
    1016:	9d 81       	ldd	r25, Y+5	; 0x05
    1018:	00 97       	sbiw	r24, 0x00	; 0
    101a:	c9 f0       	breq	.+50     	; 0x104e <MDIO_voidSetPinValue+0x20a>
    101c:	2c 81       	ldd	r18, Y+4	; 0x04
    101e:	3d 81       	ldd	r19, Y+5	; 0x05
    1020:	21 30       	cpi	r18, 0x01	; 1
    1022:	31 05       	cpc	r19, r1
    1024:	41 f5       	brne	.+80     	; 0x1076 <MDIO_voidSetPinValue+0x232>
						{
			case DIO_HIGH: SET_BIT(PORTD_REG,A_DIOPIN);break;
    1026:	a2 e3       	ldi	r26, 0x32	; 50
    1028:	b0 e0       	ldi	r27, 0x00	; 0
    102a:	e2 e3       	ldi	r30, 0x32	; 50
    102c:	f0 e0       	ldi	r31, 0x00	; 0
    102e:	80 81       	ld	r24, Z
    1030:	48 2f       	mov	r20, r24
    1032:	8a 81       	ldd	r24, Y+2	; 0x02
    1034:	28 2f       	mov	r18, r24
    1036:	30 e0       	ldi	r19, 0x00	; 0
    1038:	81 e0       	ldi	r24, 0x01	; 1
    103a:	90 e0       	ldi	r25, 0x00	; 0
    103c:	02 2e       	mov	r0, r18
    103e:	02 c0       	rjmp	.+4      	; 0x1044 <MDIO_voidSetPinValue+0x200>
    1040:	88 0f       	add	r24, r24
    1042:	99 1f       	adc	r25, r25
    1044:	0a 94       	dec	r0
    1046:	e2 f7       	brpl	.-8      	; 0x1040 <MDIO_voidSetPinValue+0x1fc>
    1048:	84 2b       	or	r24, r20
    104a:	8c 93       	st	X, r24
    104c:	14 c0       	rjmp	.+40     	; 0x1076 <MDIO_voidSetPinValue+0x232>
			case DIO_LOW: CLEAR_BIT(PORTD_REG,A_DIOPIN);break;
    104e:	a2 e3       	ldi	r26, 0x32	; 50
    1050:	b0 e0       	ldi	r27, 0x00	; 0
    1052:	e2 e3       	ldi	r30, 0x32	; 50
    1054:	f0 e0       	ldi	r31, 0x00	; 0
    1056:	80 81       	ld	r24, Z
    1058:	48 2f       	mov	r20, r24
    105a:	8a 81       	ldd	r24, Y+2	; 0x02
    105c:	28 2f       	mov	r18, r24
    105e:	30 e0       	ldi	r19, 0x00	; 0
    1060:	81 e0       	ldi	r24, 0x01	; 1
    1062:	90 e0       	ldi	r25, 0x00	; 0
    1064:	02 2e       	mov	r0, r18
    1066:	02 c0       	rjmp	.+4      	; 0x106c <MDIO_voidSetPinValue+0x228>
    1068:	88 0f       	add	r24, r24
    106a:	99 1f       	adc	r25, r25
    106c:	0a 94       	dec	r0
    106e:	e2 f7       	brpl	.-8      	; 0x1068 <MDIO_voidSetPinValue+0x224>
    1070:	80 95       	com	r24
    1072:	84 23       	and	r24, r20
    1074:	8c 93       	st	X, r24
						}
			break;
			default:break;
		}
	}
}
    1076:	2d 96       	adiw	r28, 0x0d	; 13
    1078:	0f b6       	in	r0, 0x3f	; 63
    107a:	f8 94       	cli
    107c:	de bf       	out	0x3e, r29	; 62
    107e:	0f be       	out	0x3f, r0	; 63
    1080:	cd bf       	out	0x3d, r28	; 61
    1082:	cf 91       	pop	r28
    1084:	df 91       	pop	r29
    1086:	08 95       	ret

00001088 <MDIO_voidTogglePinValue>:

void MDIO_voidTogglePinValue (DIO_PORTS A_DIOPORT,DIO_PINS A_DIOPIN)
{
    1088:	df 93       	push	r29
    108a:	cf 93       	push	r28
    108c:	00 d0       	rcall	.+0      	; 0x108e <MDIO_voidTogglePinValue+0x6>
    108e:	00 d0       	rcall	.+0      	; 0x1090 <MDIO_voidTogglePinValue+0x8>
    1090:	cd b7       	in	r28, 0x3d	; 61
    1092:	de b7       	in	r29, 0x3e	; 62
    1094:	89 83       	std	Y+1, r24	; 0x01
    1096:	6a 83       	std	Y+2, r22	; 0x02

	if((A_DIOPORT<= PORTD) && (A_DIOPIN<=PIN7 ))
    1098:	89 81       	ldd	r24, Y+1	; 0x01
    109a:	84 30       	cpi	r24, 0x04	; 4
    109c:	08 f0       	brcs	.+2      	; 0x10a0 <MDIO_voidTogglePinValue+0x18>
    109e:	72 c0       	rjmp	.+228    	; 0x1184 <MDIO_voidTogglePinValue+0xfc>
    10a0:	8a 81       	ldd	r24, Y+2	; 0x02
    10a2:	88 30       	cpi	r24, 0x08	; 8
    10a4:	08 f0       	brcs	.+2      	; 0x10a8 <MDIO_voidTogglePinValue+0x20>
    10a6:	6e c0       	rjmp	.+220    	; 0x1184 <MDIO_voidTogglePinValue+0xfc>
	{
		switch(A_DIOPORT)
    10a8:	89 81       	ldd	r24, Y+1	; 0x01
    10aa:	28 2f       	mov	r18, r24
    10ac:	30 e0       	ldi	r19, 0x00	; 0
    10ae:	3c 83       	std	Y+4, r19	; 0x04
    10b0:	2b 83       	std	Y+3, r18	; 0x03
    10b2:	8b 81       	ldd	r24, Y+3	; 0x03
    10b4:	9c 81       	ldd	r25, Y+4	; 0x04
    10b6:	81 30       	cpi	r24, 0x01	; 1
    10b8:	91 05       	cpc	r25, r1
    10ba:	49 f1       	breq	.+82     	; 0x110e <MDIO_voidTogglePinValue+0x86>
    10bc:	2b 81       	ldd	r18, Y+3	; 0x03
    10be:	3c 81       	ldd	r19, Y+4	; 0x04
    10c0:	22 30       	cpi	r18, 0x02	; 2
    10c2:	31 05       	cpc	r19, r1
    10c4:	2c f4       	brge	.+10     	; 0x10d0 <MDIO_voidTogglePinValue+0x48>
    10c6:	8b 81       	ldd	r24, Y+3	; 0x03
    10c8:	9c 81       	ldd	r25, Y+4	; 0x04
    10ca:	00 97       	sbiw	r24, 0x00	; 0
    10cc:	61 f0       	breq	.+24     	; 0x10e6 <MDIO_voidTogglePinValue+0x5e>
    10ce:	5a c0       	rjmp	.+180    	; 0x1184 <MDIO_voidTogglePinValue+0xfc>
    10d0:	2b 81       	ldd	r18, Y+3	; 0x03
    10d2:	3c 81       	ldd	r19, Y+4	; 0x04
    10d4:	22 30       	cpi	r18, 0x02	; 2
    10d6:	31 05       	cpc	r19, r1
    10d8:	71 f1       	breq	.+92     	; 0x1136 <MDIO_voidTogglePinValue+0xae>
    10da:	8b 81       	ldd	r24, Y+3	; 0x03
    10dc:	9c 81       	ldd	r25, Y+4	; 0x04
    10de:	83 30       	cpi	r24, 0x03	; 3
    10e0:	91 05       	cpc	r25, r1
    10e2:	e9 f1       	breq	.+122    	; 0x115e <MDIO_voidTogglePinValue+0xd6>
    10e4:	4f c0       	rjmp	.+158    	; 0x1184 <MDIO_voidTogglePinValue+0xfc>
		{

		case PORTA:
			TOGGLE_BIT(PORTA_REG,A_DIOPIN);
    10e6:	ab e3       	ldi	r26, 0x3B	; 59
    10e8:	b0 e0       	ldi	r27, 0x00	; 0
    10ea:	eb e3       	ldi	r30, 0x3B	; 59
    10ec:	f0 e0       	ldi	r31, 0x00	; 0
    10ee:	80 81       	ld	r24, Z
    10f0:	48 2f       	mov	r20, r24
    10f2:	8a 81       	ldd	r24, Y+2	; 0x02
    10f4:	28 2f       	mov	r18, r24
    10f6:	30 e0       	ldi	r19, 0x00	; 0
    10f8:	81 e0       	ldi	r24, 0x01	; 1
    10fa:	90 e0       	ldi	r25, 0x00	; 0
    10fc:	02 2e       	mov	r0, r18
    10fe:	02 c0       	rjmp	.+4      	; 0x1104 <MDIO_voidTogglePinValue+0x7c>
    1100:	88 0f       	add	r24, r24
    1102:	99 1f       	adc	r25, r25
    1104:	0a 94       	dec	r0
    1106:	e2 f7       	brpl	.-8      	; 0x1100 <MDIO_voidTogglePinValue+0x78>
    1108:	84 27       	eor	r24, r20
    110a:	8c 93       	st	X, r24
    110c:	3b c0       	rjmp	.+118    	; 0x1184 <MDIO_voidTogglePinValue+0xfc>
			break;

		case PORTB:
			TOGGLE_BIT(PORTB_REG,A_DIOPIN);
    110e:	a8 e3       	ldi	r26, 0x38	; 56
    1110:	b0 e0       	ldi	r27, 0x00	; 0
    1112:	e8 e3       	ldi	r30, 0x38	; 56
    1114:	f0 e0       	ldi	r31, 0x00	; 0
    1116:	80 81       	ld	r24, Z
    1118:	48 2f       	mov	r20, r24
    111a:	8a 81       	ldd	r24, Y+2	; 0x02
    111c:	28 2f       	mov	r18, r24
    111e:	30 e0       	ldi	r19, 0x00	; 0
    1120:	81 e0       	ldi	r24, 0x01	; 1
    1122:	90 e0       	ldi	r25, 0x00	; 0
    1124:	02 2e       	mov	r0, r18
    1126:	02 c0       	rjmp	.+4      	; 0x112c <MDIO_voidTogglePinValue+0xa4>
    1128:	88 0f       	add	r24, r24
    112a:	99 1f       	adc	r25, r25
    112c:	0a 94       	dec	r0
    112e:	e2 f7       	brpl	.-8      	; 0x1128 <MDIO_voidTogglePinValue+0xa0>
    1130:	84 27       	eor	r24, r20
    1132:	8c 93       	st	X, r24
    1134:	27 c0       	rjmp	.+78     	; 0x1184 <MDIO_voidTogglePinValue+0xfc>
			break;

		case PORTC:
			TOGGLE_BIT(PORTC_REG,A_DIOPIN);
    1136:	a5 e3       	ldi	r26, 0x35	; 53
    1138:	b0 e0       	ldi	r27, 0x00	; 0
    113a:	e5 e3       	ldi	r30, 0x35	; 53
    113c:	f0 e0       	ldi	r31, 0x00	; 0
    113e:	80 81       	ld	r24, Z
    1140:	48 2f       	mov	r20, r24
    1142:	8a 81       	ldd	r24, Y+2	; 0x02
    1144:	28 2f       	mov	r18, r24
    1146:	30 e0       	ldi	r19, 0x00	; 0
    1148:	81 e0       	ldi	r24, 0x01	; 1
    114a:	90 e0       	ldi	r25, 0x00	; 0
    114c:	02 2e       	mov	r0, r18
    114e:	02 c0       	rjmp	.+4      	; 0x1154 <MDIO_voidTogglePinValue+0xcc>
    1150:	88 0f       	add	r24, r24
    1152:	99 1f       	adc	r25, r25
    1154:	0a 94       	dec	r0
    1156:	e2 f7       	brpl	.-8      	; 0x1150 <MDIO_voidTogglePinValue+0xc8>
    1158:	84 27       	eor	r24, r20
    115a:	8c 93       	st	X, r24
    115c:	13 c0       	rjmp	.+38     	; 0x1184 <MDIO_voidTogglePinValue+0xfc>
			break;

		case PORTD:
			TOGGLE_BIT(PORTD_REG,A_DIOPIN);
    115e:	a2 e3       	ldi	r26, 0x32	; 50
    1160:	b0 e0       	ldi	r27, 0x00	; 0
    1162:	e2 e3       	ldi	r30, 0x32	; 50
    1164:	f0 e0       	ldi	r31, 0x00	; 0
    1166:	80 81       	ld	r24, Z
    1168:	48 2f       	mov	r20, r24
    116a:	8a 81       	ldd	r24, Y+2	; 0x02
    116c:	28 2f       	mov	r18, r24
    116e:	30 e0       	ldi	r19, 0x00	; 0
    1170:	81 e0       	ldi	r24, 0x01	; 1
    1172:	90 e0       	ldi	r25, 0x00	; 0
    1174:	02 2e       	mov	r0, r18
    1176:	02 c0       	rjmp	.+4      	; 0x117c <MDIO_voidTogglePinValue+0xf4>
    1178:	88 0f       	add	r24, r24
    117a:	99 1f       	adc	r25, r25
    117c:	0a 94       	dec	r0
    117e:	e2 f7       	brpl	.-8      	; 0x1178 <MDIO_voidTogglePinValue+0xf0>
    1180:	84 27       	eor	r24, r20
    1182:	8c 93       	st	X, r24
			break;
		default:break;
		}
	}
}
    1184:	0f 90       	pop	r0
    1186:	0f 90       	pop	r0
    1188:	0f 90       	pop	r0
    118a:	0f 90       	pop	r0
    118c:	cf 91       	pop	r28
    118e:	df 91       	pop	r29
    1190:	08 95       	ret

00001192 <MDIO_voidTogglePinDirection>:

void MDIO_voidTogglePinDirection (DIO_PORTS A_DIOPORT,DIO_PINS A_DIOPIN)
{
    1192:	df 93       	push	r29
    1194:	cf 93       	push	r28
    1196:	00 d0       	rcall	.+0      	; 0x1198 <MDIO_voidTogglePinDirection+0x6>
    1198:	00 d0       	rcall	.+0      	; 0x119a <MDIO_voidTogglePinDirection+0x8>
    119a:	cd b7       	in	r28, 0x3d	; 61
    119c:	de b7       	in	r29, 0x3e	; 62
    119e:	89 83       	std	Y+1, r24	; 0x01
    11a0:	6a 83       	std	Y+2, r22	; 0x02

	if((A_DIOPORT<= PORTD) && (A_DIOPIN<=PIN7 ))
    11a2:	89 81       	ldd	r24, Y+1	; 0x01
    11a4:	84 30       	cpi	r24, 0x04	; 4
    11a6:	08 f0       	brcs	.+2      	; 0x11aa <MDIO_voidTogglePinDirection+0x18>
    11a8:	72 c0       	rjmp	.+228    	; 0x128e <MDIO_voidTogglePinDirection+0xfc>
    11aa:	8a 81       	ldd	r24, Y+2	; 0x02
    11ac:	88 30       	cpi	r24, 0x08	; 8
    11ae:	08 f0       	brcs	.+2      	; 0x11b2 <MDIO_voidTogglePinDirection+0x20>
    11b0:	6e c0       	rjmp	.+220    	; 0x128e <MDIO_voidTogglePinDirection+0xfc>
	{
		switch(A_DIOPORT)
    11b2:	89 81       	ldd	r24, Y+1	; 0x01
    11b4:	28 2f       	mov	r18, r24
    11b6:	30 e0       	ldi	r19, 0x00	; 0
    11b8:	3c 83       	std	Y+4, r19	; 0x04
    11ba:	2b 83       	std	Y+3, r18	; 0x03
    11bc:	8b 81       	ldd	r24, Y+3	; 0x03
    11be:	9c 81       	ldd	r25, Y+4	; 0x04
    11c0:	81 30       	cpi	r24, 0x01	; 1
    11c2:	91 05       	cpc	r25, r1
    11c4:	49 f1       	breq	.+82     	; 0x1218 <MDIO_voidTogglePinDirection+0x86>
    11c6:	2b 81       	ldd	r18, Y+3	; 0x03
    11c8:	3c 81       	ldd	r19, Y+4	; 0x04
    11ca:	22 30       	cpi	r18, 0x02	; 2
    11cc:	31 05       	cpc	r19, r1
    11ce:	2c f4       	brge	.+10     	; 0x11da <MDIO_voidTogglePinDirection+0x48>
    11d0:	8b 81       	ldd	r24, Y+3	; 0x03
    11d2:	9c 81       	ldd	r25, Y+4	; 0x04
    11d4:	00 97       	sbiw	r24, 0x00	; 0
    11d6:	61 f0       	breq	.+24     	; 0x11f0 <MDIO_voidTogglePinDirection+0x5e>
    11d8:	5a c0       	rjmp	.+180    	; 0x128e <MDIO_voidTogglePinDirection+0xfc>
    11da:	2b 81       	ldd	r18, Y+3	; 0x03
    11dc:	3c 81       	ldd	r19, Y+4	; 0x04
    11de:	22 30       	cpi	r18, 0x02	; 2
    11e0:	31 05       	cpc	r19, r1
    11e2:	71 f1       	breq	.+92     	; 0x1240 <MDIO_voidTogglePinDirection+0xae>
    11e4:	8b 81       	ldd	r24, Y+3	; 0x03
    11e6:	9c 81       	ldd	r25, Y+4	; 0x04
    11e8:	83 30       	cpi	r24, 0x03	; 3
    11ea:	91 05       	cpc	r25, r1
    11ec:	e9 f1       	breq	.+122    	; 0x1268 <MDIO_voidTogglePinDirection+0xd6>
    11ee:	4f c0       	rjmp	.+158    	; 0x128e <MDIO_voidTogglePinDirection+0xfc>
		{
		case PORTA:
			TOGGLE_BIT(DDRA_REG,A_DIOPIN);
    11f0:	aa e3       	ldi	r26, 0x3A	; 58
    11f2:	b0 e0       	ldi	r27, 0x00	; 0
    11f4:	ea e3       	ldi	r30, 0x3A	; 58
    11f6:	f0 e0       	ldi	r31, 0x00	; 0
    11f8:	80 81       	ld	r24, Z
    11fa:	48 2f       	mov	r20, r24
    11fc:	8a 81       	ldd	r24, Y+2	; 0x02
    11fe:	28 2f       	mov	r18, r24
    1200:	30 e0       	ldi	r19, 0x00	; 0
    1202:	81 e0       	ldi	r24, 0x01	; 1
    1204:	90 e0       	ldi	r25, 0x00	; 0
    1206:	02 2e       	mov	r0, r18
    1208:	02 c0       	rjmp	.+4      	; 0x120e <MDIO_voidTogglePinDirection+0x7c>
    120a:	88 0f       	add	r24, r24
    120c:	99 1f       	adc	r25, r25
    120e:	0a 94       	dec	r0
    1210:	e2 f7       	brpl	.-8      	; 0x120a <MDIO_voidTogglePinDirection+0x78>
    1212:	84 27       	eor	r24, r20
    1214:	8c 93       	st	X, r24
    1216:	3b c0       	rjmp	.+118    	; 0x128e <MDIO_voidTogglePinDirection+0xfc>
			break;
		case PORTB:
			TOGGLE_BIT(DDRB_REG,A_DIOPIN);
    1218:	a7 e3       	ldi	r26, 0x37	; 55
    121a:	b0 e0       	ldi	r27, 0x00	; 0
    121c:	e7 e3       	ldi	r30, 0x37	; 55
    121e:	f0 e0       	ldi	r31, 0x00	; 0
    1220:	80 81       	ld	r24, Z
    1222:	48 2f       	mov	r20, r24
    1224:	8a 81       	ldd	r24, Y+2	; 0x02
    1226:	28 2f       	mov	r18, r24
    1228:	30 e0       	ldi	r19, 0x00	; 0
    122a:	81 e0       	ldi	r24, 0x01	; 1
    122c:	90 e0       	ldi	r25, 0x00	; 0
    122e:	02 2e       	mov	r0, r18
    1230:	02 c0       	rjmp	.+4      	; 0x1236 <MDIO_voidTogglePinDirection+0xa4>
    1232:	88 0f       	add	r24, r24
    1234:	99 1f       	adc	r25, r25
    1236:	0a 94       	dec	r0
    1238:	e2 f7       	brpl	.-8      	; 0x1232 <MDIO_voidTogglePinDirection+0xa0>
    123a:	84 27       	eor	r24, r20
    123c:	8c 93       	st	X, r24
    123e:	27 c0       	rjmp	.+78     	; 0x128e <MDIO_voidTogglePinDirection+0xfc>

			break;
		case PORTC:
			TOGGLE_BIT(DDRC_REG,A_DIOPIN);
    1240:	a4 e3       	ldi	r26, 0x34	; 52
    1242:	b0 e0       	ldi	r27, 0x00	; 0
    1244:	e4 e3       	ldi	r30, 0x34	; 52
    1246:	f0 e0       	ldi	r31, 0x00	; 0
    1248:	80 81       	ld	r24, Z
    124a:	48 2f       	mov	r20, r24
    124c:	8a 81       	ldd	r24, Y+2	; 0x02
    124e:	28 2f       	mov	r18, r24
    1250:	30 e0       	ldi	r19, 0x00	; 0
    1252:	81 e0       	ldi	r24, 0x01	; 1
    1254:	90 e0       	ldi	r25, 0x00	; 0
    1256:	02 2e       	mov	r0, r18
    1258:	02 c0       	rjmp	.+4      	; 0x125e <MDIO_voidTogglePinDirection+0xcc>
    125a:	88 0f       	add	r24, r24
    125c:	99 1f       	adc	r25, r25
    125e:	0a 94       	dec	r0
    1260:	e2 f7       	brpl	.-8      	; 0x125a <MDIO_voidTogglePinDirection+0xc8>
    1262:	84 27       	eor	r24, r20
    1264:	8c 93       	st	X, r24
    1266:	13 c0       	rjmp	.+38     	; 0x128e <MDIO_voidTogglePinDirection+0xfc>

			break;
		case PORTD:
			TOGGLE_BIT(DDRD_REG,A_DIOPIN);
    1268:	a1 e3       	ldi	r26, 0x31	; 49
    126a:	b0 e0       	ldi	r27, 0x00	; 0
    126c:	e1 e3       	ldi	r30, 0x31	; 49
    126e:	f0 e0       	ldi	r31, 0x00	; 0
    1270:	80 81       	ld	r24, Z
    1272:	48 2f       	mov	r20, r24
    1274:	8a 81       	ldd	r24, Y+2	; 0x02
    1276:	28 2f       	mov	r18, r24
    1278:	30 e0       	ldi	r19, 0x00	; 0
    127a:	81 e0       	ldi	r24, 0x01	; 1
    127c:	90 e0       	ldi	r25, 0x00	; 0
    127e:	02 2e       	mov	r0, r18
    1280:	02 c0       	rjmp	.+4      	; 0x1286 <MDIO_voidTogglePinDirection+0xf4>
    1282:	88 0f       	add	r24, r24
    1284:	99 1f       	adc	r25, r25
    1286:	0a 94       	dec	r0
    1288:	e2 f7       	brpl	.-8      	; 0x1282 <MDIO_voidTogglePinDirection+0xf0>
    128a:	84 27       	eor	r24, r20
    128c:	8c 93       	st	X, r24
			break;
		default:break;

		}
	}
}
    128e:	0f 90       	pop	r0
    1290:	0f 90       	pop	r0
    1292:	0f 90       	pop	r0
    1294:	0f 90       	pop	r0
    1296:	cf 91       	pop	r28
    1298:	df 91       	pop	r29
    129a:	08 95       	ret

0000129c <MDIO_voidSetPortValue>:

void MDIO_voidSetPortValue (DIO_PORTS A_DIOPORT,u8 a_u8PORTVALUE)
{
    129c:	df 93       	push	r29
    129e:	cf 93       	push	r28
    12a0:	00 d0       	rcall	.+0      	; 0x12a2 <MDIO_voidSetPortValue+0x6>
    12a2:	00 d0       	rcall	.+0      	; 0x12a4 <MDIO_voidSetPortValue+0x8>
    12a4:	cd b7       	in	r28, 0x3d	; 61
    12a6:	de b7       	in	r29, 0x3e	; 62
    12a8:	89 83       	std	Y+1, r24	; 0x01
    12aa:	6a 83       	std	Y+2, r22	; 0x02
	if((A_DIOPORT<= PORTD))
    12ac:	89 81       	ldd	r24, Y+1	; 0x01
    12ae:	84 30       	cpi	r24, 0x04	; 4
    12b0:	90 f5       	brcc	.+100    	; 0x1316 <MDIO_voidSetPortValue+0x7a>
		{
			switch(A_DIOPORT)
    12b2:	89 81       	ldd	r24, Y+1	; 0x01
    12b4:	28 2f       	mov	r18, r24
    12b6:	30 e0       	ldi	r19, 0x00	; 0
    12b8:	3c 83       	std	Y+4, r19	; 0x04
    12ba:	2b 83       	std	Y+3, r18	; 0x03
    12bc:	8b 81       	ldd	r24, Y+3	; 0x03
    12be:	9c 81       	ldd	r25, Y+4	; 0x04
    12c0:	81 30       	cpi	r24, 0x01	; 1
    12c2:	91 05       	cpc	r25, r1
    12c4:	d1 f0       	breq	.+52     	; 0x12fa <MDIO_voidSetPortValue+0x5e>
    12c6:	2b 81       	ldd	r18, Y+3	; 0x03
    12c8:	3c 81       	ldd	r19, Y+4	; 0x04
    12ca:	22 30       	cpi	r18, 0x02	; 2
    12cc:	31 05       	cpc	r19, r1
    12ce:	2c f4       	brge	.+10     	; 0x12da <MDIO_voidSetPortValue+0x3e>
    12d0:	8b 81       	ldd	r24, Y+3	; 0x03
    12d2:	9c 81       	ldd	r25, Y+4	; 0x04
    12d4:	00 97       	sbiw	r24, 0x00	; 0
    12d6:	61 f0       	breq	.+24     	; 0x12f0 <MDIO_voidSetPortValue+0x54>
    12d8:	1e c0       	rjmp	.+60     	; 0x1316 <MDIO_voidSetPortValue+0x7a>
    12da:	2b 81       	ldd	r18, Y+3	; 0x03
    12dc:	3c 81       	ldd	r19, Y+4	; 0x04
    12de:	22 30       	cpi	r18, 0x02	; 2
    12e0:	31 05       	cpc	r19, r1
    12e2:	81 f0       	breq	.+32     	; 0x1304 <MDIO_voidSetPortValue+0x68>
    12e4:	8b 81       	ldd	r24, Y+3	; 0x03
    12e6:	9c 81       	ldd	r25, Y+4	; 0x04
    12e8:	83 30       	cpi	r24, 0x03	; 3
    12ea:	91 05       	cpc	r25, r1
    12ec:	81 f0       	breq	.+32     	; 0x130e <MDIO_voidSetPortValue+0x72>
    12ee:	13 c0       	rjmp	.+38     	; 0x1316 <MDIO_voidSetPortValue+0x7a>
			{
			case PORTA:
				SET_BYTE(PORTA_REG,a_u8PORTVALUE);
    12f0:	eb e3       	ldi	r30, 0x3B	; 59
    12f2:	f0 e0       	ldi	r31, 0x00	; 0
    12f4:	8a 81       	ldd	r24, Y+2	; 0x02
    12f6:	80 83       	st	Z, r24
    12f8:	0e c0       	rjmp	.+28     	; 0x1316 <MDIO_voidSetPortValue+0x7a>
				break;
			case PORTB:
				SET_BYTE(PORTB_REG,a_u8PORTVALUE);
    12fa:	e8 e3       	ldi	r30, 0x38	; 56
    12fc:	f0 e0       	ldi	r31, 0x00	; 0
    12fe:	8a 81       	ldd	r24, Y+2	; 0x02
    1300:	80 83       	st	Z, r24
    1302:	09 c0       	rjmp	.+18     	; 0x1316 <MDIO_voidSetPortValue+0x7a>

				break;
			case PORTC:
				SET_BYTE(PORTC_REG,a_u8PORTVALUE);
    1304:	e5 e3       	ldi	r30, 0x35	; 53
    1306:	f0 e0       	ldi	r31, 0x00	; 0
    1308:	8a 81       	ldd	r24, Y+2	; 0x02
    130a:	80 83       	st	Z, r24
    130c:	04 c0       	rjmp	.+8      	; 0x1316 <MDIO_voidSetPortValue+0x7a>

				break;
			case PORTD:
				SET_BYTE(PORTD_REG,a_u8PORTVALUE);
    130e:	e2 e3       	ldi	r30, 0x32	; 50
    1310:	f0 e0       	ldi	r31, 0x00	; 0
    1312:	8a 81       	ldd	r24, Y+2	; 0x02
    1314:	80 83       	st	Z, r24

				break;
			}
		}
}
    1316:	0f 90       	pop	r0
    1318:	0f 90       	pop	r0
    131a:	0f 90       	pop	r0
    131c:	0f 90       	pop	r0
    131e:	cf 91       	pop	r28
    1320:	df 91       	pop	r29
    1322:	08 95       	ret

00001324 <MDIO_voidSetPortDirection>:
void MDIO_voidSetPortDirection (DIO_PORTS A_DIOPORT,u8 a_u8PORTDIRECTION)
{
    1324:	df 93       	push	r29
    1326:	cf 93       	push	r28
    1328:	00 d0       	rcall	.+0      	; 0x132a <MDIO_voidSetPortDirection+0x6>
    132a:	00 d0       	rcall	.+0      	; 0x132c <MDIO_voidSetPortDirection+0x8>
    132c:	cd b7       	in	r28, 0x3d	; 61
    132e:	de b7       	in	r29, 0x3e	; 62
    1330:	89 83       	std	Y+1, r24	; 0x01
    1332:	6a 83       	std	Y+2, r22	; 0x02
	if((A_DIOPORT<= PORTD))
    1334:	89 81       	ldd	r24, Y+1	; 0x01
    1336:	84 30       	cpi	r24, 0x04	; 4
    1338:	90 f5       	brcc	.+100    	; 0x139e <MDIO_voidSetPortDirection+0x7a>
			{
				switch(A_DIOPORT)
    133a:	89 81       	ldd	r24, Y+1	; 0x01
    133c:	28 2f       	mov	r18, r24
    133e:	30 e0       	ldi	r19, 0x00	; 0
    1340:	3c 83       	std	Y+4, r19	; 0x04
    1342:	2b 83       	std	Y+3, r18	; 0x03
    1344:	8b 81       	ldd	r24, Y+3	; 0x03
    1346:	9c 81       	ldd	r25, Y+4	; 0x04
    1348:	81 30       	cpi	r24, 0x01	; 1
    134a:	91 05       	cpc	r25, r1
    134c:	d1 f0       	breq	.+52     	; 0x1382 <MDIO_voidSetPortDirection+0x5e>
    134e:	2b 81       	ldd	r18, Y+3	; 0x03
    1350:	3c 81       	ldd	r19, Y+4	; 0x04
    1352:	22 30       	cpi	r18, 0x02	; 2
    1354:	31 05       	cpc	r19, r1
    1356:	2c f4       	brge	.+10     	; 0x1362 <MDIO_voidSetPortDirection+0x3e>
    1358:	8b 81       	ldd	r24, Y+3	; 0x03
    135a:	9c 81       	ldd	r25, Y+4	; 0x04
    135c:	00 97       	sbiw	r24, 0x00	; 0
    135e:	61 f0       	breq	.+24     	; 0x1378 <MDIO_voidSetPortDirection+0x54>
    1360:	1e c0       	rjmp	.+60     	; 0x139e <MDIO_voidSetPortDirection+0x7a>
    1362:	2b 81       	ldd	r18, Y+3	; 0x03
    1364:	3c 81       	ldd	r19, Y+4	; 0x04
    1366:	22 30       	cpi	r18, 0x02	; 2
    1368:	31 05       	cpc	r19, r1
    136a:	81 f0       	breq	.+32     	; 0x138c <MDIO_voidSetPortDirection+0x68>
    136c:	8b 81       	ldd	r24, Y+3	; 0x03
    136e:	9c 81       	ldd	r25, Y+4	; 0x04
    1370:	83 30       	cpi	r24, 0x03	; 3
    1372:	91 05       	cpc	r25, r1
    1374:	81 f0       	breq	.+32     	; 0x1396 <MDIO_voidSetPortDirection+0x72>
    1376:	13 c0       	rjmp	.+38     	; 0x139e <MDIO_voidSetPortDirection+0x7a>
				{
				case PORTA:
					SET_BYTE(DDRA_REG,a_u8PORTDIRECTION);
    1378:	ea e3       	ldi	r30, 0x3A	; 58
    137a:	f0 e0       	ldi	r31, 0x00	; 0
    137c:	8a 81       	ldd	r24, Y+2	; 0x02
    137e:	80 83       	st	Z, r24
    1380:	0e c0       	rjmp	.+28     	; 0x139e <MDIO_voidSetPortDirection+0x7a>
					break;
				case PORTB:
					SET_BYTE(DDRB_REG,a_u8PORTDIRECTION);
    1382:	e7 e3       	ldi	r30, 0x37	; 55
    1384:	f0 e0       	ldi	r31, 0x00	; 0
    1386:	8a 81       	ldd	r24, Y+2	; 0x02
    1388:	80 83       	st	Z, r24
    138a:	09 c0       	rjmp	.+18     	; 0x139e <MDIO_voidSetPortDirection+0x7a>

					break;
				case PORTC:
					SET_BYTE(DDRC_REG,a_u8PORTDIRECTION);
    138c:	e4 e3       	ldi	r30, 0x34	; 52
    138e:	f0 e0       	ldi	r31, 0x00	; 0
    1390:	8a 81       	ldd	r24, Y+2	; 0x02
    1392:	80 83       	st	Z, r24
    1394:	04 c0       	rjmp	.+8      	; 0x139e <MDIO_voidSetPortDirection+0x7a>

					break;
				case PORTD:
					SET_BYTE(DDRD_REG,a_u8PORTDIRECTION);
    1396:	e1 e3       	ldi	r30, 0x31	; 49
    1398:	f0 e0       	ldi	r31, 0x00	; 0
    139a:	8a 81       	ldd	r24, Y+2	; 0x02
    139c:	80 83       	st	Z, r24

					break;
				}
			}
}
    139e:	0f 90       	pop	r0
    13a0:	0f 90       	pop	r0
    13a2:	0f 90       	pop	r0
    13a4:	0f 90       	pop	r0
    13a6:	cf 91       	pop	r28
    13a8:	df 91       	pop	r29
    13aa:	08 95       	ret

000013ac <MDIO_pinValueGetPinValue>:

PIN_VALUE MDIO_pinValueGetPinValue(DIO_PORTS A_DIOPORT, DIO_PINS A_DIOPIN)
{
    13ac:	df 93       	push	r29
    13ae:	cf 93       	push	r28
    13b0:	00 d0       	rcall	.+0      	; 0x13b2 <MDIO_pinValueGetPinValue+0x6>
    13b2:	00 d0       	rcall	.+0      	; 0x13b4 <MDIO_pinValueGetPinValue+0x8>
    13b4:	0f 92       	push	r0
    13b6:	cd b7       	in	r28, 0x3d	; 61
    13b8:	de b7       	in	r29, 0x3e	; 62
    13ba:	8a 83       	std	Y+2, r24	; 0x02
    13bc:	6b 83       	std	Y+3, r22	; 0x03
	PIN_VALUE VALUE;
	if((A_DIOPORT<= PORTD) && (A_DIOPIN<=PIN7 ))
    13be:	8a 81       	ldd	r24, Y+2	; 0x02
    13c0:	84 30       	cpi	r24, 0x04	; 4
    13c2:	08 f0       	brcs	.+2      	; 0x13c6 <MDIO_pinValueGetPinValue+0x1a>
    13c4:	6b c0       	rjmp	.+214    	; 0x149c <MDIO_pinValueGetPinValue+0xf0>
    13c6:	8b 81       	ldd	r24, Y+3	; 0x03
    13c8:	88 30       	cpi	r24, 0x08	; 8
    13ca:	08 f0       	brcs	.+2      	; 0x13ce <MDIO_pinValueGetPinValue+0x22>
    13cc:	67 c0       	rjmp	.+206    	; 0x149c <MDIO_pinValueGetPinValue+0xf0>
		{
			switch(A_DIOPORT)
    13ce:	8a 81       	ldd	r24, Y+2	; 0x02
    13d0:	28 2f       	mov	r18, r24
    13d2:	30 e0       	ldi	r19, 0x00	; 0
    13d4:	3d 83       	std	Y+5, r19	; 0x05
    13d6:	2c 83       	std	Y+4, r18	; 0x04
    13d8:	4c 81       	ldd	r20, Y+4	; 0x04
    13da:	5d 81       	ldd	r21, Y+5	; 0x05
    13dc:	41 30       	cpi	r20, 0x01	; 1
    13de:	51 05       	cpc	r21, r1
    13e0:	41 f1       	breq	.+80     	; 0x1432 <MDIO_pinValueGetPinValue+0x86>
    13e2:	8c 81       	ldd	r24, Y+4	; 0x04
    13e4:	9d 81       	ldd	r25, Y+5	; 0x05
    13e6:	82 30       	cpi	r24, 0x02	; 2
    13e8:	91 05       	cpc	r25, r1
    13ea:	34 f4       	brge	.+12     	; 0x13f8 <MDIO_pinValueGetPinValue+0x4c>
    13ec:	2c 81       	ldd	r18, Y+4	; 0x04
    13ee:	3d 81       	ldd	r19, Y+5	; 0x05
    13f0:	21 15       	cp	r18, r1
    13f2:	31 05       	cpc	r19, r1
    13f4:	61 f0       	breq	.+24     	; 0x140e <MDIO_pinValueGetPinValue+0x62>
    13f6:	52 c0       	rjmp	.+164    	; 0x149c <MDIO_pinValueGetPinValue+0xf0>
    13f8:	4c 81       	ldd	r20, Y+4	; 0x04
    13fa:	5d 81       	ldd	r21, Y+5	; 0x05
    13fc:	42 30       	cpi	r20, 0x02	; 2
    13fe:	51 05       	cpc	r21, r1
    1400:	51 f1       	breq	.+84     	; 0x1456 <MDIO_pinValueGetPinValue+0xaa>
    1402:	8c 81       	ldd	r24, Y+4	; 0x04
    1404:	9d 81       	ldd	r25, Y+5	; 0x05
    1406:	83 30       	cpi	r24, 0x03	; 3
    1408:	91 05       	cpc	r25, r1
    140a:	b9 f1       	breq	.+110    	; 0x147a <MDIO_pinValueGetPinValue+0xce>
    140c:	47 c0       	rjmp	.+142    	; 0x149c <MDIO_pinValueGetPinValue+0xf0>
			{

			case PORTA:
				VALUE=GET_BIT(PINA_REG,A_DIOPIN);
    140e:	e9 e3       	ldi	r30, 0x39	; 57
    1410:	f0 e0       	ldi	r31, 0x00	; 0
    1412:	80 81       	ld	r24, Z
    1414:	28 2f       	mov	r18, r24
    1416:	30 e0       	ldi	r19, 0x00	; 0
    1418:	8b 81       	ldd	r24, Y+3	; 0x03
    141a:	88 2f       	mov	r24, r24
    141c:	90 e0       	ldi	r25, 0x00	; 0
    141e:	a9 01       	movw	r20, r18
    1420:	02 c0       	rjmp	.+4      	; 0x1426 <MDIO_pinValueGetPinValue+0x7a>
    1422:	55 95       	asr	r21
    1424:	47 95       	ror	r20
    1426:	8a 95       	dec	r24
    1428:	e2 f7       	brpl	.-8      	; 0x1422 <MDIO_pinValueGetPinValue+0x76>
    142a:	ca 01       	movw	r24, r20
    142c:	81 70       	andi	r24, 0x01	; 1
    142e:	89 83       	std	Y+1, r24	; 0x01
    1430:	35 c0       	rjmp	.+106    	; 0x149c <MDIO_pinValueGetPinValue+0xf0>
				break;

			case PORTB:
				VALUE=GET_BIT(PINB_REG,A_DIOPIN);
    1432:	e6 e3       	ldi	r30, 0x36	; 54
    1434:	f0 e0       	ldi	r31, 0x00	; 0
    1436:	80 81       	ld	r24, Z
    1438:	28 2f       	mov	r18, r24
    143a:	30 e0       	ldi	r19, 0x00	; 0
    143c:	8b 81       	ldd	r24, Y+3	; 0x03
    143e:	88 2f       	mov	r24, r24
    1440:	90 e0       	ldi	r25, 0x00	; 0
    1442:	a9 01       	movw	r20, r18
    1444:	02 c0       	rjmp	.+4      	; 0x144a <MDIO_pinValueGetPinValue+0x9e>
    1446:	55 95       	asr	r21
    1448:	47 95       	ror	r20
    144a:	8a 95       	dec	r24
    144c:	e2 f7       	brpl	.-8      	; 0x1446 <MDIO_pinValueGetPinValue+0x9a>
    144e:	ca 01       	movw	r24, r20
    1450:	81 70       	andi	r24, 0x01	; 1
    1452:	89 83       	std	Y+1, r24	; 0x01
    1454:	23 c0       	rjmp	.+70     	; 0x149c <MDIO_pinValueGetPinValue+0xf0>
				break;

			case PORTC:
				VALUE=GET_BIT(PINC_REG,A_DIOPIN);
    1456:	e3 e3       	ldi	r30, 0x33	; 51
    1458:	f0 e0       	ldi	r31, 0x00	; 0
    145a:	80 81       	ld	r24, Z
    145c:	28 2f       	mov	r18, r24
    145e:	30 e0       	ldi	r19, 0x00	; 0
    1460:	8b 81       	ldd	r24, Y+3	; 0x03
    1462:	88 2f       	mov	r24, r24
    1464:	90 e0       	ldi	r25, 0x00	; 0
    1466:	a9 01       	movw	r20, r18
    1468:	02 c0       	rjmp	.+4      	; 0x146e <MDIO_pinValueGetPinValue+0xc2>
    146a:	55 95       	asr	r21
    146c:	47 95       	ror	r20
    146e:	8a 95       	dec	r24
    1470:	e2 f7       	brpl	.-8      	; 0x146a <MDIO_pinValueGetPinValue+0xbe>
    1472:	ca 01       	movw	r24, r20
    1474:	81 70       	andi	r24, 0x01	; 1
    1476:	89 83       	std	Y+1, r24	; 0x01
    1478:	11 c0       	rjmp	.+34     	; 0x149c <MDIO_pinValueGetPinValue+0xf0>
				break;

			case PORTD:
				VALUE=GET_BIT(PIND_REG,A_DIOPIN);
    147a:	e0 e3       	ldi	r30, 0x30	; 48
    147c:	f0 e0       	ldi	r31, 0x00	; 0
    147e:	80 81       	ld	r24, Z
    1480:	28 2f       	mov	r18, r24
    1482:	30 e0       	ldi	r19, 0x00	; 0
    1484:	8b 81       	ldd	r24, Y+3	; 0x03
    1486:	88 2f       	mov	r24, r24
    1488:	90 e0       	ldi	r25, 0x00	; 0
    148a:	a9 01       	movw	r20, r18
    148c:	02 c0       	rjmp	.+4      	; 0x1492 <MDIO_pinValueGetPinValue+0xe6>
    148e:	55 95       	asr	r21
    1490:	47 95       	ror	r20
    1492:	8a 95       	dec	r24
    1494:	e2 f7       	brpl	.-8      	; 0x148e <MDIO_pinValueGetPinValue+0xe2>
    1496:	ca 01       	movw	r24, r20
    1498:	81 70       	andi	r24, 0x01	; 1
    149a:	89 83       	std	Y+1, r24	; 0x01
				break;
			default:break;
			}
		}
	return VALUE;
    149c:	89 81       	ldd	r24, Y+1	; 0x01

}
    149e:	0f 90       	pop	r0
    14a0:	0f 90       	pop	r0
    14a2:	0f 90       	pop	r0
    14a4:	0f 90       	pop	r0
    14a6:	0f 90       	pop	r0
    14a8:	cf 91       	pop	r28
    14aa:	df 91       	pop	r29
    14ac:	08 95       	ret

000014ae <gameInit>:
static u8 g_prevRight = 1;
static u8 g_prevReset = 1;


void gameInit()
{
    14ae:	df 93       	push	r29
    14b0:	cf 93       	push	r28
    14b2:	cd b7       	in	r28, 0x3d	; 61
    14b4:	de b7       	in	r29, 0x3e	; 62
    HLCD_voidInit();
    14b6:	0e 94 46 12 	call	0x248c	; 0x248c <HLCD_voidInit>

    SevenSegment_Init();
    14ba:	0e 94 a3 05 	call	0xb46	; 0xb46 <SevenSegment_Init>
    SevenSegment_DisplayNumber(0);
    14be:	80 e0       	ldi	r24, 0x00	; 0
    14c0:	0e 94 ae 05 	call	0xb5c	; 0xb5c <SevenSegment_DisplayNumber>

    MDIO_voidSetPinValue(BUTTON_PORT, MOVE_UP, DIO_HIGH);
    14c4:	80 e0       	ldi	r24, 0x00	; 0
    14c6:	60 e0       	ldi	r22, 0x00	; 0
    14c8:	41 e0       	ldi	r20, 0x01	; 1
    14ca:	0e 94 22 07 	call	0xe44	; 0xe44 <MDIO_voidSetPinValue>
    MDIO_voidSetPinValue(BUTTON_PORT, MOVE_DOWN, DIO_HIGH);
    14ce:	80 e0       	ldi	r24, 0x00	; 0
    14d0:	61 e0       	ldi	r22, 0x01	; 1
    14d2:	41 e0       	ldi	r20, 0x01	; 1
    14d4:	0e 94 22 07 	call	0xe44	; 0xe44 <MDIO_voidSetPinValue>
    MDIO_voidSetPinValue(BUTTON_PORT, MOVE_RIGHT, DIO_HIGH);
    14d8:	80 e0       	ldi	r24, 0x00	; 0
    14da:	62 e0       	ldi	r22, 0x02	; 2
    14dc:	41 e0       	ldi	r20, 0x01	; 1
    14de:	0e 94 22 07 	call	0xe44	; 0xe44 <MDIO_voidSetPinValue>
    MDIO_voidSetPinValue(BUTTON_PORT, MOVE_LEFT, DIO_HIGH);
    14e2:	80 e0       	ldi	r24, 0x00	; 0
    14e4:	63 e0       	ldi	r22, 0x03	; 3
    14e6:	41 e0       	ldi	r20, 0x01	; 1
    14e8:	0e 94 22 07 	call	0xe44	; 0xe44 <MDIO_voidSetPinValue>
    MDIO_voidSetPinValue(BUTTON_PORT, RESET, DIO_HIGH);
    14ec:	80 e0       	ldi	r24, 0x00	; 0
    14ee:	64 e0       	ldi	r22, 0x04	; 4
    14f0:	41 e0       	ldi	r20, 0x01	; 1
    14f2:	0e 94 22 07 	call	0xe44	; 0xe44 <MDIO_voidSetPinValue>

    MDIO_voidSetPinDirection(BUTTON_PORT, MOVE_UP, DIO_INPUT);
    14f6:	80 e0       	ldi	r24, 0x00	; 0
    14f8:	60 e0       	ldi	r22, 0x00	; 0
    14fa:	40 e0       	ldi	r20, 0x00	; 0
    14fc:	0e 94 00 06 	call	0xc00	; 0xc00 <MDIO_voidSetPinDirection>
    MDIO_voidSetPinDirection(BUTTON_PORT, MOVE_DOWN, DIO_INPUT);
    1500:	80 e0       	ldi	r24, 0x00	; 0
    1502:	61 e0       	ldi	r22, 0x01	; 1
    1504:	40 e0       	ldi	r20, 0x00	; 0
    1506:	0e 94 00 06 	call	0xc00	; 0xc00 <MDIO_voidSetPinDirection>
    MDIO_voidSetPinDirection(BUTTON_PORT, MOVE_RIGHT, DIO_INPUT);
    150a:	80 e0       	ldi	r24, 0x00	; 0
    150c:	62 e0       	ldi	r22, 0x02	; 2
    150e:	40 e0       	ldi	r20, 0x00	; 0
    1510:	0e 94 00 06 	call	0xc00	; 0xc00 <MDIO_voidSetPinDirection>
    MDIO_voidSetPinDirection(BUTTON_PORT, MOVE_LEFT, DIO_INPUT);
    1514:	80 e0       	ldi	r24, 0x00	; 0
    1516:	63 e0       	ldi	r22, 0x03	; 3
    1518:	40 e0       	ldi	r20, 0x00	; 0
    151a:	0e 94 00 06 	call	0xc00	; 0xc00 <MDIO_voidSetPinDirection>
    MDIO_voidSetPinDirection(BUTTON_PORT, RESET, DIO_INPUT);
    151e:	80 e0       	ldi	r24, 0x00	; 0
    1520:	64 e0       	ldi	r22, 0x04	; 4
    1522:	40 e0       	ldi	r20, 0x00	; 0
    1524:	0e 94 00 06 	call	0xc00	; 0xc00 <MDIO_voidSetPinDirection>

   // MDIO_voidSetPortValue(SEGMENT_PORT, 0xFF);
    //MDIO_voidSetPortDirection(SEGMENT_PORT, 0x00);

}
    1528:	cf 91       	pop	r28
    152a:	df 91       	pop	r29
    152c:	08 95       	ret

0000152e <snakeInit>:

void snakeInit(void)
{
    152e:	df 93       	push	r29
    1530:	cf 93       	push	r28
    1532:	cd b7       	in	r28, 0x3d	; 61
    1534:	de b7       	in	r29, 0x3e	; 62
    g_snake.length = 4;
    1536:	84 e0       	ldi	r24, 0x04	; 4
    1538:	80 93 50 01 	sts	0x0150, r24
    g_snake.currentDir = DIR_RIGHT;
    153c:	83 e0       	ldi	r24, 0x03	; 3
    153e:	80 93 52 01 	sts	0x0152, r24
    g_snake.nextDir = DIR_RIGHT;
    1542:	83 e0       	ldi	r24, 0x03	; 3
    1544:	80 93 51 01 	sts	0x0151, r24
    g_snake.isDead = 0;
    1548:	10 92 53 01 	sts	0x0153, r1
    g_snake.score = 0;
    154c:	10 92 55 01 	sts	0x0155, r1
    1550:	10 92 54 01 	sts	0x0154, r1

    SevenSegment_DisplayNumber(g_snake.score);
    1554:	80 91 54 01 	lds	r24, 0x0154
    1558:	90 91 55 01 	lds	r25, 0x0155
    155c:	0e 94 ae 05 	call	0xb5c	; 0xb5c <SevenSegment_DisplayNumber>

    g_snake.body[0].x = 8;
    1560:	88 e0       	ldi	r24, 0x08	; 8
    1562:	80 93 ec 00 	sts	0x00EC, r24
    g_snake.body[0].y = 1;
    1566:	81 e0       	ldi	r24, 0x01	; 1
    1568:	80 93 ed 00 	sts	0x00ED, r24
    g_snake.body[1].x = 7;
    156c:	87 e0       	ldi	r24, 0x07	; 7
    156e:	80 93 ee 00 	sts	0x00EE, r24
    g_snake.body[1].y = 1;
    1572:	81 e0       	ldi	r24, 0x01	; 1
    1574:	80 93 ef 00 	sts	0x00EF, r24
    g_snake.body[2].x = 6;
    1578:	86 e0       	ldi	r24, 0x06	; 6
    157a:	80 93 f0 00 	sts	0x00F0, r24
    g_snake.body[2].y = 1;
    157e:	81 e0       	ldi	r24, 0x01	; 1
    1580:	80 93 f1 00 	sts	0x00F1, r24
    g_snake.body[3].x = 5;
    1584:	85 e0       	ldi	r24, 0x05	; 5
    1586:	80 93 f2 00 	sts	0x00F2, r24
    g_snake.body[3].y = 1;
    158a:	81 e0       	ldi	r24, 0x01	; 1
    158c:	80 93 f3 00 	sts	0x00F3, r24

    HLCD_voidClearDisplay();
    1590:	0e 94 e2 15 	call	0x2bc4	; 0x2bc4 <HLCD_voidClearDisplay>

    generateFood();
    1594:	0e 94 6c 0b 	call	0x16d8	; 0x16d8 <generateFood>

    g_gameOver = 0;
    1598:	10 92 59 01 	sts	0x0159, r1
    g_gameRunning = 1;
    159c:	81 e0       	ldi	r24, 0x01	; 1
    159e:	80 93 58 01 	sts	0x0158, r24

    g_prevUp = 1;
    15a2:	81 e0       	ldi	r24, 0x01	; 1
    15a4:	80 93 e6 00 	sts	0x00E6, r24
    g_prevDown = 1;
    15a8:	81 e0       	ldi	r24, 0x01	; 1
    15aa:	80 93 e7 00 	sts	0x00E7, r24
    g_prevLeft = 1;
    15ae:	81 e0       	ldi	r24, 0x01	; 1
    15b0:	80 93 e8 00 	sts	0x00E8, r24
    g_prevRight = 1;
    15b4:	81 e0       	ldi	r24, 0x01	; 1
    15b6:	80 93 e9 00 	sts	0x00E9, r24
    g_prevReset = 1;
    15ba:	81 e0       	ldi	r24, 0x01	; 1
    15bc:	80 93 ea 00 	sts	0x00EA, r24
}
    15c0:	cf 91       	pop	r28
    15c2:	df 91       	pop	r29
    15c4:	08 95       	ret

000015c6 <gameReset>:

void gameReset(void)
{
    15c6:	df 93       	push	r29
    15c8:	cf 93       	push	r28
    15ca:	cd b7       	in	r28, 0x3d	; 61
    15cc:	de b7       	in	r29, 0x3e	; 62
    15ce:	2e 97       	sbiw	r28, 0x0e	; 14
    15d0:	0f b6       	in	r0, 0x3f	; 63
    15d2:	f8 94       	cli
    15d4:	de bf       	out	0x3e, r29	; 62
    15d6:	0f be       	out	0x3f, r0	; 63
    15d8:	cd bf       	out	0x3d, r28	; 61
    HLCD_voidClearDisplay();
    15da:	0e 94 e2 15 	call	0x2bc4	; 0x2bc4 <HLCD_voidClearDisplay>
    15de:	80 e0       	ldi	r24, 0x00	; 0
    15e0:	90 e0       	ldi	r25, 0x00	; 0
    15e2:	a8 e4       	ldi	r26, 0x48	; 72
    15e4:	b3 e4       	ldi	r27, 0x43	; 67
    15e6:	8b 87       	std	Y+11, r24	; 0x0b
    15e8:	9c 87       	std	Y+12, r25	; 0x0c
    15ea:	ad 87       	std	Y+13, r26	; 0x0d
    15ec:	be 87       	std	Y+14, r27	; 0x0e
 */
void
_delay_ms(double __ms)
{
	uint16_t __ticks;
	double __tmp = ((F_CPU) / 4e3) * __ms;
    15ee:	6b 85       	ldd	r22, Y+11	; 0x0b
    15f0:	7c 85       	ldd	r23, Y+12	; 0x0c
    15f2:	8d 85       	ldd	r24, Y+13	; 0x0d
    15f4:	9e 85       	ldd	r25, Y+14	; 0x0e
    15f6:	20 e0       	ldi	r18, 0x00	; 0
    15f8:	30 e0       	ldi	r19, 0x00	; 0
    15fa:	4a ef       	ldi	r20, 0xFA	; 250
    15fc:	54 e4       	ldi	r21, 0x44	; 68
    15fe:	0e 94 1f 02 	call	0x43e	; 0x43e <__mulsf3>
    1602:	dc 01       	movw	r26, r24
    1604:	cb 01       	movw	r24, r22
    1606:	8f 83       	std	Y+7, r24	; 0x07
    1608:	98 87       	std	Y+8, r25	; 0x08
    160a:	a9 87       	std	Y+9, r26	; 0x09
    160c:	ba 87       	std	Y+10, r27	; 0x0a
	if (__tmp < 1.0)
    160e:	6f 81       	ldd	r22, Y+7	; 0x07
    1610:	78 85       	ldd	r23, Y+8	; 0x08
    1612:	89 85       	ldd	r24, Y+9	; 0x09
    1614:	9a 85       	ldd	r25, Y+10	; 0x0a
    1616:	20 e0       	ldi	r18, 0x00	; 0
    1618:	30 e0       	ldi	r19, 0x00	; 0
    161a:	40 e8       	ldi	r20, 0x80	; 128
    161c:	5f e3       	ldi	r21, 0x3F	; 63
    161e:	0e 94 79 03 	call	0x6f2	; 0x6f2 <__ltsf2>
    1622:	88 23       	and	r24, r24
    1624:	2c f4       	brge	.+10     	; 0x1630 <gameReset+0x6a>
		__ticks = 1;
    1626:	81 e0       	ldi	r24, 0x01	; 1
    1628:	90 e0       	ldi	r25, 0x00	; 0
    162a:	9e 83       	std	Y+6, r25	; 0x06
    162c:	8d 83       	std	Y+5, r24	; 0x05
    162e:	3f c0       	rjmp	.+126    	; 0x16ae <gameReset+0xe8>
	else if (__tmp > 65535)
    1630:	6f 81       	ldd	r22, Y+7	; 0x07
    1632:	78 85       	ldd	r23, Y+8	; 0x08
    1634:	89 85       	ldd	r24, Y+9	; 0x09
    1636:	9a 85       	ldd	r25, Y+10	; 0x0a
    1638:	20 e0       	ldi	r18, 0x00	; 0
    163a:	3f ef       	ldi	r19, 0xFF	; 255
    163c:	4f e7       	ldi	r20, 0x7F	; 127
    163e:	57 e4       	ldi	r21, 0x47	; 71
    1640:	0e 94 19 03 	call	0x632	; 0x632 <__gtsf2>
    1644:	18 16       	cp	r1, r24
    1646:	4c f5       	brge	.+82     	; 0x169a <gameReset+0xd4>
	{
		//	__ticks = requested delay in 1/10 ms
		__ticks = (uint16_t) (__ms * 10.0);
    1648:	6b 85       	ldd	r22, Y+11	; 0x0b
    164a:	7c 85       	ldd	r23, Y+12	; 0x0c
    164c:	8d 85       	ldd	r24, Y+13	; 0x0d
    164e:	9e 85       	ldd	r25, Y+14	; 0x0e
    1650:	20 e0       	ldi	r18, 0x00	; 0
    1652:	30 e0       	ldi	r19, 0x00	; 0
    1654:	40 e2       	ldi	r20, 0x20	; 32
    1656:	51 e4       	ldi	r21, 0x41	; 65
    1658:	0e 94 1f 02 	call	0x43e	; 0x43e <__mulsf3>
    165c:	dc 01       	movw	r26, r24
    165e:	cb 01       	movw	r24, r22
    1660:	bc 01       	movw	r22, r24
    1662:	cd 01       	movw	r24, r26
    1664:	0e 94 49 00 	call	0x92	; 0x92 <__fixunssfsi>
    1668:	dc 01       	movw	r26, r24
    166a:	cb 01       	movw	r24, r22
    166c:	9e 83       	std	Y+6, r25	; 0x06
    166e:	8d 83       	std	Y+5, r24	; 0x05
    1670:	0f c0       	rjmp	.+30     	; 0x1690 <gameReset+0xca>
    1672:	88 ec       	ldi	r24, 0xC8	; 200
    1674:	90 e0       	ldi	r25, 0x00	; 0
    1676:	9c 83       	std	Y+4, r25	; 0x04
    1678:	8b 83       	std	Y+3, r24	; 0x03
    milliseconds can be achieved.
 */
void
_delay_loop_2(uint16_t __count)
{
	__asm__ volatile (
    167a:	8b 81       	ldd	r24, Y+3	; 0x03
    167c:	9c 81       	ldd	r25, Y+4	; 0x04
    167e:	01 97       	sbiw	r24, 0x01	; 1
    1680:	f1 f7       	brne	.-4      	; 0x167e <gameReset+0xb8>
    1682:	9c 83       	std	Y+4, r25	; 0x04
    1684:	8b 83       	std	Y+3, r24	; 0x03
		while(__ticks)
		{
			// wait 1/10 ms
			_delay_loop_2(((F_CPU) / 4e3) / 10);
			__ticks --;
    1686:	8d 81       	ldd	r24, Y+5	; 0x05
    1688:	9e 81       	ldd	r25, Y+6	; 0x06
    168a:	01 97       	sbiw	r24, 0x01	; 1
    168c:	9e 83       	std	Y+6, r25	; 0x06
    168e:	8d 83       	std	Y+5, r24	; 0x05
		__ticks = 1;
	else if (__tmp > 65535)
	{
		//	__ticks = requested delay in 1/10 ms
		__ticks = (uint16_t) (__ms * 10.0);
		while(__ticks)
    1690:	8d 81       	ldd	r24, Y+5	; 0x05
    1692:	9e 81       	ldd	r25, Y+6	; 0x06
    1694:	00 97       	sbiw	r24, 0x00	; 0
    1696:	69 f7       	brne	.-38     	; 0x1672 <gameReset+0xac>
    1698:	14 c0       	rjmp	.+40     	; 0x16c2 <gameReset+0xfc>
			__ticks --;
		}
		return;
	}
	else
		__ticks = (uint16_t)__tmp;
    169a:	6f 81       	ldd	r22, Y+7	; 0x07
    169c:	78 85       	ldd	r23, Y+8	; 0x08
    169e:	89 85       	ldd	r24, Y+9	; 0x09
    16a0:	9a 85       	ldd	r25, Y+10	; 0x0a
    16a2:	0e 94 49 00 	call	0x92	; 0x92 <__fixunssfsi>
    16a6:	dc 01       	movw	r26, r24
    16a8:	cb 01       	movw	r24, r22
    16aa:	9e 83       	std	Y+6, r25	; 0x06
    16ac:	8d 83       	std	Y+5, r24	; 0x05
    16ae:	8d 81       	ldd	r24, Y+5	; 0x05
    16b0:	9e 81       	ldd	r25, Y+6	; 0x06
    16b2:	9a 83       	std	Y+2, r25	; 0x02
    16b4:	89 83       	std	Y+1, r24	; 0x01
    16b6:	89 81       	ldd	r24, Y+1	; 0x01
    16b8:	9a 81       	ldd	r25, Y+2	; 0x02
    16ba:	01 97       	sbiw	r24, 0x01	; 1
    16bc:	f1 f7       	brne	.-4      	; 0x16ba <gameReset+0xf4>
    16be:	9a 83       	std	Y+2, r25	; 0x02
    16c0:	89 83       	std	Y+1, r24	; 0x01
    _delay_ms(200);
    snakeInit();
    16c2:	0e 94 97 0a 	call	0x152e	; 0x152e <snakeInit>
}
    16c6:	2e 96       	adiw	r28, 0x0e	; 14
    16c8:	0f b6       	in	r0, 0x3f	; 63
    16ca:	f8 94       	cli
    16cc:	de bf       	out	0x3e, r29	; 62
    16ce:	0f be       	out	0x3f, r0	; 63
    16d0:	cd bf       	out	0x3d, r28	; 61
    16d2:	cf 91       	pop	r28
    16d4:	df 91       	pop	r29
    16d6:	08 95       	ret

000016d8 <generateFood>:

void generateFood(void)
{
    16d8:	df 93       	push	r29
    16da:	cf 93       	push	r28
    16dc:	cd b7       	in	r28, 0x3d	; 61
    16de:	de b7       	in	r29, 0x3e	; 62
    do {
        g_food.x = rand() % 20;
    16e0:	0e 94 f5 18 	call	0x31ea	; 0x31ea <rand>
    16e4:	24 e1       	ldi	r18, 0x14	; 20
    16e6:	30 e0       	ldi	r19, 0x00	; 0
    16e8:	b9 01       	movw	r22, r18
    16ea:	0e 94 24 18 	call	0x3048	; 0x3048 <__divmodhi4>
    16ee:	80 93 56 01 	sts	0x0156, r24
        g_food.y = rand() % 4;
    16f2:	0e 94 f5 18 	call	0x31ea	; 0x31ea <rand>
    16f6:	24 e0       	ldi	r18, 0x04	; 4
    16f8:	30 e0       	ldi	r19, 0x00	; 0
    16fa:	b9 01       	movw	r22, r18
    16fc:	0e 94 24 18 	call	0x3048	; 0x3048 <__divmodhi4>
    1700:	80 93 57 01 	sts	0x0157, r24
    } while(checkFoodPosition(g_food.x, g_food.y));
    1704:	80 91 56 01 	lds	r24, 0x0156
    1708:	90 91 57 01 	lds	r25, 0x0157
    170c:	69 2f       	mov	r22, r25
    170e:	0e 94 8e 0b 	call	0x171c	; 0x171c <checkFoodPosition>
    1712:	88 23       	and	r24, r24
    1714:	29 f7       	brne	.-54     	; 0x16e0 <generateFood+0x8>
}
    1716:	cf 91       	pop	r28
    1718:	df 91       	pop	r29
    171a:	08 95       	ret

0000171c <checkFoodPosition>:

u8 checkFoodPosition(u8 x, u8 y)
{
    171c:	df 93       	push	r29
    171e:	cf 93       	push	r28
    1720:	00 d0       	rcall	.+0      	; 0x1722 <checkFoodPosition+0x6>
    1722:	00 d0       	rcall	.+0      	; 0x1724 <checkFoodPosition+0x8>
    1724:	cd b7       	in	r28, 0x3d	; 61
    1726:	de b7       	in	r29, 0x3e	; 62
    1728:	8a 83       	std	Y+2, r24	; 0x02
    172a:	6b 83       	std	Y+3, r22	; 0x03
    for(u8 i = 0; i < g_snake.length; i++) {
    172c:	19 82       	std	Y+1, r1	; 0x01
    172e:	1e c0       	rjmp	.+60     	; 0x176c <checkFoodPosition+0x50>
        if(g_snake.body[i].x == x && g_snake.body[i].y == y) {
    1730:	89 81       	ldd	r24, Y+1	; 0x01
    1732:	88 2f       	mov	r24, r24
    1734:	90 e0       	ldi	r25, 0x00	; 0
    1736:	88 0f       	add	r24, r24
    1738:	99 1f       	adc	r25, r25
    173a:	fc 01       	movw	r30, r24
    173c:	e4 51       	subi	r30, 0x14	; 20
    173e:	ff 4f       	sbci	r31, 0xFF	; 255
    1740:	90 81       	ld	r25, Z
    1742:	8a 81       	ldd	r24, Y+2	; 0x02
    1744:	98 17       	cp	r25, r24
    1746:	79 f4       	brne	.+30     	; 0x1766 <checkFoodPosition+0x4a>
    1748:	89 81       	ldd	r24, Y+1	; 0x01
    174a:	88 2f       	mov	r24, r24
    174c:	90 e0       	ldi	r25, 0x00	; 0
    174e:	88 0f       	add	r24, r24
    1750:	99 1f       	adc	r25, r25
    1752:	fc 01       	movw	r30, r24
    1754:	e3 51       	subi	r30, 0x13	; 19
    1756:	ff 4f       	sbci	r31, 0xFF	; 255
    1758:	90 81       	ld	r25, Z
    175a:	8b 81       	ldd	r24, Y+3	; 0x03
    175c:	98 17       	cp	r25, r24
    175e:	19 f4       	brne	.+6      	; 0x1766 <checkFoodPosition+0x4a>
            return 1;
    1760:	81 e0       	ldi	r24, 0x01	; 1
    1762:	8c 83       	std	Y+4, r24	; 0x04
    1764:	09 c0       	rjmp	.+18     	; 0x1778 <checkFoodPosition+0x5c>
    } while(checkFoodPosition(g_food.x, g_food.y));
}

u8 checkFoodPosition(u8 x, u8 y)
{
    for(u8 i = 0; i < g_snake.length; i++) {
    1766:	89 81       	ldd	r24, Y+1	; 0x01
    1768:	8f 5f       	subi	r24, 0xFF	; 255
    176a:	89 83       	std	Y+1, r24	; 0x01
    176c:	90 91 50 01 	lds	r25, 0x0150
    1770:	89 81       	ldd	r24, Y+1	; 0x01
    1772:	89 17       	cp	r24, r25
    1774:	e8 f2       	brcs	.-70     	; 0x1730 <checkFoodPosition+0x14>
        if(g_snake.body[i].x == x && g_snake.body[i].y == y) {
            return 1;
        }
    }
    return 0;
    1776:	1c 82       	std	Y+4, r1	; 0x04
    1778:	8c 81       	ldd	r24, Y+4	; 0x04
}
    177a:	0f 90       	pop	r0
    177c:	0f 90       	pop	r0
    177e:	0f 90       	pop	r0
    1780:	0f 90       	pop	r0
    1782:	cf 91       	pop	r28
    1784:	df 91       	pop	r29
    1786:	08 95       	ret

00001788 <checkCollision>:

u8 checkCollision(Position newHead)
{
    1788:	df 93       	push	r29
    178a:	cf 93       	push	r28
    178c:	00 d0       	rcall	.+0      	; 0x178e <checkCollision+0x6>
    178e:	00 d0       	rcall	.+0      	; 0x1790 <checkCollision+0x8>
    1790:	cd b7       	in	r28, 0x3d	; 61
    1792:	de b7       	in	r29, 0x3e	; 62
    1794:	9b 83       	std	Y+3, r25	; 0x03
    1796:	8a 83       	std	Y+2, r24	; 0x02
    if(newHead.x < 0 || newHead.x >= 20 || newHead.y < 0 || newHead.y >= 4) {
    1798:	8a 81       	ldd	r24, Y+2	; 0x02
    179a:	84 31       	cpi	r24, 0x14	; 20
    179c:	18 f4       	brcc	.+6      	; 0x17a4 <checkCollision+0x1c>
    179e:	8b 81       	ldd	r24, Y+3	; 0x03
    17a0:	84 30       	cpi	r24, 0x04	; 4
    17a2:	18 f0       	brcs	.+6      	; 0x17aa <checkCollision+0x22>
        return 1;
    17a4:	81 e0       	ldi	r24, 0x01	; 1
    17a6:	8c 83       	std	Y+4, r24	; 0x04
    17a8:	2c c0       	rjmp	.+88     	; 0x1802 <checkCollision+0x7a>
    }

    for(u8 i = 0; i < g_snake.length - 1; i++) {
    17aa:	19 82       	std	Y+1, r1	; 0x01
    17ac:	1e c0       	rjmp	.+60     	; 0x17ea <checkCollision+0x62>
        if(newHead.x == g_snake.body[i].x && newHead.y == g_snake.body[i].y) {
    17ae:	2a 81       	ldd	r18, Y+2	; 0x02
    17b0:	89 81       	ldd	r24, Y+1	; 0x01
    17b2:	88 2f       	mov	r24, r24
    17b4:	90 e0       	ldi	r25, 0x00	; 0
    17b6:	88 0f       	add	r24, r24
    17b8:	99 1f       	adc	r25, r25
    17ba:	fc 01       	movw	r30, r24
    17bc:	e4 51       	subi	r30, 0x14	; 20
    17be:	ff 4f       	sbci	r31, 0xFF	; 255
    17c0:	80 81       	ld	r24, Z
    17c2:	28 17       	cp	r18, r24
    17c4:	79 f4       	brne	.+30     	; 0x17e4 <checkCollision+0x5c>
    17c6:	2b 81       	ldd	r18, Y+3	; 0x03
    17c8:	89 81       	ldd	r24, Y+1	; 0x01
    17ca:	88 2f       	mov	r24, r24
    17cc:	90 e0       	ldi	r25, 0x00	; 0
    17ce:	88 0f       	add	r24, r24
    17d0:	99 1f       	adc	r25, r25
    17d2:	fc 01       	movw	r30, r24
    17d4:	e3 51       	subi	r30, 0x13	; 19
    17d6:	ff 4f       	sbci	r31, 0xFF	; 255
    17d8:	80 81       	ld	r24, Z
    17da:	28 17       	cp	r18, r24
    17dc:	19 f4       	brne	.+6      	; 0x17e4 <checkCollision+0x5c>
            return 1;
    17de:	81 e0       	ldi	r24, 0x01	; 1
    17e0:	8c 83       	std	Y+4, r24	; 0x04
    17e2:	0f c0       	rjmp	.+30     	; 0x1802 <checkCollision+0x7a>
{
    if(newHead.x < 0 || newHead.x >= 20 || newHead.y < 0 || newHead.y >= 4) {
        return 1;
    }

    for(u8 i = 0; i < g_snake.length - 1; i++) {
    17e4:	89 81       	ldd	r24, Y+1	; 0x01
    17e6:	8f 5f       	subi	r24, 0xFF	; 255
    17e8:	89 83       	std	Y+1, r24	; 0x01
    17ea:	89 81       	ldd	r24, Y+1	; 0x01
    17ec:	28 2f       	mov	r18, r24
    17ee:	30 e0       	ldi	r19, 0x00	; 0
    17f0:	80 91 50 01 	lds	r24, 0x0150
    17f4:	88 2f       	mov	r24, r24
    17f6:	90 e0       	ldi	r25, 0x00	; 0
    17f8:	01 97       	sbiw	r24, 0x01	; 1
    17fa:	28 17       	cp	r18, r24
    17fc:	39 07       	cpc	r19, r25
    17fe:	bc f2       	brlt	.-82     	; 0x17ae <checkCollision+0x26>
        if(newHead.x == g_snake.body[i].x && newHead.y == g_snake.body[i].y) {
            return 1;
        }
    }

    return 0;
    1800:	1c 82       	std	Y+4, r1	; 0x04
    1802:	8c 81       	ldd	r24, Y+4	; 0x04
}
    1804:	0f 90       	pop	r0
    1806:	0f 90       	pop	r0
    1808:	0f 90       	pop	r0
    180a:	0f 90       	pop	r0
    180c:	cf 91       	pop	r28
    180e:	df 91       	pop	r29
    1810:	08 95       	ret

00001812 <buttonInput>:

void buttonInput(void)
{
    1812:	df 93       	push	r29
    1814:	cf 93       	push	r28
    1816:	cd b7       	in	r28, 0x3d	; 61
    1818:	de b7       	in	r29, 0x3e	; 62
    181a:	63 97       	sbiw	r28, 0x13	; 19
    181c:	0f b6       	in	r0, 0x3f	; 63
    181e:	f8 94       	cli
    1820:	de bf       	out	0x3e, r29	; 62
    1822:	0f be       	out	0x3f, r0	; 63
    1824:	cd bf       	out	0x3d, r28	; 61
    u8 currentUp = READ_UP();
    1826:	80 e0       	ldi	r24, 0x00	; 0
    1828:	60 e0       	ldi	r22, 0x00	; 0
    182a:	0e 94 d6 09 	call	0x13ac	; 0x13ac <MDIO_pinValueGetPinValue>
    182e:	8b 8b       	std	Y+19, r24	; 0x13
    u8 currentDown = READ_DOWN();
    1830:	80 e0       	ldi	r24, 0x00	; 0
    1832:	61 e0       	ldi	r22, 0x01	; 1
    1834:	0e 94 d6 09 	call	0x13ac	; 0x13ac <MDIO_pinValueGetPinValue>
    1838:	8a 8b       	std	Y+18, r24	; 0x12
    u8 currentLeft = READ_LEFT();
    183a:	80 e0       	ldi	r24, 0x00	; 0
    183c:	63 e0       	ldi	r22, 0x03	; 3
    183e:	0e 94 d6 09 	call	0x13ac	; 0x13ac <MDIO_pinValueGetPinValue>
    1842:	89 8b       	std	Y+17, r24	; 0x11
    u8 currentRight = READ_RIGHT();
    1844:	80 e0       	ldi	r24, 0x00	; 0
    1846:	62 e0       	ldi	r22, 0x02	; 2
    1848:	0e 94 d6 09 	call	0x13ac	; 0x13ac <MDIO_pinValueGetPinValue>
    184c:	88 8b       	std	Y+16, r24	; 0x10
    u8 currentReset = READ_RESET();
    184e:	80 e0       	ldi	r24, 0x00	; 0
    1850:	64 e0       	ldi	r22, 0x04	; 4
    1852:	0e 94 d6 09 	call	0x13ac	; 0x13ac <MDIO_pinValueGetPinValue>
    1856:	8f 87       	std	Y+15, r24	; 0x0f

    if(IS_PRESSED(currentReset, g_prevReset)) {
    1858:	8f 85       	ldd	r24, Y+15	; 0x0f
    185a:	88 23       	and	r24, r24
    185c:	09 f0       	breq	.+2      	; 0x1860 <buttonInput+0x4e>
    185e:	7d c0       	rjmp	.+250    	; 0x195a <buttonInput+0x148>
    1860:	80 91 ea 00 	lds	r24, 0x00EA
    1864:	81 30       	cpi	r24, 0x01	; 1
    1866:	09 f0       	breq	.+2      	; 0x186a <buttonInput+0x58>
    1868:	78 c0       	rjmp	.+240    	; 0x195a <buttonInput+0x148>
        gameReset();
    186a:	0e 94 e3 0a 	call	0x15c6	; 0x15c6 <gameReset>
    186e:	80 e0       	ldi	r24, 0x00	; 0
    1870:	90 e0       	ldi	r25, 0x00	; 0
    1872:	a8 e4       	ldi	r26, 0x48	; 72
    1874:	b3 e4       	ldi	r27, 0x43	; 67
    1876:	8b 87       	std	Y+11, r24	; 0x0b
    1878:	9c 87       	std	Y+12, r25	; 0x0c
    187a:	ad 87       	std	Y+13, r26	; 0x0d
    187c:	be 87       	std	Y+14, r27	; 0x0e
 */
void
_delay_ms(double __ms)
{
	uint16_t __ticks;
	double __tmp = ((F_CPU) / 4e3) * __ms;
    187e:	6b 85       	ldd	r22, Y+11	; 0x0b
    1880:	7c 85       	ldd	r23, Y+12	; 0x0c
    1882:	8d 85       	ldd	r24, Y+13	; 0x0d
    1884:	9e 85       	ldd	r25, Y+14	; 0x0e
    1886:	20 e0       	ldi	r18, 0x00	; 0
    1888:	30 e0       	ldi	r19, 0x00	; 0
    188a:	4a ef       	ldi	r20, 0xFA	; 250
    188c:	54 e4       	ldi	r21, 0x44	; 68
    188e:	0e 94 1f 02 	call	0x43e	; 0x43e <__mulsf3>
    1892:	dc 01       	movw	r26, r24
    1894:	cb 01       	movw	r24, r22
    1896:	8f 83       	std	Y+7, r24	; 0x07
    1898:	98 87       	std	Y+8, r25	; 0x08
    189a:	a9 87       	std	Y+9, r26	; 0x09
    189c:	ba 87       	std	Y+10, r27	; 0x0a
	if (__tmp < 1.0)
    189e:	6f 81       	ldd	r22, Y+7	; 0x07
    18a0:	78 85       	ldd	r23, Y+8	; 0x08
    18a2:	89 85       	ldd	r24, Y+9	; 0x09
    18a4:	9a 85       	ldd	r25, Y+10	; 0x0a
    18a6:	20 e0       	ldi	r18, 0x00	; 0
    18a8:	30 e0       	ldi	r19, 0x00	; 0
    18aa:	40 e8       	ldi	r20, 0x80	; 128
    18ac:	5f e3       	ldi	r21, 0x3F	; 63
    18ae:	0e 94 79 03 	call	0x6f2	; 0x6f2 <__ltsf2>
    18b2:	88 23       	and	r24, r24
    18b4:	2c f4       	brge	.+10     	; 0x18c0 <buttonInput+0xae>
		__ticks = 1;
    18b6:	81 e0       	ldi	r24, 0x01	; 1
    18b8:	90 e0       	ldi	r25, 0x00	; 0
    18ba:	9e 83       	std	Y+6, r25	; 0x06
    18bc:	8d 83       	std	Y+5, r24	; 0x05
    18be:	3f c0       	rjmp	.+126    	; 0x193e <buttonInput+0x12c>
	else if (__tmp > 65535)
    18c0:	6f 81       	ldd	r22, Y+7	; 0x07
    18c2:	78 85       	ldd	r23, Y+8	; 0x08
    18c4:	89 85       	ldd	r24, Y+9	; 0x09
    18c6:	9a 85       	ldd	r25, Y+10	; 0x0a
    18c8:	20 e0       	ldi	r18, 0x00	; 0
    18ca:	3f ef       	ldi	r19, 0xFF	; 255
    18cc:	4f e7       	ldi	r20, 0x7F	; 127
    18ce:	57 e4       	ldi	r21, 0x47	; 71
    18d0:	0e 94 19 03 	call	0x632	; 0x632 <__gtsf2>
    18d4:	18 16       	cp	r1, r24
    18d6:	4c f5       	brge	.+82     	; 0x192a <buttonInput+0x118>
	{
		//	__ticks = requested delay in 1/10 ms
		__ticks = (uint16_t) (__ms * 10.0);
    18d8:	6b 85       	ldd	r22, Y+11	; 0x0b
    18da:	7c 85       	ldd	r23, Y+12	; 0x0c
    18dc:	8d 85       	ldd	r24, Y+13	; 0x0d
    18de:	9e 85       	ldd	r25, Y+14	; 0x0e
    18e0:	20 e0       	ldi	r18, 0x00	; 0
    18e2:	30 e0       	ldi	r19, 0x00	; 0
    18e4:	40 e2       	ldi	r20, 0x20	; 32
    18e6:	51 e4       	ldi	r21, 0x41	; 65
    18e8:	0e 94 1f 02 	call	0x43e	; 0x43e <__mulsf3>
    18ec:	dc 01       	movw	r26, r24
    18ee:	cb 01       	movw	r24, r22
    18f0:	bc 01       	movw	r22, r24
    18f2:	cd 01       	movw	r24, r26
    18f4:	0e 94 49 00 	call	0x92	; 0x92 <__fixunssfsi>
    18f8:	dc 01       	movw	r26, r24
    18fa:	cb 01       	movw	r24, r22
    18fc:	9e 83       	std	Y+6, r25	; 0x06
    18fe:	8d 83       	std	Y+5, r24	; 0x05
    1900:	0f c0       	rjmp	.+30     	; 0x1920 <buttonInput+0x10e>
    1902:	88 ec       	ldi	r24, 0xC8	; 200
    1904:	90 e0       	ldi	r25, 0x00	; 0
    1906:	9c 83       	std	Y+4, r25	; 0x04
    1908:	8b 83       	std	Y+3, r24	; 0x03
    190a:	8b 81       	ldd	r24, Y+3	; 0x03
    190c:	9c 81       	ldd	r25, Y+4	; 0x04
    190e:	01 97       	sbiw	r24, 0x01	; 1
    1910:	f1 f7       	brne	.-4      	; 0x190e <buttonInput+0xfc>
    1912:	9c 83       	std	Y+4, r25	; 0x04
    1914:	8b 83       	std	Y+3, r24	; 0x03
		while(__ticks)
		{
			// wait 1/10 ms
			_delay_loop_2(((F_CPU) / 4e3) / 10);
			__ticks --;
    1916:	8d 81       	ldd	r24, Y+5	; 0x05
    1918:	9e 81       	ldd	r25, Y+6	; 0x06
    191a:	01 97       	sbiw	r24, 0x01	; 1
    191c:	9e 83       	std	Y+6, r25	; 0x06
    191e:	8d 83       	std	Y+5, r24	; 0x05
		__ticks = 1;
	else if (__tmp > 65535)
	{
		//	__ticks = requested delay in 1/10 ms
		__ticks = (uint16_t) (__ms * 10.0);
		while(__ticks)
    1920:	8d 81       	ldd	r24, Y+5	; 0x05
    1922:	9e 81       	ldd	r25, Y+6	; 0x06
    1924:	00 97       	sbiw	r24, 0x00	; 0
    1926:	69 f7       	brne	.-38     	; 0x1902 <buttonInput+0xf0>
    1928:	14 c0       	rjmp	.+40     	; 0x1952 <buttonInput+0x140>
			__ticks --;
		}
		return;
	}
	else
		__ticks = (uint16_t)__tmp;
    192a:	6f 81       	ldd	r22, Y+7	; 0x07
    192c:	78 85       	ldd	r23, Y+8	; 0x08
    192e:	89 85       	ldd	r24, Y+9	; 0x09
    1930:	9a 85       	ldd	r25, Y+10	; 0x0a
    1932:	0e 94 49 00 	call	0x92	; 0x92 <__fixunssfsi>
    1936:	dc 01       	movw	r26, r24
    1938:	cb 01       	movw	r24, r22
    193a:	9e 83       	std	Y+6, r25	; 0x06
    193c:	8d 83       	std	Y+5, r24	; 0x05
    193e:	8d 81       	ldd	r24, Y+5	; 0x05
    1940:	9e 81       	ldd	r25, Y+6	; 0x06
    1942:	9a 83       	std	Y+2, r25	; 0x02
    1944:	89 83       	std	Y+1, r24	; 0x01
    1946:	89 81       	ldd	r24, Y+1	; 0x01
    1948:	9a 81       	ldd	r25, Y+2	; 0x02
    194a:	01 97       	sbiw	r24, 0x01	; 1
    194c:	f1 f7       	brne	.-4      	; 0x194a <buttonInput+0x138>
    194e:	9a 83       	std	Y+2, r25	; 0x02
    1950:	89 83       	std	Y+1, r24	; 0x01
        _delay_ms(200);
        g_prevReset = currentReset;
    1952:	8f 85       	ldd	r24, Y+15	; 0x0f
    1954:	80 93 ea 00 	sts	0x00EA, r24
    1958:	49 c0       	rjmp	.+146    	; 0x19ec <buttonInput+0x1da>
        return;
    }

    if(IS_PRESSED(currentUp, g_prevUp)) {
    195a:	8b 89       	ldd	r24, Y+19	; 0x13
    195c:	88 23       	and	r24, r24
    195e:	59 f4       	brne	.+22     	; 0x1976 <buttonInput+0x164>
    1960:	80 91 e6 00 	lds	r24, 0x00E6
    1964:	81 30       	cpi	r24, 0x01	; 1
    1966:	39 f4       	brne	.+14     	; 0x1976 <buttonInput+0x164>
        if(g_snake.currentDir != DIR_DOWN)
    1968:	80 91 52 01 	lds	r24, 0x0152
    196c:	81 30       	cpi	r24, 0x01	; 1
    196e:	79 f1       	breq	.+94     	; 0x19ce <buttonInput+0x1bc>
            g_snake.nextDir = DIR_UP;
    1970:	10 92 51 01 	sts	0x0151, r1
    1974:	2c c0       	rjmp	.+88     	; 0x19ce <buttonInput+0x1bc>
    }
    else if(IS_PRESSED(currentDown, g_prevDown)) {
    1976:	8a 89       	ldd	r24, Y+18	; 0x12
    1978:	88 23       	and	r24, r24
    197a:	61 f4       	brne	.+24     	; 0x1994 <buttonInput+0x182>
    197c:	80 91 e7 00 	lds	r24, 0x00E7
    1980:	81 30       	cpi	r24, 0x01	; 1
    1982:	41 f4       	brne	.+16     	; 0x1994 <buttonInput+0x182>
        if(g_snake.currentDir != DIR_UP)
    1984:	80 91 52 01 	lds	r24, 0x0152
    1988:	88 23       	and	r24, r24
    198a:	09 f1       	breq	.+66     	; 0x19ce <buttonInput+0x1bc>
            g_snake.nextDir = DIR_DOWN;
    198c:	81 e0       	ldi	r24, 0x01	; 1
    198e:	80 93 51 01 	sts	0x0151, r24
    1992:	1d c0       	rjmp	.+58     	; 0x19ce <buttonInput+0x1bc>
    }
    else if(IS_PRESSED(currentLeft, g_prevLeft)) {
    1994:	89 89       	ldd	r24, Y+17	; 0x11
    1996:	88 23       	and	r24, r24
    1998:	61 f4       	brne	.+24     	; 0x19b2 <buttonInput+0x1a0>
    199a:	80 91 e8 00 	lds	r24, 0x00E8
    199e:	81 30       	cpi	r24, 0x01	; 1
    19a0:	41 f4       	brne	.+16     	; 0x19b2 <buttonInput+0x1a0>
        if(g_snake.currentDir != DIR_RIGHT)
    19a2:	80 91 52 01 	lds	r24, 0x0152
    19a6:	83 30       	cpi	r24, 0x03	; 3
    19a8:	91 f0       	breq	.+36     	; 0x19ce <buttonInput+0x1bc>
            g_snake.nextDir = DIR_LEFT;
    19aa:	82 e0       	ldi	r24, 0x02	; 2
    19ac:	80 93 51 01 	sts	0x0151, r24
    19b0:	0e c0       	rjmp	.+28     	; 0x19ce <buttonInput+0x1bc>
    }
    else if(IS_PRESSED(currentRight, g_prevRight)) {
    19b2:	88 89       	ldd	r24, Y+16	; 0x10
    19b4:	88 23       	and	r24, r24
    19b6:	59 f4       	brne	.+22     	; 0x19ce <buttonInput+0x1bc>
    19b8:	80 91 e9 00 	lds	r24, 0x00E9
    19bc:	81 30       	cpi	r24, 0x01	; 1
    19be:	39 f4       	brne	.+14     	; 0x19ce <buttonInput+0x1bc>
        if(g_snake.currentDir != DIR_LEFT)
    19c0:	80 91 52 01 	lds	r24, 0x0152
    19c4:	82 30       	cpi	r24, 0x02	; 2
    19c6:	19 f0       	breq	.+6      	; 0x19ce <buttonInput+0x1bc>
            g_snake.nextDir = DIR_RIGHT;
    19c8:	83 e0       	ldi	r24, 0x03	; 3
    19ca:	80 93 51 01 	sts	0x0151, r24
    }

    g_prevUp = currentUp;
    19ce:	8b 89       	ldd	r24, Y+19	; 0x13
    19d0:	80 93 e6 00 	sts	0x00E6, r24
    g_prevDown = currentDown;
    19d4:	8a 89       	ldd	r24, Y+18	; 0x12
    19d6:	80 93 e7 00 	sts	0x00E7, r24
    g_prevLeft = currentLeft;
    19da:	89 89       	ldd	r24, Y+17	; 0x11
    19dc:	80 93 e8 00 	sts	0x00E8, r24
    g_prevRight = currentRight;
    19e0:	88 89       	ldd	r24, Y+16	; 0x10
    19e2:	80 93 e9 00 	sts	0x00E9, r24
    g_prevReset = currentReset;
    19e6:	8f 85       	ldd	r24, Y+15	; 0x0f
    19e8:	80 93 ea 00 	sts	0x00EA, r24
}
    19ec:	63 96       	adiw	r28, 0x13	; 19
    19ee:	0f b6       	in	r0, 0x3f	; 63
    19f0:	f8 94       	cli
    19f2:	de bf       	out	0x3e, r29	; 62
    19f4:	0f be       	out	0x3f, r0	; 63
    19f6:	cd bf       	out	0x3d, r28	; 61
    19f8:	cf 91       	pop	r28
    19fa:	df 91       	pop	r29
    19fc:	08 95       	ret

000019fe <snakeUpdate>:

void snakeUpdate(void)
{
    19fe:	df 93       	push	r29
    1a00:	cf 93       	push	r28
    1a02:	cd b7       	in	r28, 0x3d	; 61
    1a04:	de b7       	in	r29, 0x3e	; 62
    1a06:	28 97       	sbiw	r28, 0x08	; 8
    1a08:	0f b6       	in	r0, 0x3f	; 63
    1a0a:	f8 94       	cli
    1a0c:	de bf       	out	0x3e, r29	; 62
    1a0e:	0f be       	out	0x3f, r0	; 63
    1a10:	cd bf       	out	0x3d, r28	; 61
    if(g_snake.isDead || g_gameOver) return;
    1a12:	80 91 53 01 	lds	r24, 0x0153
    1a16:	88 23       	and	r24, r24
    1a18:	09 f0       	breq	.+2      	; 0x1a1c <snakeUpdate+0x1e>
    1a1a:	bd c0       	rjmp	.+378    	; 0x1b96 <snakeUpdate+0x198>
    1a1c:	80 91 59 01 	lds	r24, 0x0159
    1a20:	88 23       	and	r24, r24
    1a22:	09 f0       	breq	.+2      	; 0x1a26 <snakeUpdate+0x28>
    1a24:	b8 c0       	rjmp	.+368    	; 0x1b96 <snakeUpdate+0x198>

    g_snake.currentDir = g_snake.nextDir;
    1a26:	80 91 51 01 	lds	r24, 0x0151
    1a2a:	80 93 52 01 	sts	0x0152, r24

    Position newHead = g_snake.body[0];
    1a2e:	80 91 ec 00 	lds	r24, 0x00EC
    1a32:	90 91 ed 00 	lds	r25, 0x00ED
    1a36:	9c 83       	std	Y+4, r25	; 0x04
    1a38:	8b 83       	std	Y+3, r24	; 0x03

    switch(g_snake.currentDir) {
    1a3a:	80 91 52 01 	lds	r24, 0x0152
    1a3e:	28 2f       	mov	r18, r24
    1a40:	30 e0       	ldi	r19, 0x00	; 0
    1a42:	38 87       	std	Y+8, r19	; 0x08
    1a44:	2f 83       	std	Y+7, r18	; 0x07
    1a46:	8f 81       	ldd	r24, Y+7	; 0x07
    1a48:	98 85       	ldd	r25, Y+8	; 0x08
    1a4a:	81 30       	cpi	r24, 0x01	; 1
    1a4c:	91 05       	cpc	r25, r1
    1a4e:	c9 f0       	breq	.+50     	; 0x1a82 <snakeUpdate+0x84>
    1a50:	2f 81       	ldd	r18, Y+7	; 0x07
    1a52:	38 85       	ldd	r19, Y+8	; 0x08
    1a54:	22 30       	cpi	r18, 0x02	; 2
    1a56:	31 05       	cpc	r19, r1
    1a58:	2c f4       	brge	.+10     	; 0x1a64 <snakeUpdate+0x66>
    1a5a:	8f 81       	ldd	r24, Y+7	; 0x07
    1a5c:	98 85       	ldd	r25, Y+8	; 0x08
    1a5e:	00 97       	sbiw	r24, 0x00	; 0
    1a60:	61 f0       	breq	.+24     	; 0x1a7a <snakeUpdate+0x7c>
    1a62:	1a c0       	rjmp	.+52     	; 0x1a98 <snakeUpdate+0x9a>
    1a64:	2f 81       	ldd	r18, Y+7	; 0x07
    1a66:	38 85       	ldd	r19, Y+8	; 0x08
    1a68:	22 30       	cpi	r18, 0x02	; 2
    1a6a:	31 05       	cpc	r19, r1
    1a6c:	71 f0       	breq	.+28     	; 0x1a8a <snakeUpdate+0x8c>
    1a6e:	8f 81       	ldd	r24, Y+7	; 0x07
    1a70:	98 85       	ldd	r25, Y+8	; 0x08
    1a72:	83 30       	cpi	r24, 0x03	; 3
    1a74:	91 05       	cpc	r25, r1
    1a76:	69 f0       	breq	.+26     	; 0x1a92 <snakeUpdate+0x94>
    1a78:	0f c0       	rjmp	.+30     	; 0x1a98 <snakeUpdate+0x9a>
        case DIR_UP:    newHead.y--; break;
    1a7a:	8c 81       	ldd	r24, Y+4	; 0x04
    1a7c:	81 50       	subi	r24, 0x01	; 1
    1a7e:	8c 83       	std	Y+4, r24	; 0x04
    1a80:	0b c0       	rjmp	.+22     	; 0x1a98 <snakeUpdate+0x9a>
        case DIR_DOWN:  newHead.y++; break;
    1a82:	8c 81       	ldd	r24, Y+4	; 0x04
    1a84:	8f 5f       	subi	r24, 0xFF	; 255
    1a86:	8c 83       	std	Y+4, r24	; 0x04
    1a88:	07 c0       	rjmp	.+14     	; 0x1a98 <snakeUpdate+0x9a>
        case DIR_LEFT:  newHead.x--; break;
    1a8a:	8b 81       	ldd	r24, Y+3	; 0x03
    1a8c:	81 50       	subi	r24, 0x01	; 1
    1a8e:	8b 83       	std	Y+3, r24	; 0x03
    1a90:	03 c0       	rjmp	.+6      	; 0x1a98 <snakeUpdate+0x9a>
        case DIR_RIGHT: newHead.x++; break;
    1a92:	8b 81       	ldd	r24, Y+3	; 0x03
    1a94:	8f 5f       	subi	r24, 0xFF	; 255
    1a96:	8b 83       	std	Y+3, r24	; 0x03
        default: break;
    }

    u8 foodEaten = (newHead.x == g_food.x && newHead.y == g_food.y);
    1a98:	9b 81       	ldd	r25, Y+3	; 0x03
    1a9a:	80 91 56 01 	lds	r24, 0x0156
    1a9e:	98 17       	cp	r25, r24
    1aa0:	51 f4       	brne	.+20     	; 0x1ab6 <snakeUpdate+0xb8>
    1aa2:	9c 81       	ldd	r25, Y+4	; 0x04
    1aa4:	80 91 57 01 	lds	r24, 0x0157
    1aa8:	98 17       	cp	r25, r24
    1aaa:	29 f4       	brne	.+10     	; 0x1ab6 <snakeUpdate+0xb8>
    1aac:	21 e0       	ldi	r18, 0x01	; 1
    1aae:	30 e0       	ldi	r19, 0x00	; 0
    1ab0:	3e 83       	std	Y+6, r19	; 0x06
    1ab2:	2d 83       	std	Y+5, r18	; 0x05
    1ab4:	02 c0       	rjmp	.+4      	; 0x1aba <snakeUpdate+0xbc>
    1ab6:	1e 82       	std	Y+6, r1	; 0x06
    1ab8:	1d 82       	std	Y+5, r1	; 0x05
    1aba:	3d 81       	ldd	r19, Y+5	; 0x05
    1abc:	3a 83       	std	Y+2, r19	; 0x02

    if(checkCollision(newHead)) {
    1abe:	8b 81       	ldd	r24, Y+3	; 0x03
    1ac0:	9c 81       	ldd	r25, Y+4	; 0x04
    1ac2:	0e 94 c4 0b 	call	0x1788	; 0x1788 <checkCollision>
    1ac6:	88 23       	and	r24, r24
    1ac8:	39 f0       	breq	.+14     	; 0x1ad8 <snakeUpdate+0xda>
        g_snake.isDead = 1;
    1aca:	81 e0       	ldi	r24, 0x01	; 1
    1acc:	80 93 53 01 	sts	0x0153, r24
        g_gameOver = 1;
    1ad0:	81 e0       	ldi	r24, 0x01	; 1
    1ad2:	80 93 59 01 	sts	0x0159, r24
    1ad6:	5f c0       	rjmp	.+190    	; 0x1b96 <snakeUpdate+0x198>
        return;
    }

    for(u8 i = g_snake.length - 1; i > 0; i--) {
    1ad8:	80 91 50 01 	lds	r24, 0x0150
    1adc:	81 50       	subi	r24, 0x01	; 1
    1ade:	89 83       	std	Y+1, r24	; 0x01
    1ae0:	19 c0       	rjmp	.+50     	; 0x1b14 <snakeUpdate+0x116>
        g_snake.body[i] = g_snake.body[i-1];
    1ae2:	89 81       	ldd	r24, Y+1	; 0x01
    1ae4:	48 2f       	mov	r20, r24
    1ae6:	50 e0       	ldi	r21, 0x00	; 0
    1ae8:	89 81       	ldd	r24, Y+1	; 0x01
    1aea:	88 2f       	mov	r24, r24
    1aec:	90 e0       	ldi	r25, 0x00	; 0
    1aee:	01 97       	sbiw	r24, 0x01	; 1
    1af0:	88 0f       	add	r24, r24
    1af2:	99 1f       	adc	r25, r25
    1af4:	fc 01       	movw	r30, r24
    1af6:	e4 51       	subi	r30, 0x14	; 20
    1af8:	ff 4f       	sbci	r31, 0xFF	; 255
    1afa:	20 81       	ld	r18, Z
    1afc:	31 81       	ldd	r19, Z+1	; 0x01
    1afe:	ca 01       	movw	r24, r20
    1b00:	88 0f       	add	r24, r24
    1b02:	99 1f       	adc	r25, r25
    1b04:	fc 01       	movw	r30, r24
    1b06:	e4 51       	subi	r30, 0x14	; 20
    1b08:	ff 4f       	sbci	r31, 0xFF	; 255
    1b0a:	31 83       	std	Z+1, r19	; 0x01
    1b0c:	20 83       	st	Z, r18
        g_snake.isDead = 1;
        g_gameOver = 1;
        return;
    }

    for(u8 i = g_snake.length - 1; i > 0; i--) {
    1b0e:	89 81       	ldd	r24, Y+1	; 0x01
    1b10:	81 50       	subi	r24, 0x01	; 1
    1b12:	89 83       	std	Y+1, r24	; 0x01
    1b14:	89 81       	ldd	r24, Y+1	; 0x01
    1b16:	88 23       	and	r24, r24
    1b18:	21 f7       	brne	.-56     	; 0x1ae2 <snakeUpdate+0xe4>
        g_snake.body[i] = g_snake.body[i-1];
    }
    g_snake.body[0] = newHead;
    1b1a:	8b 81       	ldd	r24, Y+3	; 0x03
    1b1c:	9c 81       	ldd	r25, Y+4	; 0x04
    1b1e:	90 93 ed 00 	sts	0x00ED, r25
    1b22:	80 93 ec 00 	sts	0x00EC, r24

    if(foodEaten) {
    1b26:	8a 81       	ldd	r24, Y+2	; 0x02
    1b28:	88 23       	and	r24, r24
    1b2a:	a9 f1       	breq	.+106    	; 0x1b96 <snakeUpdate+0x198>
        if(g_snake.length < MAX_SNAKE_LENGTH) {
    1b2c:	80 91 50 01 	lds	r24, 0x0150
    1b30:	82 33       	cpi	r24, 0x32	; 50
    1b32:	78 f5       	brcc	.+94     	; 0x1b92 <snakeUpdate+0x194>
            g_snake.length++;
    1b34:	80 91 50 01 	lds	r24, 0x0150
    1b38:	8f 5f       	subi	r24, 0xFF	; 255
    1b3a:	80 93 50 01 	sts	0x0150, r24
            g_snake.body[g_snake.length - 1] = g_snake.body[g_snake.length - 2];
    1b3e:	80 91 50 01 	lds	r24, 0x0150
    1b42:	88 2f       	mov	r24, r24
    1b44:	90 e0       	ldi	r25, 0x00	; 0
    1b46:	ac 01       	movw	r20, r24
    1b48:	41 50       	subi	r20, 0x01	; 1
    1b4a:	50 40       	sbci	r21, 0x00	; 0
    1b4c:	80 91 50 01 	lds	r24, 0x0150
    1b50:	88 2f       	mov	r24, r24
    1b52:	90 e0       	ldi	r25, 0x00	; 0
    1b54:	02 97       	sbiw	r24, 0x02	; 2
    1b56:	88 0f       	add	r24, r24
    1b58:	99 1f       	adc	r25, r25
    1b5a:	fc 01       	movw	r30, r24
    1b5c:	e4 51       	subi	r30, 0x14	; 20
    1b5e:	ff 4f       	sbci	r31, 0xFF	; 255
    1b60:	20 81       	ld	r18, Z
    1b62:	31 81       	ldd	r19, Z+1	; 0x01
    1b64:	ca 01       	movw	r24, r20
    1b66:	88 0f       	add	r24, r24
    1b68:	99 1f       	adc	r25, r25
    1b6a:	fc 01       	movw	r30, r24
    1b6c:	e4 51       	subi	r30, 0x14	; 20
    1b6e:	ff 4f       	sbci	r31, 0xFF	; 255
    1b70:	31 83       	std	Z+1, r19	; 0x01
    1b72:	20 83       	st	Z, r18
            g_snake.score += 5;
    1b74:	80 91 54 01 	lds	r24, 0x0154
    1b78:	90 91 55 01 	lds	r25, 0x0155
    1b7c:	05 96       	adiw	r24, 0x05	; 5
    1b7e:	90 93 55 01 	sts	0x0155, r25
    1b82:	80 93 54 01 	sts	0x0154, r24
            SevenSegment_DisplayNumber(g_snake.score);
    1b86:	80 91 54 01 	lds	r24, 0x0154
    1b8a:	90 91 55 01 	lds	r25, 0x0155
    1b8e:	0e 94 ae 05 	call	0xb5c	; 0xb5c <SevenSegment_DisplayNumber>
        }
        generateFood();
    1b92:	0e 94 6c 0b 	call	0x16d8	; 0x16d8 <generateFood>
    }
}
    1b96:	28 96       	adiw	r28, 0x08	; 8
    1b98:	0f b6       	in	r0, 0x3f	; 63
    1b9a:	f8 94       	cli
    1b9c:	de bf       	out	0x3e, r29	; 62
    1b9e:	0f be       	out	0x3f, r0	; 63
    1ba0:	cd bf       	out	0x3d, r28	; 61
    1ba2:	cf 91       	pop	r28
    1ba4:	df 91       	pop	r29
    1ba6:	08 95       	ret

00001ba8 <snakeDraw>:

void snakeDraw(void)
{
    1ba8:	df 93       	push	r29
    1baa:	cf 93       	push	r28
    1bac:	cd b7       	in	r28, 0x3d	; 61
    1bae:	de b7       	in	r29, 0x3e	; 62
    1bb0:	27 97       	sbiw	r28, 0x07	; 7
    1bb2:	0f b6       	in	r0, 0x3f	; 63
    1bb4:	f8 94       	cli
    1bb6:	de bf       	out	0x3e, r29	; 62
    1bb8:	0f be       	out	0x3f, r0	; 63
    1bba:	cd bf       	out	0x3d, r28	; 61
    for(u8 row = 0; row < 4; row++) {
    1bbc:	1f 82       	std	Y+7, r1	; 0x07
    1bbe:	24 c0       	rjmp	.+72     	; 0x1c08 <snakeDraw+0x60>
        for(u8 col = 0; col < 20; col++) {
    1bc0:	1e 82       	std	Y+6, r1	; 0x06
    1bc2:	1c c0       	rjmp	.+56     	; 0x1bfc <snakeDraw+0x54>
            g_displayBuffer[row][col] = ' ';
    1bc4:	8f 81       	ldd	r24, Y+7	; 0x07
    1bc6:	28 2f       	mov	r18, r24
    1bc8:	30 e0       	ldi	r19, 0x00	; 0
    1bca:	8e 81       	ldd	r24, Y+6	; 0x06
    1bcc:	48 2f       	mov	r20, r24
    1bce:	50 e0       	ldi	r21, 0x00	; 0
    1bd0:	c9 01       	movw	r24, r18
    1bd2:	88 0f       	add	r24, r24
    1bd4:	99 1f       	adc	r25, r25
    1bd6:	88 0f       	add	r24, r24
    1bd8:	99 1f       	adc	r25, r25
    1bda:	9c 01       	movw	r18, r24
    1bdc:	22 0f       	add	r18, r18
    1bde:	33 1f       	adc	r19, r19
    1be0:	22 0f       	add	r18, r18
    1be2:	33 1f       	adc	r19, r19
    1be4:	82 0f       	add	r24, r18
    1be6:	93 1f       	adc	r25, r19
    1be8:	84 0f       	add	r24, r20
    1bea:	95 1f       	adc	r25, r21
    1bec:	fc 01       	movw	r30, r24
    1bee:	e6 5a       	subi	r30, 0xA6	; 166
    1bf0:	fe 4f       	sbci	r31, 0xFE	; 254
    1bf2:	80 e2       	ldi	r24, 0x20	; 32
    1bf4:	80 83       	st	Z, r24
}

void snakeDraw(void)
{
    for(u8 row = 0; row < 4; row++) {
        for(u8 col = 0; col < 20; col++) {
    1bf6:	8e 81       	ldd	r24, Y+6	; 0x06
    1bf8:	8f 5f       	subi	r24, 0xFF	; 255
    1bfa:	8e 83       	std	Y+6, r24	; 0x06
    1bfc:	8e 81       	ldd	r24, Y+6	; 0x06
    1bfe:	84 31       	cpi	r24, 0x14	; 20
    1c00:	08 f3       	brcs	.-62     	; 0x1bc4 <snakeDraw+0x1c>
    }
}

void snakeDraw(void)
{
    for(u8 row = 0; row < 4; row++) {
    1c02:	8f 81       	ldd	r24, Y+7	; 0x07
    1c04:	8f 5f       	subi	r24, 0xFF	; 255
    1c06:	8f 83       	std	Y+7, r24	; 0x07
    1c08:	8f 81       	ldd	r24, Y+7	; 0x07
    1c0a:	84 30       	cpi	r24, 0x04	; 4
    1c0c:	c8 f2       	brcs	.-78     	; 0x1bc0 <snakeDraw+0x18>
        for(u8 col = 0; col < 20; col++) {
            g_displayBuffer[row][col] = ' ';
        }
    }

    for(u8 i = 0; i < g_snake.length; i++) {
    1c0e:	1d 82       	std	Y+5, r1	; 0x05
    1c10:	53 c0       	rjmp	.+166    	; 0x1cb8 <snakeDraw+0x110>
        u8 x = g_snake.body[i].x;
    1c12:	8d 81       	ldd	r24, Y+5	; 0x05
    1c14:	88 2f       	mov	r24, r24
    1c16:	90 e0       	ldi	r25, 0x00	; 0
    1c18:	88 0f       	add	r24, r24
    1c1a:	99 1f       	adc	r25, r25
    1c1c:	fc 01       	movw	r30, r24
    1c1e:	e4 51       	subi	r30, 0x14	; 20
    1c20:	ff 4f       	sbci	r31, 0xFF	; 255
    1c22:	80 81       	ld	r24, Z
    1c24:	8c 83       	std	Y+4, r24	; 0x04
        u8 y = g_snake.body[i].y;
    1c26:	8d 81       	ldd	r24, Y+5	; 0x05
    1c28:	88 2f       	mov	r24, r24
    1c2a:	90 e0       	ldi	r25, 0x00	; 0
    1c2c:	88 0f       	add	r24, r24
    1c2e:	99 1f       	adc	r25, r25
    1c30:	fc 01       	movw	r30, r24
    1c32:	e3 51       	subi	r30, 0x13	; 19
    1c34:	ff 4f       	sbci	r31, 0xFF	; 255
    1c36:	80 81       	ld	r24, Z
    1c38:	8b 83       	std	Y+3, r24	; 0x03
        if(x < 20 && y < 4) {
    1c3a:	8c 81       	ldd	r24, Y+4	; 0x04
    1c3c:	84 31       	cpi	r24, 0x14	; 20
    1c3e:	c8 f5       	brcc	.+114    	; 0x1cb2 <snakeDraw+0x10a>
    1c40:	8b 81       	ldd	r24, Y+3	; 0x03
    1c42:	84 30       	cpi	r24, 0x04	; 4
    1c44:	b0 f5       	brcc	.+108    	; 0x1cb2 <snakeDraw+0x10a>
            if(i == 0) {
    1c46:	8d 81       	ldd	r24, Y+5	; 0x05
    1c48:	88 23       	and	r24, r24
    1c4a:	d1 f4       	brne	.+52     	; 0x1c80 <snakeDraw+0xd8>
                g_displayBuffer[y][x] = SNAKE_HEAD_CHAR;
    1c4c:	8b 81       	ldd	r24, Y+3	; 0x03
    1c4e:	28 2f       	mov	r18, r24
    1c50:	30 e0       	ldi	r19, 0x00	; 0
    1c52:	8c 81       	ldd	r24, Y+4	; 0x04
    1c54:	48 2f       	mov	r20, r24
    1c56:	50 e0       	ldi	r21, 0x00	; 0
    1c58:	c9 01       	movw	r24, r18
    1c5a:	88 0f       	add	r24, r24
    1c5c:	99 1f       	adc	r25, r25
    1c5e:	88 0f       	add	r24, r24
    1c60:	99 1f       	adc	r25, r25
    1c62:	9c 01       	movw	r18, r24
    1c64:	22 0f       	add	r18, r18
    1c66:	33 1f       	adc	r19, r19
    1c68:	22 0f       	add	r18, r18
    1c6a:	33 1f       	adc	r19, r19
    1c6c:	82 0f       	add	r24, r18
    1c6e:	93 1f       	adc	r25, r19
    1c70:	84 0f       	add	r24, r20
    1c72:	95 1f       	adc	r25, r21
    1c74:	fc 01       	movw	r30, r24
    1c76:	e6 5a       	subi	r30, 0xA6	; 166
    1c78:	fe 4f       	sbci	r31, 0xFE	; 254
    1c7a:	84 e2       	ldi	r24, 0x24	; 36
    1c7c:	80 83       	st	Z, r24
    1c7e:	19 c0       	rjmp	.+50     	; 0x1cb2 <snakeDraw+0x10a>
            } else {
                g_displayBuffer[y][x] = SNAKE_BODY_CHAR;
    1c80:	8b 81       	ldd	r24, Y+3	; 0x03
    1c82:	28 2f       	mov	r18, r24
    1c84:	30 e0       	ldi	r19, 0x00	; 0
    1c86:	8c 81       	ldd	r24, Y+4	; 0x04
    1c88:	48 2f       	mov	r20, r24
    1c8a:	50 e0       	ldi	r21, 0x00	; 0
    1c8c:	c9 01       	movw	r24, r18
    1c8e:	88 0f       	add	r24, r24
    1c90:	99 1f       	adc	r25, r25
    1c92:	88 0f       	add	r24, r24
    1c94:	99 1f       	adc	r25, r25
    1c96:	9c 01       	movw	r18, r24
    1c98:	22 0f       	add	r18, r18
    1c9a:	33 1f       	adc	r19, r19
    1c9c:	22 0f       	add	r18, r18
    1c9e:	33 1f       	adc	r19, r19
    1ca0:	82 0f       	add	r24, r18
    1ca2:	93 1f       	adc	r25, r19
    1ca4:	84 0f       	add	r24, r20
    1ca6:	95 1f       	adc	r25, r21
    1ca8:	fc 01       	movw	r30, r24
    1caa:	e6 5a       	subi	r30, 0xA6	; 166
    1cac:	fe 4f       	sbci	r31, 0xFE	; 254
    1cae:	83 e7       	ldi	r24, 0x73	; 115
    1cb0:	80 83       	st	Z, r24
        for(u8 col = 0; col < 20; col++) {
            g_displayBuffer[row][col] = ' ';
        }
    }

    for(u8 i = 0; i < g_snake.length; i++) {
    1cb2:	8d 81       	ldd	r24, Y+5	; 0x05
    1cb4:	8f 5f       	subi	r24, 0xFF	; 255
    1cb6:	8d 83       	std	Y+5, r24	; 0x05
    1cb8:	90 91 50 01 	lds	r25, 0x0150
    1cbc:	8d 81       	ldd	r24, Y+5	; 0x05
    1cbe:	89 17       	cp	r24, r25
    1cc0:	08 f4       	brcc	.+2      	; 0x1cc4 <snakeDraw+0x11c>
    1cc2:	a7 cf       	rjmp	.-178    	; 0x1c12 <snakeDraw+0x6a>
                g_displayBuffer[y][x] = SNAKE_BODY_CHAR;
            }
        }
    }

    if(g_food.x < 20 && g_food.y < 4) {
    1cc4:	80 91 56 01 	lds	r24, 0x0156
    1cc8:	84 31       	cpi	r24, 0x14	; 20
    1cca:	f8 f4       	brcc	.+62     	; 0x1d0a <snakeDraw+0x162>
    1ccc:	80 91 57 01 	lds	r24, 0x0157
    1cd0:	84 30       	cpi	r24, 0x04	; 4
    1cd2:	d8 f4       	brcc	.+54     	; 0x1d0a <snakeDraw+0x162>
        g_displayBuffer[g_food.y][g_food.x] = FOOD_CHAR;
    1cd4:	80 91 57 01 	lds	r24, 0x0157
    1cd8:	28 2f       	mov	r18, r24
    1cda:	30 e0       	ldi	r19, 0x00	; 0
    1cdc:	80 91 56 01 	lds	r24, 0x0156
    1ce0:	48 2f       	mov	r20, r24
    1ce2:	50 e0       	ldi	r21, 0x00	; 0
    1ce4:	c9 01       	movw	r24, r18
    1ce6:	88 0f       	add	r24, r24
    1ce8:	99 1f       	adc	r25, r25
    1cea:	88 0f       	add	r24, r24
    1cec:	99 1f       	adc	r25, r25
    1cee:	9c 01       	movw	r18, r24
    1cf0:	22 0f       	add	r18, r18
    1cf2:	33 1f       	adc	r19, r19
    1cf4:	22 0f       	add	r18, r18
    1cf6:	33 1f       	adc	r19, r19
    1cf8:	82 0f       	add	r24, r18
    1cfa:	93 1f       	adc	r25, r19
    1cfc:	84 0f       	add	r24, r20
    1cfe:	95 1f       	adc	r25, r21
    1d00:	fc 01       	movw	r30, r24
    1d02:	e6 5a       	subi	r30, 0xA6	; 166
    1d04:	fe 4f       	sbci	r31, 0xFE	; 254
    1d06:	8a e2       	ldi	r24, 0x2A	; 42
    1d08:	80 83       	st	Z, r24
    }

    for(u8 row = 0; row < 4; row++) {
    1d0a:	1a 82       	std	Y+2, r1	; 0x02
    1d0c:	2a c0       	rjmp	.+84     	; 0x1d62 <snakeDraw+0x1ba>
        HLCD_voidGoToPos(row + 1, col1);
    1d0e:	8a 81       	ldd	r24, Y+2	; 0x02
    1d10:	8f 5f       	subi	r24, 0xFF	; 255
    1d12:	61 e0       	ldi	r22, 0x01	; 1
    1d14:	0e 94 6a 16 	call	0x2cd4	; 0x2cd4 <HLCD_voidGoToPos>
        for(u8 col = 0; col < 20; col++) {
    1d18:	19 82       	std	Y+1, r1	; 0x01
    1d1a:	1d c0       	rjmp	.+58     	; 0x1d56 <snakeDraw+0x1ae>
            HLCD_voidSendData(g_displayBuffer[row][col]);
    1d1c:	8a 81       	ldd	r24, Y+2	; 0x02
    1d1e:	28 2f       	mov	r18, r24
    1d20:	30 e0       	ldi	r19, 0x00	; 0
    1d22:	89 81       	ldd	r24, Y+1	; 0x01
    1d24:	48 2f       	mov	r20, r24
    1d26:	50 e0       	ldi	r21, 0x00	; 0
    1d28:	c9 01       	movw	r24, r18
    1d2a:	88 0f       	add	r24, r24
    1d2c:	99 1f       	adc	r25, r25
    1d2e:	88 0f       	add	r24, r24
    1d30:	99 1f       	adc	r25, r25
    1d32:	9c 01       	movw	r18, r24
    1d34:	22 0f       	add	r18, r18
    1d36:	33 1f       	adc	r19, r19
    1d38:	22 0f       	add	r18, r18
    1d3a:	33 1f       	adc	r19, r19
    1d3c:	82 0f       	add	r24, r18
    1d3e:	93 1f       	adc	r25, r19
    1d40:	84 0f       	add	r24, r20
    1d42:	95 1f       	adc	r25, r21
    1d44:	fc 01       	movw	r30, r24
    1d46:	e6 5a       	subi	r30, 0xA6	; 166
    1d48:	fe 4f       	sbci	r31, 0xFE	; 254
    1d4a:	80 81       	ld	r24, Z
    1d4c:	0e 94 db 14 	call	0x29b6	; 0x29b6 <HLCD_voidSendData>
        g_displayBuffer[g_food.y][g_food.x] = FOOD_CHAR;
    }

    for(u8 row = 0; row < 4; row++) {
        HLCD_voidGoToPos(row + 1, col1);
        for(u8 col = 0; col < 20; col++) {
    1d50:	89 81       	ldd	r24, Y+1	; 0x01
    1d52:	8f 5f       	subi	r24, 0xFF	; 255
    1d54:	89 83       	std	Y+1, r24	; 0x01
    1d56:	89 81       	ldd	r24, Y+1	; 0x01
    1d58:	84 31       	cpi	r24, 0x14	; 20
    1d5a:	00 f3       	brcs	.-64     	; 0x1d1c <snakeDraw+0x174>

    if(g_food.x < 20 && g_food.y < 4) {
        g_displayBuffer[g_food.y][g_food.x] = FOOD_CHAR;
    }

    for(u8 row = 0; row < 4; row++) {
    1d5c:	8a 81       	ldd	r24, Y+2	; 0x02
    1d5e:	8f 5f       	subi	r24, 0xFF	; 255
    1d60:	8a 83       	std	Y+2, r24	; 0x02
    1d62:	8a 81       	ldd	r24, Y+2	; 0x02
    1d64:	84 30       	cpi	r24, 0x04	; 4
    1d66:	98 f2       	brcs	.-90     	; 0x1d0e <snakeDraw+0x166>
        for(u8 col = 0; col < 20; col++) {
            HLCD_voidSendData(g_displayBuffer[row][col]);
        }
    }

}
    1d68:	27 96       	adiw	r28, 0x07	; 7
    1d6a:	0f b6       	in	r0, 0x3f	; 63
    1d6c:	f8 94       	cli
    1d6e:	de bf       	out	0x3e, r29	; 62
    1d70:	0f be       	out	0x3f, r0	; 63
    1d72:	cd bf       	out	0x3d, r28	; 61
    1d74:	cf 91       	pop	r28
    1d76:	df 91       	pop	r29
    1d78:	08 95       	ret

00001d7a <gameOverScreen>:

void gameOverScreen(void)
{
    1d7a:	df 93       	push	r29
    1d7c:	cf 93       	push	r28
    1d7e:	cd b7       	in	r28, 0x3d	; 61
    1d80:	de b7       	in	r29, 0x3e	; 62
    HLCD_voidClearDisplay();
    1d82:	0e 94 e2 15 	call	0x2bc4	; 0x2bc4 <HLCD_voidClearDisplay>

    HLCD_voidSendStringLine("    GAME OVER!    ", ROW1);
    1d86:	80 e6       	ldi	r24, 0x60	; 96
    1d88:	90 e0       	ldi	r25, 0x00	; 0
    1d8a:	61 e0       	ldi	r22, 0x01	; 1
    1d8c:	0e 94 96 15 	call	0x2b2c	; 0x2b2c <HLCD_voidSendStringLine>
    HLCD_voidSendStringLine("                    ", ROW2);
    1d90:	83 e7       	ldi	r24, 0x73	; 115
    1d92:	90 e0       	ldi	r25, 0x00	; 0
    1d94:	62 e0       	ldi	r22, 0x02	; 2
    1d96:	0e 94 96 15 	call	0x2b2c	; 0x2b2c <HLCD_voidSendStringLine>
    HLCD_voidSendStringLine("    SCORE:          ", ROW3);
    1d9a:	88 e8       	ldi	r24, 0x88	; 136
    1d9c:	90 e0       	ldi	r25, 0x00	; 0
    1d9e:	63 e0       	ldi	r22, 0x03	; 3
    1da0:	0e 94 96 15 	call	0x2b2c	; 0x2b2c <HLCD_voidSendStringLine>

    HLCD_voidGoToPos(ROW3, col12);
    1da4:	83 e0       	ldi	r24, 0x03	; 3
    1da6:	6c e0       	ldi	r22, 0x0C	; 12
    1da8:	0e 94 6a 16 	call	0x2cd4	; 0x2cd4 <HLCD_voidGoToPos>
    HLCD_voidDisplayNumberUnsigned(g_snake.score);
    1dac:	80 91 54 01 	lds	r24, 0x0154
    1db0:	90 91 55 01 	lds	r25, 0x0155
    1db4:	cc 01       	movw	r24, r24
    1db6:	a0 e0       	ldi	r26, 0x00	; 0
    1db8:	b0 e0       	ldi	r27, 0x00	; 0
    1dba:	bc 01       	movw	r22, r24
    1dbc:	cd 01       	movw	r24, r26
    1dbe:	0e 94 27 17 	call	0x2e4e	; 0x2e4e <HLCD_voidDisplayNumberUnsigned>

    HLCD_voidSendStringLine("  Press RESET     ", ROW4);
    1dc2:	8d e9       	ldi	r24, 0x9D	; 157
    1dc4:	90 e0       	ldi	r25, 0x00	; 0
    1dc6:	64 e0       	ldi	r22, 0x04	; 4
    1dc8:	0e 94 96 15 	call	0x2b2c	; 0x2b2c <HLCD_voidSendStringLine>
}
    1dcc:	cf 91       	pop	r28
    1dce:	df 91       	pop	r29
    1dd0:	08 95       	ret

00001dd2 <startScreen>:

void startScreen(void)
{
    1dd2:	df 93       	push	r29
    1dd4:	cf 93       	push	r28
    1dd6:	cd b7       	in	r28, 0x3d	; 61
    1dd8:	de b7       	in	r29, 0x3e	; 62
    1dda:	ac 97       	sbiw	r28, 0x2c	; 44
    1ddc:	0f b6       	in	r0, 0x3f	; 63
    1dde:	f8 94       	cli
    1de0:	de bf       	out	0x3e, r29	; 62
    1de2:	0f be       	out	0x3f, r0	; 63
    1de4:	cd bf       	out	0x3d, r28	; 61
    HLCD_voidClearDisplay();
    1de6:	0e 94 e2 15 	call	0x2bc4	; 0x2bc4 <HLCD_voidClearDisplay>
    HLCD_voidSendStringLine("                    ", ROW1);
    1dea:	83 e7       	ldi	r24, 0x73	; 115
    1dec:	90 e0       	ldi	r25, 0x00	; 0
    1dee:	61 e0       	ldi	r22, 0x01	; 1
    1df0:	0e 94 96 15 	call	0x2b2c	; 0x2b2c <HLCD_voidSendStringLine>
    HLCD_voidSendStringLine("      SNAKE GAME    ", ROW2);
    1df4:	80 eb       	ldi	r24, 0xB0	; 176
    1df6:	90 e0       	ldi	r25, 0x00	; 0
    1df8:	62 e0       	ldi	r22, 0x02	; 2
    1dfa:	0e 94 96 15 	call	0x2b2c	; 0x2b2c <HLCD_voidSendStringLine>
    HLCD_voidSendStringLine("      START(UP)?    ", ROW3);
    1dfe:	85 ec       	ldi	r24, 0xC5	; 197
    1e00:	90 e0       	ldi	r25, 0x00	; 0
    1e02:	63 e0       	ldi	r22, 0x03	; 3
    1e04:	0e 94 96 15 	call	0x2b2c	; 0x2b2c <HLCD_voidSendStringLine>
    HLCD_voidSendStringLine("                    ", ROW4);
    1e08:	83 e7       	ldi	r24, 0x73	; 115
    1e0a:	90 e0       	ldi	r25, 0x00	; 0
    1e0c:	64 e0       	ldi	r22, 0x04	; 4
    1e0e:	0e 94 96 15 	call	0x2b2c	; 0x2b2c <HLCD_voidSendStringLine>

    while(1) {
        u8 currentUp = READ_UP();
    1e12:	80 e0       	ldi	r24, 0x00	; 0
    1e14:	60 e0       	ldi	r22, 0x00	; 0
    1e16:	0e 94 d6 09 	call	0x13ac	; 0x13ac <MDIO_pinValueGetPinValue>
    1e1a:	8c a7       	std	Y+44, r24	; 0x2c

        if((currentUp == DIO_LOW) && (g_prevUp == DIO_HIGH)) {
    1e1c:	8c a5       	ldd	r24, Y+44	; 0x2c
    1e1e:	88 23       	and	r24, r24
    1e20:	09 f0       	breq	.+2      	; 0x1e24 <startScreen+0x52>
    1e22:	82 c0       	rjmp	.+260    	; 0x1f28 <startScreen+0x156>
    1e24:	80 91 e6 00 	lds	r24, 0x00E6
    1e28:	81 30       	cpi	r24, 0x01	; 1
    1e2a:	09 f0       	breq	.+2      	; 0x1e2e <startScreen+0x5c>
    1e2c:	7d c0       	rjmp	.+250    	; 0x1f28 <startScreen+0x156>
    1e2e:	80 e0       	ldi	r24, 0x00	; 0
    1e30:	90 e0       	ldi	r25, 0x00	; 0
    1e32:	a8 e4       	ldi	r26, 0x48	; 72
    1e34:	b3 e4       	ldi	r27, 0x43	; 67
    1e36:	8f a3       	std	Y+39, r24	; 0x27
    1e38:	98 a7       	std	Y+40, r25	; 0x28
    1e3a:	a9 a7       	std	Y+41, r26	; 0x29
    1e3c:	ba a7       	std	Y+42, r27	; 0x2a
 */
void
_delay_ms(double __ms)
{
	uint16_t __ticks;
	double __tmp = ((F_CPU) / 4e3) * __ms;
    1e3e:	6f a1       	ldd	r22, Y+39	; 0x27
    1e40:	78 a5       	ldd	r23, Y+40	; 0x28
    1e42:	89 a5       	ldd	r24, Y+41	; 0x29
    1e44:	9a a5       	ldd	r25, Y+42	; 0x2a
    1e46:	20 e0       	ldi	r18, 0x00	; 0
    1e48:	30 e0       	ldi	r19, 0x00	; 0
    1e4a:	4a ef       	ldi	r20, 0xFA	; 250
    1e4c:	54 e4       	ldi	r21, 0x44	; 68
    1e4e:	0e 94 1f 02 	call	0x43e	; 0x43e <__mulsf3>
    1e52:	dc 01       	movw	r26, r24
    1e54:	cb 01       	movw	r24, r22
    1e56:	8b a3       	std	Y+35, r24	; 0x23
    1e58:	9c a3       	std	Y+36, r25	; 0x24
    1e5a:	ad a3       	std	Y+37, r26	; 0x25
    1e5c:	be a3       	std	Y+38, r27	; 0x26
	if (__tmp < 1.0)
    1e5e:	6b a1       	ldd	r22, Y+35	; 0x23
    1e60:	7c a1       	ldd	r23, Y+36	; 0x24
    1e62:	8d a1       	ldd	r24, Y+37	; 0x25
    1e64:	9e a1       	ldd	r25, Y+38	; 0x26
    1e66:	20 e0       	ldi	r18, 0x00	; 0
    1e68:	30 e0       	ldi	r19, 0x00	; 0
    1e6a:	40 e8       	ldi	r20, 0x80	; 128
    1e6c:	5f e3       	ldi	r21, 0x3F	; 63
    1e6e:	0e 94 79 03 	call	0x6f2	; 0x6f2 <__ltsf2>
    1e72:	88 23       	and	r24, r24
    1e74:	2c f4       	brge	.+10     	; 0x1e80 <startScreen+0xae>
		__ticks = 1;
    1e76:	81 e0       	ldi	r24, 0x01	; 1
    1e78:	90 e0       	ldi	r25, 0x00	; 0
    1e7a:	9a a3       	std	Y+34, r25	; 0x22
    1e7c:	89 a3       	std	Y+33, r24	; 0x21
    1e7e:	3f c0       	rjmp	.+126    	; 0x1efe <startScreen+0x12c>
	else if (__tmp > 65535)
    1e80:	6b a1       	ldd	r22, Y+35	; 0x23
    1e82:	7c a1       	ldd	r23, Y+36	; 0x24
    1e84:	8d a1       	ldd	r24, Y+37	; 0x25
    1e86:	9e a1       	ldd	r25, Y+38	; 0x26
    1e88:	20 e0       	ldi	r18, 0x00	; 0
    1e8a:	3f ef       	ldi	r19, 0xFF	; 255
    1e8c:	4f e7       	ldi	r20, 0x7F	; 127
    1e8e:	57 e4       	ldi	r21, 0x47	; 71
    1e90:	0e 94 19 03 	call	0x632	; 0x632 <__gtsf2>
    1e94:	18 16       	cp	r1, r24
    1e96:	4c f5       	brge	.+82     	; 0x1eea <startScreen+0x118>
	{
		//	__ticks = requested delay in 1/10 ms
		__ticks = (uint16_t) (__ms * 10.0);
    1e98:	6f a1       	ldd	r22, Y+39	; 0x27
    1e9a:	78 a5       	ldd	r23, Y+40	; 0x28
    1e9c:	89 a5       	ldd	r24, Y+41	; 0x29
    1e9e:	9a a5       	ldd	r25, Y+42	; 0x2a
    1ea0:	20 e0       	ldi	r18, 0x00	; 0
    1ea2:	30 e0       	ldi	r19, 0x00	; 0
    1ea4:	40 e2       	ldi	r20, 0x20	; 32
    1ea6:	51 e4       	ldi	r21, 0x41	; 65
    1ea8:	0e 94 1f 02 	call	0x43e	; 0x43e <__mulsf3>
    1eac:	dc 01       	movw	r26, r24
    1eae:	cb 01       	movw	r24, r22
    1eb0:	bc 01       	movw	r22, r24
    1eb2:	cd 01       	movw	r24, r26
    1eb4:	0e 94 49 00 	call	0x92	; 0x92 <__fixunssfsi>
    1eb8:	dc 01       	movw	r26, r24
    1eba:	cb 01       	movw	r24, r22
    1ebc:	9a a3       	std	Y+34, r25	; 0x22
    1ebe:	89 a3       	std	Y+33, r24	; 0x21
    1ec0:	0f c0       	rjmp	.+30     	; 0x1ee0 <startScreen+0x10e>
    1ec2:	88 ec       	ldi	r24, 0xC8	; 200
    1ec4:	90 e0       	ldi	r25, 0x00	; 0
    1ec6:	98 a3       	std	Y+32, r25	; 0x20
    1ec8:	8f 8f       	std	Y+31, r24	; 0x1f
    1eca:	8f 8d       	ldd	r24, Y+31	; 0x1f
    1ecc:	98 a1       	ldd	r25, Y+32	; 0x20
    1ece:	01 97       	sbiw	r24, 0x01	; 1
    1ed0:	f1 f7       	brne	.-4      	; 0x1ece <startScreen+0xfc>
    1ed2:	98 a3       	std	Y+32, r25	; 0x20
    1ed4:	8f 8f       	std	Y+31, r24	; 0x1f
		while(__ticks)
		{
			// wait 1/10 ms
			_delay_loop_2(((F_CPU) / 4e3) / 10);
			__ticks --;
    1ed6:	89 a1       	ldd	r24, Y+33	; 0x21
    1ed8:	9a a1       	ldd	r25, Y+34	; 0x22
    1eda:	01 97       	sbiw	r24, 0x01	; 1
    1edc:	9a a3       	std	Y+34, r25	; 0x22
    1ede:	89 a3       	std	Y+33, r24	; 0x21
		__ticks = 1;
	else if (__tmp > 65535)
	{
		//	__ticks = requested delay in 1/10 ms
		__ticks = (uint16_t) (__ms * 10.0);
		while(__ticks)
    1ee0:	89 a1       	ldd	r24, Y+33	; 0x21
    1ee2:	9a a1       	ldd	r25, Y+34	; 0x22
    1ee4:	00 97       	sbiw	r24, 0x00	; 0
    1ee6:	69 f7       	brne	.-38     	; 0x1ec2 <startScreen+0xf0>
    1ee8:	14 c0       	rjmp	.+40     	; 0x1f12 <startScreen+0x140>
			__ticks --;
		}
		return;
	}
	else
		__ticks = (uint16_t)__tmp;
    1eea:	6b a1       	ldd	r22, Y+35	; 0x23
    1eec:	7c a1       	ldd	r23, Y+36	; 0x24
    1eee:	8d a1       	ldd	r24, Y+37	; 0x25
    1ef0:	9e a1       	ldd	r25, Y+38	; 0x26
    1ef2:	0e 94 49 00 	call	0x92	; 0x92 <__fixunssfsi>
    1ef6:	dc 01       	movw	r26, r24
    1ef8:	cb 01       	movw	r24, r22
    1efa:	9a a3       	std	Y+34, r25	; 0x22
    1efc:	89 a3       	std	Y+33, r24	; 0x21
    1efe:	89 a1       	ldd	r24, Y+33	; 0x21
    1f00:	9a a1       	ldd	r25, Y+34	; 0x22
    1f02:	9e 8f       	std	Y+30, r25	; 0x1e
    1f04:	8d 8f       	std	Y+29, r24	; 0x1d
    1f06:	8d 8d       	ldd	r24, Y+29	; 0x1d
    1f08:	9e 8d       	ldd	r25, Y+30	; 0x1e
    1f0a:	01 97       	sbiw	r24, 0x01	; 1
    1f0c:	f1 f7       	brne	.-4      	; 0x1f0a <startScreen+0x138>
    1f0e:	9e 8f       	std	Y+30, r25	; 0x1e
    1f10:	8d 8f       	std	Y+29, r24	; 0x1d
        g_prevUp = currentUp;
        g_prevReset = currentReset;
        _delay_ms(10);
    }

    HLCD_voidClearDisplay();
    1f12:	0e 94 e2 15 	call	0x2bc4	; 0x2bc4 <HLCD_voidClearDisplay>
}
    1f16:	ac 96       	adiw	r28, 0x2c	; 44
    1f18:	0f b6       	in	r0, 0x3f	; 63
    1f1a:	f8 94       	cli
    1f1c:	de bf       	out	0x3e, r29	; 62
    1f1e:	0f be       	out	0x3f, r0	; 63
    1f20:	cd bf       	out	0x3d, r28	; 61
    1f22:	cf 91       	pop	r28
    1f24:	df 91       	pop	r29
    1f26:	08 95       	ret
        if((currentUp == DIO_LOW) && (g_prevUp == DIO_HIGH)) {
            _delay_ms(200);  // Debounce
            break;
        }

        u8 currentReset = READ_RESET();
    1f28:	80 e0       	ldi	r24, 0x00	; 0
    1f2a:	64 e0       	ldi	r22, 0x04	; 4
    1f2c:	0e 94 d6 09 	call	0x13ac	; 0x13ac <MDIO_pinValueGetPinValue>
    1f30:	8b a7       	std	Y+43, r24	; 0x2b
        if((currentReset == DIO_LOW) && (g_prevReset == DIO_HIGH)) {
    1f32:	8b a5       	ldd	r24, Y+43	; 0x2b
    1f34:	88 23       	and	r24, r24
    1f36:	09 f0       	breq	.+2      	; 0x1f3a <startScreen+0x168>
    1f38:	77 c0       	rjmp	.+238    	; 0x2028 <startScreen+0x256>
    1f3a:	80 91 ea 00 	lds	r24, 0x00EA
    1f3e:	81 30       	cpi	r24, 0x01	; 1
    1f40:	09 f0       	breq	.+2      	; 0x1f44 <startScreen+0x172>
    1f42:	72 c0       	rjmp	.+228    	; 0x2028 <startScreen+0x256>
    1f44:	80 e0       	ldi	r24, 0x00	; 0
    1f46:	90 e0       	ldi	r25, 0x00	; 0
    1f48:	a8 e4       	ldi	r26, 0x48	; 72
    1f4a:	b3 e4       	ldi	r27, 0x43	; 67
    1f4c:	89 8f       	std	Y+25, r24	; 0x19
    1f4e:	9a 8f       	std	Y+26, r25	; 0x1a
    1f50:	ab 8f       	std	Y+27, r26	; 0x1b
    1f52:	bc 8f       	std	Y+28, r27	; 0x1c
 */
void
_delay_ms(double __ms)
{
	uint16_t __ticks;
	double __tmp = ((F_CPU) / 4e3) * __ms;
    1f54:	69 8d       	ldd	r22, Y+25	; 0x19
    1f56:	7a 8d       	ldd	r23, Y+26	; 0x1a
    1f58:	8b 8d       	ldd	r24, Y+27	; 0x1b
    1f5a:	9c 8d       	ldd	r25, Y+28	; 0x1c
    1f5c:	20 e0       	ldi	r18, 0x00	; 0
    1f5e:	30 e0       	ldi	r19, 0x00	; 0
    1f60:	4a ef       	ldi	r20, 0xFA	; 250
    1f62:	54 e4       	ldi	r21, 0x44	; 68
    1f64:	0e 94 1f 02 	call	0x43e	; 0x43e <__mulsf3>
    1f68:	dc 01       	movw	r26, r24
    1f6a:	cb 01       	movw	r24, r22
    1f6c:	8d 8b       	std	Y+21, r24	; 0x15
    1f6e:	9e 8b       	std	Y+22, r25	; 0x16
    1f70:	af 8b       	std	Y+23, r26	; 0x17
    1f72:	b8 8f       	std	Y+24, r27	; 0x18
	if (__tmp < 1.0)
    1f74:	6d 89       	ldd	r22, Y+21	; 0x15
    1f76:	7e 89       	ldd	r23, Y+22	; 0x16
    1f78:	8f 89       	ldd	r24, Y+23	; 0x17
    1f7a:	98 8d       	ldd	r25, Y+24	; 0x18
    1f7c:	20 e0       	ldi	r18, 0x00	; 0
    1f7e:	30 e0       	ldi	r19, 0x00	; 0
    1f80:	40 e8       	ldi	r20, 0x80	; 128
    1f82:	5f e3       	ldi	r21, 0x3F	; 63
    1f84:	0e 94 79 03 	call	0x6f2	; 0x6f2 <__ltsf2>
    1f88:	88 23       	and	r24, r24
    1f8a:	2c f4       	brge	.+10     	; 0x1f96 <startScreen+0x1c4>
		__ticks = 1;
    1f8c:	81 e0       	ldi	r24, 0x01	; 1
    1f8e:	90 e0       	ldi	r25, 0x00	; 0
    1f90:	9c 8b       	std	Y+20, r25	; 0x14
    1f92:	8b 8b       	std	Y+19, r24	; 0x13
    1f94:	3f c0       	rjmp	.+126    	; 0x2014 <startScreen+0x242>
	else if (__tmp > 65535)
    1f96:	6d 89       	ldd	r22, Y+21	; 0x15
    1f98:	7e 89       	ldd	r23, Y+22	; 0x16
    1f9a:	8f 89       	ldd	r24, Y+23	; 0x17
    1f9c:	98 8d       	ldd	r25, Y+24	; 0x18
    1f9e:	20 e0       	ldi	r18, 0x00	; 0
    1fa0:	3f ef       	ldi	r19, 0xFF	; 255
    1fa2:	4f e7       	ldi	r20, 0x7F	; 127
    1fa4:	57 e4       	ldi	r21, 0x47	; 71
    1fa6:	0e 94 19 03 	call	0x632	; 0x632 <__gtsf2>
    1faa:	18 16       	cp	r1, r24
    1fac:	4c f5       	brge	.+82     	; 0x2000 <startScreen+0x22e>
	{
		//	__ticks = requested delay in 1/10 ms
		__ticks = (uint16_t) (__ms * 10.0);
    1fae:	69 8d       	ldd	r22, Y+25	; 0x19
    1fb0:	7a 8d       	ldd	r23, Y+26	; 0x1a
    1fb2:	8b 8d       	ldd	r24, Y+27	; 0x1b
    1fb4:	9c 8d       	ldd	r25, Y+28	; 0x1c
    1fb6:	20 e0       	ldi	r18, 0x00	; 0
    1fb8:	30 e0       	ldi	r19, 0x00	; 0
    1fba:	40 e2       	ldi	r20, 0x20	; 32
    1fbc:	51 e4       	ldi	r21, 0x41	; 65
    1fbe:	0e 94 1f 02 	call	0x43e	; 0x43e <__mulsf3>
    1fc2:	dc 01       	movw	r26, r24
    1fc4:	cb 01       	movw	r24, r22
    1fc6:	bc 01       	movw	r22, r24
    1fc8:	cd 01       	movw	r24, r26
    1fca:	0e 94 49 00 	call	0x92	; 0x92 <__fixunssfsi>
    1fce:	dc 01       	movw	r26, r24
    1fd0:	cb 01       	movw	r24, r22
    1fd2:	9c 8b       	std	Y+20, r25	; 0x14
    1fd4:	8b 8b       	std	Y+19, r24	; 0x13
    1fd6:	0f c0       	rjmp	.+30     	; 0x1ff6 <startScreen+0x224>
    1fd8:	88 ec       	ldi	r24, 0xC8	; 200
    1fda:	90 e0       	ldi	r25, 0x00	; 0
    1fdc:	9a 8b       	std	Y+18, r25	; 0x12
    1fde:	89 8b       	std	Y+17, r24	; 0x11
    1fe0:	89 89       	ldd	r24, Y+17	; 0x11
    1fe2:	9a 89       	ldd	r25, Y+18	; 0x12
    1fe4:	01 97       	sbiw	r24, 0x01	; 1
    1fe6:	f1 f7       	brne	.-4      	; 0x1fe4 <startScreen+0x212>
    1fe8:	9a 8b       	std	Y+18, r25	; 0x12
    1fea:	89 8b       	std	Y+17, r24	; 0x11
		while(__ticks)
		{
			// wait 1/10 ms
			_delay_loop_2(((F_CPU) / 4e3) / 10);
			__ticks --;
    1fec:	8b 89       	ldd	r24, Y+19	; 0x13
    1fee:	9c 89       	ldd	r25, Y+20	; 0x14
    1ff0:	01 97       	sbiw	r24, 0x01	; 1
    1ff2:	9c 8b       	std	Y+20, r25	; 0x14
    1ff4:	8b 8b       	std	Y+19, r24	; 0x13
		__ticks = 1;
	else if (__tmp > 65535)
	{
		//	__ticks = requested delay in 1/10 ms
		__ticks = (uint16_t) (__ms * 10.0);
		while(__ticks)
    1ff6:	8b 89       	ldd	r24, Y+19	; 0x13
    1ff8:	9c 89       	ldd	r25, Y+20	; 0x14
    1ffa:	00 97       	sbiw	r24, 0x00	; 0
    1ffc:	69 f7       	brne	.-38     	; 0x1fd8 <startScreen+0x206>
    1ffe:	14 c0       	rjmp	.+40     	; 0x2028 <startScreen+0x256>
			__ticks --;
		}
		return;
	}
	else
		__ticks = (uint16_t)__tmp;
    2000:	6d 89       	ldd	r22, Y+21	; 0x15
    2002:	7e 89       	ldd	r23, Y+22	; 0x16
    2004:	8f 89       	ldd	r24, Y+23	; 0x17
    2006:	98 8d       	ldd	r25, Y+24	; 0x18
    2008:	0e 94 49 00 	call	0x92	; 0x92 <__fixunssfsi>
    200c:	dc 01       	movw	r26, r24
    200e:	cb 01       	movw	r24, r22
    2010:	9c 8b       	std	Y+20, r25	; 0x14
    2012:	8b 8b       	std	Y+19, r24	; 0x13
    2014:	8b 89       	ldd	r24, Y+19	; 0x13
    2016:	9c 89       	ldd	r25, Y+20	; 0x14
    2018:	98 8b       	std	Y+16, r25	; 0x10
    201a:	8f 87       	std	Y+15, r24	; 0x0f
    201c:	8f 85       	ldd	r24, Y+15	; 0x0f
    201e:	98 89       	ldd	r25, Y+16	; 0x10
    2020:	01 97       	sbiw	r24, 0x01	; 1
    2022:	f1 f7       	brne	.-4      	; 0x2020 <startScreen+0x24e>
    2024:	98 8b       	std	Y+16, r25	; 0x10
    2026:	8f 87       	std	Y+15, r24	; 0x0f
            _delay_ms(200);
        }

        g_prevUp = currentUp;
    2028:	8c a5       	ldd	r24, Y+44	; 0x2c
    202a:	80 93 e6 00 	sts	0x00E6, r24
        g_prevReset = currentReset;
    202e:	8b a5       	ldd	r24, Y+43	; 0x2b
    2030:	80 93 ea 00 	sts	0x00EA, r24
    2034:	80 e0       	ldi	r24, 0x00	; 0
    2036:	90 e0       	ldi	r25, 0x00	; 0
    2038:	a0 e2       	ldi	r26, 0x20	; 32
    203a:	b1 e4       	ldi	r27, 0x41	; 65
    203c:	8b 87       	std	Y+11, r24	; 0x0b
    203e:	9c 87       	std	Y+12, r25	; 0x0c
    2040:	ad 87       	std	Y+13, r26	; 0x0d
    2042:	be 87       	std	Y+14, r27	; 0x0e
 */
void
_delay_ms(double __ms)
{
	uint16_t __ticks;
	double __tmp = ((F_CPU) / 4e3) * __ms;
    2044:	6b 85       	ldd	r22, Y+11	; 0x0b
    2046:	7c 85       	ldd	r23, Y+12	; 0x0c
    2048:	8d 85       	ldd	r24, Y+13	; 0x0d
    204a:	9e 85       	ldd	r25, Y+14	; 0x0e
    204c:	20 e0       	ldi	r18, 0x00	; 0
    204e:	30 e0       	ldi	r19, 0x00	; 0
    2050:	4a ef       	ldi	r20, 0xFA	; 250
    2052:	54 e4       	ldi	r21, 0x44	; 68
    2054:	0e 94 1f 02 	call	0x43e	; 0x43e <__mulsf3>
    2058:	dc 01       	movw	r26, r24
    205a:	cb 01       	movw	r24, r22
    205c:	8f 83       	std	Y+7, r24	; 0x07
    205e:	98 87       	std	Y+8, r25	; 0x08
    2060:	a9 87       	std	Y+9, r26	; 0x09
    2062:	ba 87       	std	Y+10, r27	; 0x0a
	if (__tmp < 1.0)
    2064:	6f 81       	ldd	r22, Y+7	; 0x07
    2066:	78 85       	ldd	r23, Y+8	; 0x08
    2068:	89 85       	ldd	r24, Y+9	; 0x09
    206a:	9a 85       	ldd	r25, Y+10	; 0x0a
    206c:	20 e0       	ldi	r18, 0x00	; 0
    206e:	30 e0       	ldi	r19, 0x00	; 0
    2070:	40 e8       	ldi	r20, 0x80	; 128
    2072:	5f e3       	ldi	r21, 0x3F	; 63
    2074:	0e 94 79 03 	call	0x6f2	; 0x6f2 <__ltsf2>
    2078:	88 23       	and	r24, r24
    207a:	2c f4       	brge	.+10     	; 0x2086 <startScreen+0x2b4>
		__ticks = 1;
    207c:	81 e0       	ldi	r24, 0x01	; 1
    207e:	90 e0       	ldi	r25, 0x00	; 0
    2080:	9e 83       	std	Y+6, r25	; 0x06
    2082:	8d 83       	std	Y+5, r24	; 0x05
    2084:	3f c0       	rjmp	.+126    	; 0x2104 <startScreen+0x332>
	else if (__tmp > 65535)
    2086:	6f 81       	ldd	r22, Y+7	; 0x07
    2088:	78 85       	ldd	r23, Y+8	; 0x08
    208a:	89 85       	ldd	r24, Y+9	; 0x09
    208c:	9a 85       	ldd	r25, Y+10	; 0x0a
    208e:	20 e0       	ldi	r18, 0x00	; 0
    2090:	3f ef       	ldi	r19, 0xFF	; 255
    2092:	4f e7       	ldi	r20, 0x7F	; 127
    2094:	57 e4       	ldi	r21, 0x47	; 71
    2096:	0e 94 19 03 	call	0x632	; 0x632 <__gtsf2>
    209a:	18 16       	cp	r1, r24
    209c:	4c f5       	brge	.+82     	; 0x20f0 <startScreen+0x31e>
	{
		//	__ticks = requested delay in 1/10 ms
		__ticks = (uint16_t) (__ms * 10.0);
    209e:	6b 85       	ldd	r22, Y+11	; 0x0b
    20a0:	7c 85       	ldd	r23, Y+12	; 0x0c
    20a2:	8d 85       	ldd	r24, Y+13	; 0x0d
    20a4:	9e 85       	ldd	r25, Y+14	; 0x0e
    20a6:	20 e0       	ldi	r18, 0x00	; 0
    20a8:	30 e0       	ldi	r19, 0x00	; 0
    20aa:	40 e2       	ldi	r20, 0x20	; 32
    20ac:	51 e4       	ldi	r21, 0x41	; 65
    20ae:	0e 94 1f 02 	call	0x43e	; 0x43e <__mulsf3>
    20b2:	dc 01       	movw	r26, r24
    20b4:	cb 01       	movw	r24, r22
    20b6:	bc 01       	movw	r22, r24
    20b8:	cd 01       	movw	r24, r26
    20ba:	0e 94 49 00 	call	0x92	; 0x92 <__fixunssfsi>
    20be:	dc 01       	movw	r26, r24
    20c0:	cb 01       	movw	r24, r22
    20c2:	9e 83       	std	Y+6, r25	; 0x06
    20c4:	8d 83       	std	Y+5, r24	; 0x05
    20c6:	0f c0       	rjmp	.+30     	; 0x20e6 <startScreen+0x314>
    20c8:	88 ec       	ldi	r24, 0xC8	; 200
    20ca:	90 e0       	ldi	r25, 0x00	; 0
    20cc:	9c 83       	std	Y+4, r25	; 0x04
    20ce:	8b 83       	std	Y+3, r24	; 0x03
    20d0:	8b 81       	ldd	r24, Y+3	; 0x03
    20d2:	9c 81       	ldd	r25, Y+4	; 0x04
    20d4:	01 97       	sbiw	r24, 0x01	; 1
    20d6:	f1 f7       	brne	.-4      	; 0x20d4 <startScreen+0x302>
    20d8:	9c 83       	std	Y+4, r25	; 0x04
    20da:	8b 83       	std	Y+3, r24	; 0x03
		while(__ticks)
		{
			// wait 1/10 ms
			_delay_loop_2(((F_CPU) / 4e3) / 10);
			__ticks --;
    20dc:	8d 81       	ldd	r24, Y+5	; 0x05
    20de:	9e 81       	ldd	r25, Y+6	; 0x06
    20e0:	01 97       	sbiw	r24, 0x01	; 1
    20e2:	9e 83       	std	Y+6, r25	; 0x06
    20e4:	8d 83       	std	Y+5, r24	; 0x05
		__ticks = 1;
	else if (__tmp > 65535)
	{
		//	__ticks = requested delay in 1/10 ms
		__ticks = (uint16_t) (__ms * 10.0);
		while(__ticks)
    20e6:	8d 81       	ldd	r24, Y+5	; 0x05
    20e8:	9e 81       	ldd	r25, Y+6	; 0x06
    20ea:	00 97       	sbiw	r24, 0x00	; 0
    20ec:	69 f7       	brne	.-38     	; 0x20c8 <startScreen+0x2f6>
    20ee:	91 ce       	rjmp	.-734    	; 0x1e12 <startScreen+0x40>
			__ticks --;
		}
		return;
	}
	else
		__ticks = (uint16_t)__tmp;
    20f0:	6f 81       	ldd	r22, Y+7	; 0x07
    20f2:	78 85       	ldd	r23, Y+8	; 0x08
    20f4:	89 85       	ldd	r24, Y+9	; 0x09
    20f6:	9a 85       	ldd	r25, Y+10	; 0x0a
    20f8:	0e 94 49 00 	call	0x92	; 0x92 <__fixunssfsi>
    20fc:	dc 01       	movw	r26, r24
    20fe:	cb 01       	movw	r24, r22
    2100:	9e 83       	std	Y+6, r25	; 0x06
    2102:	8d 83       	std	Y+5, r24	; 0x05
    2104:	8d 81       	ldd	r24, Y+5	; 0x05
    2106:	9e 81       	ldd	r25, Y+6	; 0x06
    2108:	9a 83       	std	Y+2, r25	; 0x02
    210a:	89 83       	std	Y+1, r24	; 0x01
    210c:	89 81       	ldd	r24, Y+1	; 0x01
    210e:	9a 81       	ldd	r25, Y+2	; 0x02
    2110:	01 97       	sbiw	r24, 0x01	; 1
    2112:	f1 f7       	brne	.-4      	; 0x2110 <startScreen+0x33e>
    2114:	9a 83       	std	Y+2, r25	; 0x02
    2116:	89 83       	std	Y+1, r24	; 0x01
    2118:	7c ce       	rjmp	.-776    	; 0x1e12 <startScreen+0x40>

0000211a <gameLoop>:

    HLCD_voidClearDisplay();
}

void gameLoop(void)
{
    211a:	df 93       	push	r29
    211c:	cf 93       	push	r28
    211e:	cd b7       	in	r28, 0x3d	; 61
    2120:	de b7       	in	r29, 0x3e	; 62
    2122:	2f 97       	sbiw	r28, 0x0f	; 15
    2124:	0f b6       	in	r0, 0x3f	; 63
    2126:	f8 94       	cli
    2128:	de bf       	out	0x3e, r29	; 62
    212a:	0f be       	out	0x3f, r0	; 63
    212c:	cd bf       	out	0x3d, r28	; 61
    u8 frameCounter = 0;
    212e:	1f 86       	std	Y+15, r1	; 0x0f
    2130:	8e c0       	rjmp	.+284    	; 0x224e <gameLoop+0x134>

    while(g_gameRunning) {
        buttonInput();
    2132:	0e 94 09 0c 	call	0x1812	; 0x1812 <buttonInput>

        if(!g_gameRunning) {
    2136:	80 91 58 01 	lds	r24, 0x0158
    213a:	88 23       	and	r24, r24
    213c:	09 f4       	brne	.+2      	; 0x2140 <gameLoop+0x26>
    213e:	8c c0       	rjmp	.+280    	; 0x2258 <gameLoop+0x13e>
            break;
        }

        if(frameCounter >= 5) {
    2140:	8f 85       	ldd	r24, Y+15	; 0x0f
    2142:	85 30       	cpi	r24, 0x05	; 5
    2144:	78 f0       	brcs	.+30     	; 0x2164 <gameLoop+0x4a>
            snakeUpdate();
    2146:	0e 94 ff 0c 	call	0x19fe	; 0x19fe <snakeUpdate>
            frameCounter = 0;
    214a:	1f 86       	std	Y+15, r1	; 0x0f

            if(g_snake.isDead) {
    214c:	80 91 53 01 	lds	r24, 0x0153
    2150:	88 23       	and	r24, r24
    2152:	31 f0       	breq	.+12     	; 0x2160 <gameLoop+0x46>
                g_gameOver = 1;
    2154:	81 e0       	ldi	r24, 0x01	; 1
    2156:	80 93 59 01 	sts	0x0159, r24
                g_gameRunning = 0;
    215a:	10 92 58 01 	sts	0x0158, r1
    215e:	7c c0       	rjmp	.+248    	; 0x2258 <gameLoop+0x13e>
                break;
            }

            snakeDraw();
    2160:	0e 94 d4 0d 	call	0x1ba8	; 0x1ba8 <snakeDraw>
        }
        frameCounter++;
    2164:	8f 85       	ldd	r24, Y+15	; 0x0f
    2166:	8f 5f       	subi	r24, 0xFF	; 255
    2168:	8f 87       	std	Y+15, r24	; 0x0f
    216a:	80 e0       	ldi	r24, 0x00	; 0
    216c:	90 e0       	ldi	r25, 0x00	; 0
    216e:	a8 e4       	ldi	r26, 0x48	; 72
    2170:	b2 e4       	ldi	r27, 0x42	; 66
    2172:	8b 87       	std	Y+11, r24	; 0x0b
    2174:	9c 87       	std	Y+12, r25	; 0x0c
    2176:	ad 87       	std	Y+13, r26	; 0x0d
    2178:	be 87       	std	Y+14, r27	; 0x0e
 */
void
_delay_ms(double __ms)
{
	uint16_t __ticks;
	double __tmp = ((F_CPU) / 4e3) * __ms;
    217a:	6b 85       	ldd	r22, Y+11	; 0x0b
    217c:	7c 85       	ldd	r23, Y+12	; 0x0c
    217e:	8d 85       	ldd	r24, Y+13	; 0x0d
    2180:	9e 85       	ldd	r25, Y+14	; 0x0e
    2182:	20 e0       	ldi	r18, 0x00	; 0
    2184:	30 e0       	ldi	r19, 0x00	; 0
    2186:	4a ef       	ldi	r20, 0xFA	; 250
    2188:	54 e4       	ldi	r21, 0x44	; 68
    218a:	0e 94 1f 02 	call	0x43e	; 0x43e <__mulsf3>
    218e:	dc 01       	movw	r26, r24
    2190:	cb 01       	movw	r24, r22
    2192:	8f 83       	std	Y+7, r24	; 0x07
    2194:	98 87       	std	Y+8, r25	; 0x08
    2196:	a9 87       	std	Y+9, r26	; 0x09
    2198:	ba 87       	std	Y+10, r27	; 0x0a
	if (__tmp < 1.0)
    219a:	6f 81       	ldd	r22, Y+7	; 0x07
    219c:	78 85       	ldd	r23, Y+8	; 0x08
    219e:	89 85       	ldd	r24, Y+9	; 0x09
    21a0:	9a 85       	ldd	r25, Y+10	; 0x0a
    21a2:	20 e0       	ldi	r18, 0x00	; 0
    21a4:	30 e0       	ldi	r19, 0x00	; 0
    21a6:	40 e8       	ldi	r20, 0x80	; 128
    21a8:	5f e3       	ldi	r21, 0x3F	; 63
    21aa:	0e 94 79 03 	call	0x6f2	; 0x6f2 <__ltsf2>
    21ae:	88 23       	and	r24, r24
    21b0:	2c f4       	brge	.+10     	; 0x21bc <gameLoop+0xa2>
		__ticks = 1;
    21b2:	81 e0       	ldi	r24, 0x01	; 1
    21b4:	90 e0       	ldi	r25, 0x00	; 0
    21b6:	9e 83       	std	Y+6, r25	; 0x06
    21b8:	8d 83       	std	Y+5, r24	; 0x05
    21ba:	3f c0       	rjmp	.+126    	; 0x223a <gameLoop+0x120>
	else if (__tmp > 65535)
    21bc:	6f 81       	ldd	r22, Y+7	; 0x07
    21be:	78 85       	ldd	r23, Y+8	; 0x08
    21c0:	89 85       	ldd	r24, Y+9	; 0x09
    21c2:	9a 85       	ldd	r25, Y+10	; 0x0a
    21c4:	20 e0       	ldi	r18, 0x00	; 0
    21c6:	3f ef       	ldi	r19, 0xFF	; 255
    21c8:	4f e7       	ldi	r20, 0x7F	; 127
    21ca:	57 e4       	ldi	r21, 0x47	; 71
    21cc:	0e 94 19 03 	call	0x632	; 0x632 <__gtsf2>
    21d0:	18 16       	cp	r1, r24
    21d2:	4c f5       	brge	.+82     	; 0x2226 <gameLoop+0x10c>
	{
		//	__ticks = requested delay in 1/10 ms
		__ticks = (uint16_t) (__ms * 10.0);
    21d4:	6b 85       	ldd	r22, Y+11	; 0x0b
    21d6:	7c 85       	ldd	r23, Y+12	; 0x0c
    21d8:	8d 85       	ldd	r24, Y+13	; 0x0d
    21da:	9e 85       	ldd	r25, Y+14	; 0x0e
    21dc:	20 e0       	ldi	r18, 0x00	; 0
    21de:	30 e0       	ldi	r19, 0x00	; 0
    21e0:	40 e2       	ldi	r20, 0x20	; 32
    21e2:	51 e4       	ldi	r21, 0x41	; 65
    21e4:	0e 94 1f 02 	call	0x43e	; 0x43e <__mulsf3>
    21e8:	dc 01       	movw	r26, r24
    21ea:	cb 01       	movw	r24, r22
    21ec:	bc 01       	movw	r22, r24
    21ee:	cd 01       	movw	r24, r26
    21f0:	0e 94 49 00 	call	0x92	; 0x92 <__fixunssfsi>
    21f4:	dc 01       	movw	r26, r24
    21f6:	cb 01       	movw	r24, r22
    21f8:	9e 83       	std	Y+6, r25	; 0x06
    21fa:	8d 83       	std	Y+5, r24	; 0x05
    21fc:	0f c0       	rjmp	.+30     	; 0x221c <gameLoop+0x102>
    21fe:	88 ec       	ldi	r24, 0xC8	; 200
    2200:	90 e0       	ldi	r25, 0x00	; 0
    2202:	9c 83       	std	Y+4, r25	; 0x04
    2204:	8b 83       	std	Y+3, r24	; 0x03
    2206:	8b 81       	ldd	r24, Y+3	; 0x03
    2208:	9c 81       	ldd	r25, Y+4	; 0x04
    220a:	01 97       	sbiw	r24, 0x01	; 1
    220c:	f1 f7       	brne	.-4      	; 0x220a <gameLoop+0xf0>
    220e:	9c 83       	std	Y+4, r25	; 0x04
    2210:	8b 83       	std	Y+3, r24	; 0x03
		while(__ticks)
		{
			// wait 1/10 ms
			_delay_loop_2(((F_CPU) / 4e3) / 10);
			__ticks --;
    2212:	8d 81       	ldd	r24, Y+5	; 0x05
    2214:	9e 81       	ldd	r25, Y+6	; 0x06
    2216:	01 97       	sbiw	r24, 0x01	; 1
    2218:	9e 83       	std	Y+6, r25	; 0x06
    221a:	8d 83       	std	Y+5, r24	; 0x05
		__ticks = 1;
	else if (__tmp > 65535)
	{
		//	__ticks = requested delay in 1/10 ms
		__ticks = (uint16_t) (__ms * 10.0);
		while(__ticks)
    221c:	8d 81       	ldd	r24, Y+5	; 0x05
    221e:	9e 81       	ldd	r25, Y+6	; 0x06
    2220:	00 97       	sbiw	r24, 0x00	; 0
    2222:	69 f7       	brne	.-38     	; 0x21fe <gameLoop+0xe4>
    2224:	14 c0       	rjmp	.+40     	; 0x224e <gameLoop+0x134>
			__ticks --;
		}
		return;
	}
	else
		__ticks = (uint16_t)__tmp;
    2226:	6f 81       	ldd	r22, Y+7	; 0x07
    2228:	78 85       	ldd	r23, Y+8	; 0x08
    222a:	89 85       	ldd	r24, Y+9	; 0x09
    222c:	9a 85       	ldd	r25, Y+10	; 0x0a
    222e:	0e 94 49 00 	call	0x92	; 0x92 <__fixunssfsi>
    2232:	dc 01       	movw	r26, r24
    2234:	cb 01       	movw	r24, r22
    2236:	9e 83       	std	Y+6, r25	; 0x06
    2238:	8d 83       	std	Y+5, r24	; 0x05
    223a:	8d 81       	ldd	r24, Y+5	; 0x05
    223c:	9e 81       	ldd	r25, Y+6	; 0x06
    223e:	9a 83       	std	Y+2, r25	; 0x02
    2240:	89 83       	std	Y+1, r24	; 0x01
    2242:	89 81       	ldd	r24, Y+1	; 0x01
    2244:	9a 81       	ldd	r25, Y+2	; 0x02
    2246:	01 97       	sbiw	r24, 0x01	; 1
    2248:	f1 f7       	brne	.-4      	; 0x2246 <gameLoop+0x12c>
    224a:	9a 83       	std	Y+2, r25	; 0x02
    224c:	89 83       	std	Y+1, r24	; 0x01

void gameLoop(void)
{
    u8 frameCounter = 0;

    while(g_gameRunning) {
    224e:	80 91 58 01 	lds	r24, 0x0158
    2252:	88 23       	and	r24, r24
    2254:	09 f0       	breq	.+2      	; 0x2258 <gameLoop+0x13e>
    2256:	6d cf       	rjmp	.-294    	; 0x2132 <gameLoop+0x18>
        }
        frameCounter++;

        _delay_ms(GAME_SPEED_MS / 10);
    }
}
    2258:	2f 96       	adiw	r28, 0x0f	; 15
    225a:	0f b6       	in	r0, 0x3f	; 63
    225c:	f8 94       	cli
    225e:	de bf       	out	0x3e, r29	; 62
    2260:	0f be       	out	0x3f, r0	; 63
    2262:	cd bf       	out	0x3d, r28	; 61
    2264:	cf 91       	pop	r28
    2266:	df 91       	pop	r29
    2268:	08 95       	ret

0000226a <snakeMain>:

void snakeMain(void)
{
    226a:	df 93       	push	r29
    226c:	cf 93       	push	r28
    226e:	cd b7       	in	r28, 0x3d	; 61
    2270:	de b7       	in	r29, 0x3e	; 62
    2272:	6e 97       	sbiw	r28, 0x1e	; 30
    2274:	0f b6       	in	r0, 0x3f	; 63
    2276:	f8 94       	cli
    2278:	de bf       	out	0x3e, r29	; 62
    227a:	0f be       	out	0x3f, r0	; 63
    227c:	cd bf       	out	0x3d, r28	; 61
    while(1) {

        startScreen();
    227e:	0e 94 e9 0e 	call	0x1dd2	; 0x1dd2 <startScreen>
        gameReset();
    2282:	0e 94 e3 0a 	call	0x15c6	; 0x15c6 <gameReset>
        gameLoop();
    2286:	0e 94 8d 10 	call	0x211a	; 0x211a <gameLoop>

        if(!g_gameOver)
    228a:	80 91 59 01 	lds	r24, 0x0159
    228e:	88 23       	and	r24, r24
    2290:	b1 f3       	breq	.-20     	; 0x227e <snakeMain+0x14>
        {
            continue;
        }


        if(g_gameOver) {
    2292:	80 91 59 01 	lds	r24, 0x0159
    2296:	88 23       	and	r24, r24
    2298:	91 f3       	breq	.-28     	; 0x227e <snakeMain+0x14>
            gameOverScreen();
    229a:	0e 94 bd 0e 	call	0x1d7a	; 0x1d7a <gameOverScreen>

            u8 prevReset = 1;
    229e:	81 e0       	ldi	r24, 0x01	; 1
    22a0:	8e 8f       	std	Y+30, r24	; 0x1e
            while(1) {
                u8 currentReset = READ_RESET();
    22a2:	80 e0       	ldi	r24, 0x00	; 0
    22a4:	64 e0       	ldi	r22, 0x04	; 4
    22a6:	0e 94 d6 09 	call	0x13ac	; 0x13ac <MDIO_pinValueGetPinValue>
    22aa:	8d 8f       	std	Y+29, r24	; 0x1d
                if((currentReset == DIO_LOW) && (prevReset == DIO_HIGH)) {
    22ac:	8d 8d       	ldd	r24, Y+29	; 0x1d
    22ae:	88 23       	and	r24, r24
    22b0:	09 f0       	breq	.+2      	; 0x22b4 <snakeMain+0x4a>
    22b2:	77 c0       	rjmp	.+238    	; 0x23a2 <snakeMain+0x138>
    22b4:	8e 8d       	ldd	r24, Y+30	; 0x1e
    22b6:	81 30       	cpi	r24, 0x01	; 1
    22b8:	09 f0       	breq	.+2      	; 0x22bc <snakeMain+0x52>
    22ba:	73 c0       	rjmp	.+230    	; 0x23a2 <snakeMain+0x138>
    22bc:	80 e0       	ldi	r24, 0x00	; 0
    22be:	90 e0       	ldi	r25, 0x00	; 0
    22c0:	a8 e4       	ldi	r26, 0x48	; 72
    22c2:	b3 e4       	ldi	r27, 0x43	; 67
    22c4:	89 8f       	std	Y+25, r24	; 0x19
    22c6:	9a 8f       	std	Y+26, r25	; 0x1a
    22c8:	ab 8f       	std	Y+27, r26	; 0x1b
    22ca:	bc 8f       	std	Y+28, r27	; 0x1c
 */
void
_delay_ms(double __ms)
{
	uint16_t __ticks;
	double __tmp = ((F_CPU) / 4e3) * __ms;
    22cc:	69 8d       	ldd	r22, Y+25	; 0x19
    22ce:	7a 8d       	ldd	r23, Y+26	; 0x1a
    22d0:	8b 8d       	ldd	r24, Y+27	; 0x1b
    22d2:	9c 8d       	ldd	r25, Y+28	; 0x1c
    22d4:	20 e0       	ldi	r18, 0x00	; 0
    22d6:	30 e0       	ldi	r19, 0x00	; 0
    22d8:	4a ef       	ldi	r20, 0xFA	; 250
    22da:	54 e4       	ldi	r21, 0x44	; 68
    22dc:	0e 94 1f 02 	call	0x43e	; 0x43e <__mulsf3>
    22e0:	dc 01       	movw	r26, r24
    22e2:	cb 01       	movw	r24, r22
    22e4:	8d 8b       	std	Y+21, r24	; 0x15
    22e6:	9e 8b       	std	Y+22, r25	; 0x16
    22e8:	af 8b       	std	Y+23, r26	; 0x17
    22ea:	b8 8f       	std	Y+24, r27	; 0x18
	if (__tmp < 1.0)
    22ec:	6d 89       	ldd	r22, Y+21	; 0x15
    22ee:	7e 89       	ldd	r23, Y+22	; 0x16
    22f0:	8f 89       	ldd	r24, Y+23	; 0x17
    22f2:	98 8d       	ldd	r25, Y+24	; 0x18
    22f4:	20 e0       	ldi	r18, 0x00	; 0
    22f6:	30 e0       	ldi	r19, 0x00	; 0
    22f8:	40 e8       	ldi	r20, 0x80	; 128
    22fa:	5f e3       	ldi	r21, 0x3F	; 63
    22fc:	0e 94 79 03 	call	0x6f2	; 0x6f2 <__ltsf2>
    2300:	88 23       	and	r24, r24
    2302:	2c f4       	brge	.+10     	; 0x230e <snakeMain+0xa4>
		__ticks = 1;
    2304:	81 e0       	ldi	r24, 0x01	; 1
    2306:	90 e0       	ldi	r25, 0x00	; 0
    2308:	9c 8b       	std	Y+20, r25	; 0x14
    230a:	8b 8b       	std	Y+19, r24	; 0x13
    230c:	3f c0       	rjmp	.+126    	; 0x238c <snakeMain+0x122>
	else if (__tmp > 65535)
    230e:	6d 89       	ldd	r22, Y+21	; 0x15
    2310:	7e 89       	ldd	r23, Y+22	; 0x16
    2312:	8f 89       	ldd	r24, Y+23	; 0x17
    2314:	98 8d       	ldd	r25, Y+24	; 0x18
    2316:	20 e0       	ldi	r18, 0x00	; 0
    2318:	3f ef       	ldi	r19, 0xFF	; 255
    231a:	4f e7       	ldi	r20, 0x7F	; 127
    231c:	57 e4       	ldi	r21, 0x47	; 71
    231e:	0e 94 19 03 	call	0x632	; 0x632 <__gtsf2>
    2322:	18 16       	cp	r1, r24
    2324:	4c f5       	brge	.+82     	; 0x2378 <snakeMain+0x10e>
	{
		//	__ticks = requested delay in 1/10 ms
		__ticks = (uint16_t) (__ms * 10.0);
    2326:	69 8d       	ldd	r22, Y+25	; 0x19
    2328:	7a 8d       	ldd	r23, Y+26	; 0x1a
    232a:	8b 8d       	ldd	r24, Y+27	; 0x1b
    232c:	9c 8d       	ldd	r25, Y+28	; 0x1c
    232e:	20 e0       	ldi	r18, 0x00	; 0
    2330:	30 e0       	ldi	r19, 0x00	; 0
    2332:	40 e2       	ldi	r20, 0x20	; 32
    2334:	51 e4       	ldi	r21, 0x41	; 65
    2336:	0e 94 1f 02 	call	0x43e	; 0x43e <__mulsf3>
    233a:	dc 01       	movw	r26, r24
    233c:	cb 01       	movw	r24, r22
    233e:	bc 01       	movw	r22, r24
    2340:	cd 01       	movw	r24, r26
    2342:	0e 94 49 00 	call	0x92	; 0x92 <__fixunssfsi>
    2346:	dc 01       	movw	r26, r24
    2348:	cb 01       	movw	r24, r22
    234a:	9c 8b       	std	Y+20, r25	; 0x14
    234c:	8b 8b       	std	Y+19, r24	; 0x13
    234e:	0f c0       	rjmp	.+30     	; 0x236e <snakeMain+0x104>
    2350:	88 ec       	ldi	r24, 0xC8	; 200
    2352:	90 e0       	ldi	r25, 0x00	; 0
    2354:	9a 8b       	std	Y+18, r25	; 0x12
    2356:	89 8b       	std	Y+17, r24	; 0x11
    2358:	89 89       	ldd	r24, Y+17	; 0x11
    235a:	9a 89       	ldd	r25, Y+18	; 0x12
    235c:	01 97       	sbiw	r24, 0x01	; 1
    235e:	f1 f7       	brne	.-4      	; 0x235c <snakeMain+0xf2>
    2360:	9a 8b       	std	Y+18, r25	; 0x12
    2362:	89 8b       	std	Y+17, r24	; 0x11
		while(__ticks)
		{
			// wait 1/10 ms
			_delay_loop_2(((F_CPU) / 4e3) / 10);
			__ticks --;
    2364:	8b 89       	ldd	r24, Y+19	; 0x13
    2366:	9c 89       	ldd	r25, Y+20	; 0x14
    2368:	01 97       	sbiw	r24, 0x01	; 1
    236a:	9c 8b       	std	Y+20, r25	; 0x14
    236c:	8b 8b       	std	Y+19, r24	; 0x13
		__ticks = 1;
	else if (__tmp > 65535)
	{
		//	__ticks = requested delay in 1/10 ms
		__ticks = (uint16_t) (__ms * 10.0);
		while(__ticks)
    236e:	8b 89       	ldd	r24, Y+19	; 0x13
    2370:	9c 89       	ldd	r25, Y+20	; 0x14
    2372:	00 97       	sbiw	r24, 0x00	; 0
    2374:	69 f7       	brne	.-38     	; 0x2350 <snakeMain+0xe6>
    2376:	83 cf       	rjmp	.-250    	; 0x227e <snakeMain+0x14>
			__ticks --;
		}
		return;
	}
	else
		__ticks = (uint16_t)__tmp;
    2378:	6d 89       	ldd	r22, Y+21	; 0x15
    237a:	7e 89       	ldd	r23, Y+22	; 0x16
    237c:	8f 89       	ldd	r24, Y+23	; 0x17
    237e:	98 8d       	ldd	r25, Y+24	; 0x18
    2380:	0e 94 49 00 	call	0x92	; 0x92 <__fixunssfsi>
    2384:	dc 01       	movw	r26, r24
    2386:	cb 01       	movw	r24, r22
    2388:	9c 8b       	std	Y+20, r25	; 0x14
    238a:	8b 8b       	std	Y+19, r24	; 0x13
    238c:	8b 89       	ldd	r24, Y+19	; 0x13
    238e:	9c 89       	ldd	r25, Y+20	; 0x14
    2390:	98 8b       	std	Y+16, r25	; 0x10
    2392:	8f 87       	std	Y+15, r24	; 0x0f
    2394:	8f 85       	ldd	r24, Y+15	; 0x0f
    2396:	98 89       	ldd	r25, Y+16	; 0x10
    2398:	01 97       	sbiw	r24, 0x01	; 1
    239a:	f1 f7       	brne	.-4      	; 0x2398 <snakeMain+0x12e>
    239c:	98 8b       	std	Y+16, r25	; 0x10
    239e:	8f 87       	std	Y+15, r24	; 0x0f
    23a0:	6e cf       	rjmp	.-292    	; 0x227e <snakeMain+0x14>
                    _delay_ms(200);
                    break;
                }
                prevReset = currentReset;
    23a2:	8d 8d       	ldd	r24, Y+29	; 0x1d
    23a4:	8e 8f       	std	Y+30, r24	; 0x1e
    23a6:	80 e0       	ldi	r24, 0x00	; 0
    23a8:	90 e0       	ldi	r25, 0x00	; 0
    23aa:	a0 e2       	ldi	r26, 0x20	; 32
    23ac:	b1 e4       	ldi	r27, 0x41	; 65
    23ae:	8b 87       	std	Y+11, r24	; 0x0b
    23b0:	9c 87       	std	Y+12, r25	; 0x0c
    23b2:	ad 87       	std	Y+13, r26	; 0x0d
    23b4:	be 87       	std	Y+14, r27	; 0x0e
 */
void
_delay_ms(double __ms)
{
	uint16_t __ticks;
	double __tmp = ((F_CPU) / 4e3) * __ms;
    23b6:	6b 85       	ldd	r22, Y+11	; 0x0b
    23b8:	7c 85       	ldd	r23, Y+12	; 0x0c
    23ba:	8d 85       	ldd	r24, Y+13	; 0x0d
    23bc:	9e 85       	ldd	r25, Y+14	; 0x0e
    23be:	20 e0       	ldi	r18, 0x00	; 0
    23c0:	30 e0       	ldi	r19, 0x00	; 0
    23c2:	4a ef       	ldi	r20, 0xFA	; 250
    23c4:	54 e4       	ldi	r21, 0x44	; 68
    23c6:	0e 94 1f 02 	call	0x43e	; 0x43e <__mulsf3>
    23ca:	dc 01       	movw	r26, r24
    23cc:	cb 01       	movw	r24, r22
    23ce:	8f 83       	std	Y+7, r24	; 0x07
    23d0:	98 87       	std	Y+8, r25	; 0x08
    23d2:	a9 87       	std	Y+9, r26	; 0x09
    23d4:	ba 87       	std	Y+10, r27	; 0x0a
	if (__tmp < 1.0)
    23d6:	6f 81       	ldd	r22, Y+7	; 0x07
    23d8:	78 85       	ldd	r23, Y+8	; 0x08
    23da:	89 85       	ldd	r24, Y+9	; 0x09
    23dc:	9a 85       	ldd	r25, Y+10	; 0x0a
    23de:	20 e0       	ldi	r18, 0x00	; 0
    23e0:	30 e0       	ldi	r19, 0x00	; 0
    23e2:	40 e8       	ldi	r20, 0x80	; 128
    23e4:	5f e3       	ldi	r21, 0x3F	; 63
    23e6:	0e 94 79 03 	call	0x6f2	; 0x6f2 <__ltsf2>
    23ea:	88 23       	and	r24, r24
    23ec:	2c f4       	brge	.+10     	; 0x23f8 <snakeMain+0x18e>
		__ticks = 1;
    23ee:	81 e0       	ldi	r24, 0x01	; 1
    23f0:	90 e0       	ldi	r25, 0x00	; 0
    23f2:	9e 83       	std	Y+6, r25	; 0x06
    23f4:	8d 83       	std	Y+5, r24	; 0x05
    23f6:	3f c0       	rjmp	.+126    	; 0x2476 <snakeMain+0x20c>
	else if (__tmp > 65535)
    23f8:	6f 81       	ldd	r22, Y+7	; 0x07
    23fa:	78 85       	ldd	r23, Y+8	; 0x08
    23fc:	89 85       	ldd	r24, Y+9	; 0x09
    23fe:	9a 85       	ldd	r25, Y+10	; 0x0a
    2400:	20 e0       	ldi	r18, 0x00	; 0
    2402:	3f ef       	ldi	r19, 0xFF	; 255
    2404:	4f e7       	ldi	r20, 0x7F	; 127
    2406:	57 e4       	ldi	r21, 0x47	; 71
    2408:	0e 94 19 03 	call	0x632	; 0x632 <__gtsf2>
    240c:	18 16       	cp	r1, r24
    240e:	4c f5       	brge	.+82     	; 0x2462 <snakeMain+0x1f8>
	{
		//	__ticks = requested delay in 1/10 ms
		__ticks = (uint16_t) (__ms * 10.0);
    2410:	6b 85       	ldd	r22, Y+11	; 0x0b
    2412:	7c 85       	ldd	r23, Y+12	; 0x0c
    2414:	8d 85       	ldd	r24, Y+13	; 0x0d
    2416:	9e 85       	ldd	r25, Y+14	; 0x0e
    2418:	20 e0       	ldi	r18, 0x00	; 0
    241a:	30 e0       	ldi	r19, 0x00	; 0
    241c:	40 e2       	ldi	r20, 0x20	; 32
    241e:	51 e4       	ldi	r21, 0x41	; 65
    2420:	0e 94 1f 02 	call	0x43e	; 0x43e <__mulsf3>
    2424:	dc 01       	movw	r26, r24
    2426:	cb 01       	movw	r24, r22
    2428:	bc 01       	movw	r22, r24
    242a:	cd 01       	movw	r24, r26
    242c:	0e 94 49 00 	call	0x92	; 0x92 <__fixunssfsi>
    2430:	dc 01       	movw	r26, r24
    2432:	cb 01       	movw	r24, r22
    2434:	9e 83       	std	Y+6, r25	; 0x06
    2436:	8d 83       	std	Y+5, r24	; 0x05
    2438:	0f c0       	rjmp	.+30     	; 0x2458 <snakeMain+0x1ee>
    243a:	88 ec       	ldi	r24, 0xC8	; 200
    243c:	90 e0       	ldi	r25, 0x00	; 0
    243e:	9c 83       	std	Y+4, r25	; 0x04
    2440:	8b 83       	std	Y+3, r24	; 0x03
    2442:	8b 81       	ldd	r24, Y+3	; 0x03
    2444:	9c 81       	ldd	r25, Y+4	; 0x04
    2446:	01 97       	sbiw	r24, 0x01	; 1
    2448:	f1 f7       	brne	.-4      	; 0x2446 <snakeMain+0x1dc>
    244a:	9c 83       	std	Y+4, r25	; 0x04
    244c:	8b 83       	std	Y+3, r24	; 0x03
		while(__ticks)
		{
			// wait 1/10 ms
			_delay_loop_2(((F_CPU) / 4e3) / 10);
			__ticks --;
    244e:	8d 81       	ldd	r24, Y+5	; 0x05
    2450:	9e 81       	ldd	r25, Y+6	; 0x06
    2452:	01 97       	sbiw	r24, 0x01	; 1
    2454:	9e 83       	std	Y+6, r25	; 0x06
    2456:	8d 83       	std	Y+5, r24	; 0x05
		__ticks = 1;
	else if (__tmp > 65535)
	{
		//	__ticks = requested delay in 1/10 ms
		__ticks = (uint16_t) (__ms * 10.0);
		while(__ticks)
    2458:	8d 81       	ldd	r24, Y+5	; 0x05
    245a:	9e 81       	ldd	r25, Y+6	; 0x06
    245c:	00 97       	sbiw	r24, 0x00	; 0
    245e:	69 f7       	brne	.-38     	; 0x243a <snakeMain+0x1d0>
    2460:	20 cf       	rjmp	.-448    	; 0x22a2 <snakeMain+0x38>
			__ticks --;
		}
		return;
	}
	else
		__ticks = (uint16_t)__tmp;
    2462:	6f 81       	ldd	r22, Y+7	; 0x07
    2464:	78 85       	ldd	r23, Y+8	; 0x08
    2466:	89 85       	ldd	r24, Y+9	; 0x09
    2468:	9a 85       	ldd	r25, Y+10	; 0x0a
    246a:	0e 94 49 00 	call	0x92	; 0x92 <__fixunssfsi>
    246e:	dc 01       	movw	r26, r24
    2470:	cb 01       	movw	r24, r22
    2472:	9e 83       	std	Y+6, r25	; 0x06
    2474:	8d 83       	std	Y+5, r24	; 0x05
    2476:	8d 81       	ldd	r24, Y+5	; 0x05
    2478:	9e 81       	ldd	r25, Y+6	; 0x06
    247a:	9a 83       	std	Y+2, r25	; 0x02
    247c:	89 83       	std	Y+1, r24	; 0x01
    247e:	89 81       	ldd	r24, Y+1	; 0x01
    2480:	9a 81       	ldd	r25, Y+2	; 0x02
    2482:	01 97       	sbiw	r24, 0x01	; 1
    2484:	f1 f7       	brne	.-4      	; 0x2482 <snakeMain+0x218>
    2486:	9a 83       	std	Y+2, r25	; 0x02
    2488:	89 83       	std	Y+1, r24	; 0x01
    248a:	0b cf       	rjmp	.-490    	; 0x22a2 <snakeMain+0x38>

0000248c <HLCD_voidInit>:
#include "../INCLUDE/HAL/LCD_LM044L/LCD_LM044L_PRIVATE.h"
#include "../INCLUDE/HAL/LCD_LM044L/LCD_LM044L_CFG.h"


void HLCD_voidInit(void)
{
    248c:	df 93       	push	r29
    248e:	cf 93       	push	r28
    2490:	cd b7       	in	r28, 0x3d	; 61
    2492:	de b7       	in	r29, 0x3e	; 62
    2494:	e8 97       	sbiw	r28, 0x38	; 56
    2496:	0f b6       	in	r0, 0x3f	; 63
    2498:	f8 94       	cli
    249a:	de bf       	out	0x3e, r29	; 62
    249c:	0f be       	out	0x3f, r0	; 63
    249e:	cd bf       	out	0x3d, r28	; 61
    MDIO_voidSetPortDirection(LCD_DATA_PORT, 0xFF);
    24a0:	83 e0       	ldi	r24, 0x03	; 3
    24a2:	6f ef       	ldi	r22, 0xFF	; 255
    24a4:	0e 94 92 09 	call	0x1324	; 0x1324 <MDIO_voidSetPortDirection>
    MDIO_voidSetPortValue(LCD_DATA_PORT, 0x00);
    24a8:	83 e0       	ldi	r24, 0x03	; 3
    24aa:	60 e0       	ldi	r22, 0x00	; 0
    24ac:	0e 94 4e 09 	call	0x129c	; 0x129c <MDIO_voidSetPortValue>

    MDIO_voidSetPortDirection(LCD_CONTROL_PORT, 0xFF);
    24b0:	82 e0       	ldi	r24, 0x02	; 2
    24b2:	6f ef       	ldi	r22, 0xFF	; 255
    24b4:	0e 94 92 09 	call	0x1324	; 0x1324 <MDIO_voidSetPortDirection>
    MDIO_voidSetPortValue(LCD_CONTROL_PORT, 0x00);
    24b8:	82 e0       	ldi	r24, 0x02	; 2
    24ba:	60 e0       	ldi	r22, 0x00	; 0
    24bc:	0e 94 4e 09 	call	0x129c	; 0x129c <MDIO_voidSetPortValue>
    24c0:	80 e0       	ldi	r24, 0x00	; 0
    24c2:	90 e0       	ldi	r25, 0x00	; 0
    24c4:	a0 e0       	ldi	r26, 0x00	; 0
    24c6:	b2 e4       	ldi	r27, 0x42	; 66
    24c8:	8d ab       	std	Y+53, r24	; 0x35
    24ca:	9e ab       	std	Y+54, r25	; 0x36
    24cc:	af ab       	std	Y+55, r26	; 0x37
    24ce:	b8 af       	std	Y+56, r27	; 0x38
 */
void
_delay_ms(double __ms)
{
	uint16_t __ticks;
	double __tmp = ((F_CPU) / 4e3) * __ms;
    24d0:	6d a9       	ldd	r22, Y+53	; 0x35
    24d2:	7e a9       	ldd	r23, Y+54	; 0x36
    24d4:	8f a9       	ldd	r24, Y+55	; 0x37
    24d6:	98 ad       	ldd	r25, Y+56	; 0x38
    24d8:	20 e0       	ldi	r18, 0x00	; 0
    24da:	30 e0       	ldi	r19, 0x00	; 0
    24dc:	4a ef       	ldi	r20, 0xFA	; 250
    24de:	54 e4       	ldi	r21, 0x44	; 68
    24e0:	0e 94 1f 02 	call	0x43e	; 0x43e <__mulsf3>
    24e4:	dc 01       	movw	r26, r24
    24e6:	cb 01       	movw	r24, r22
    24e8:	89 ab       	std	Y+49, r24	; 0x31
    24ea:	9a ab       	std	Y+50, r25	; 0x32
    24ec:	ab ab       	std	Y+51, r26	; 0x33
    24ee:	bc ab       	std	Y+52, r27	; 0x34
	if (__tmp < 1.0)
    24f0:	69 a9       	ldd	r22, Y+49	; 0x31
    24f2:	7a a9       	ldd	r23, Y+50	; 0x32
    24f4:	8b a9       	ldd	r24, Y+51	; 0x33
    24f6:	9c a9       	ldd	r25, Y+52	; 0x34
    24f8:	20 e0       	ldi	r18, 0x00	; 0
    24fa:	30 e0       	ldi	r19, 0x00	; 0
    24fc:	40 e8       	ldi	r20, 0x80	; 128
    24fe:	5f e3       	ldi	r21, 0x3F	; 63
    2500:	0e 94 79 03 	call	0x6f2	; 0x6f2 <__ltsf2>
    2504:	88 23       	and	r24, r24
    2506:	2c f4       	brge	.+10     	; 0x2512 <HLCD_voidInit+0x86>
		__ticks = 1;
    2508:	81 e0       	ldi	r24, 0x01	; 1
    250a:	90 e0       	ldi	r25, 0x00	; 0
    250c:	98 ab       	std	Y+48, r25	; 0x30
    250e:	8f a7       	std	Y+47, r24	; 0x2f
    2510:	3f c0       	rjmp	.+126    	; 0x2590 <HLCD_voidInit+0x104>
	else if (__tmp > 65535)
    2512:	69 a9       	ldd	r22, Y+49	; 0x31
    2514:	7a a9       	ldd	r23, Y+50	; 0x32
    2516:	8b a9       	ldd	r24, Y+51	; 0x33
    2518:	9c a9       	ldd	r25, Y+52	; 0x34
    251a:	20 e0       	ldi	r18, 0x00	; 0
    251c:	3f ef       	ldi	r19, 0xFF	; 255
    251e:	4f e7       	ldi	r20, 0x7F	; 127
    2520:	57 e4       	ldi	r21, 0x47	; 71
    2522:	0e 94 19 03 	call	0x632	; 0x632 <__gtsf2>
    2526:	18 16       	cp	r1, r24
    2528:	4c f5       	brge	.+82     	; 0x257c <HLCD_voidInit+0xf0>
	{
		//	__ticks = requested delay in 1/10 ms
		__ticks = (uint16_t) (__ms * 10.0);
    252a:	6d a9       	ldd	r22, Y+53	; 0x35
    252c:	7e a9       	ldd	r23, Y+54	; 0x36
    252e:	8f a9       	ldd	r24, Y+55	; 0x37
    2530:	98 ad       	ldd	r25, Y+56	; 0x38
    2532:	20 e0       	ldi	r18, 0x00	; 0
    2534:	30 e0       	ldi	r19, 0x00	; 0
    2536:	40 e2       	ldi	r20, 0x20	; 32
    2538:	51 e4       	ldi	r21, 0x41	; 65
    253a:	0e 94 1f 02 	call	0x43e	; 0x43e <__mulsf3>
    253e:	dc 01       	movw	r26, r24
    2540:	cb 01       	movw	r24, r22
    2542:	bc 01       	movw	r22, r24
    2544:	cd 01       	movw	r24, r26
    2546:	0e 94 49 00 	call	0x92	; 0x92 <__fixunssfsi>
    254a:	dc 01       	movw	r26, r24
    254c:	cb 01       	movw	r24, r22
    254e:	98 ab       	std	Y+48, r25	; 0x30
    2550:	8f a7       	std	Y+47, r24	; 0x2f
    2552:	0f c0       	rjmp	.+30     	; 0x2572 <HLCD_voidInit+0xe6>
    2554:	88 ec       	ldi	r24, 0xC8	; 200
    2556:	90 e0       	ldi	r25, 0x00	; 0
    2558:	9e a7       	std	Y+46, r25	; 0x2e
    255a:	8d a7       	std	Y+45, r24	; 0x2d
    255c:	8d a5       	ldd	r24, Y+45	; 0x2d
    255e:	9e a5       	ldd	r25, Y+46	; 0x2e
    2560:	01 97       	sbiw	r24, 0x01	; 1
    2562:	f1 f7       	brne	.-4      	; 0x2560 <HLCD_voidInit+0xd4>
    2564:	9e a7       	std	Y+46, r25	; 0x2e
    2566:	8d a7       	std	Y+45, r24	; 0x2d
		while(__ticks)
		{
			// wait 1/10 ms
			_delay_loop_2(((F_CPU) / 4e3) / 10);
			__ticks --;
    2568:	8f a5       	ldd	r24, Y+47	; 0x2f
    256a:	98 a9       	ldd	r25, Y+48	; 0x30
    256c:	01 97       	sbiw	r24, 0x01	; 1
    256e:	98 ab       	std	Y+48, r25	; 0x30
    2570:	8f a7       	std	Y+47, r24	; 0x2f
		__ticks = 1;
	else if (__tmp > 65535)
	{
		//	__ticks = requested delay in 1/10 ms
		__ticks = (uint16_t) (__ms * 10.0);
		while(__ticks)
    2572:	8f a5       	ldd	r24, Y+47	; 0x2f
    2574:	98 a9       	ldd	r25, Y+48	; 0x30
    2576:	00 97       	sbiw	r24, 0x00	; 0
    2578:	69 f7       	brne	.-38     	; 0x2554 <HLCD_voidInit+0xc8>
    257a:	14 c0       	rjmp	.+40     	; 0x25a4 <HLCD_voidInit+0x118>
			__ticks --;
		}
		return;
	}
	else
		__ticks = (uint16_t)__tmp;
    257c:	69 a9       	ldd	r22, Y+49	; 0x31
    257e:	7a a9       	ldd	r23, Y+50	; 0x32
    2580:	8b a9       	ldd	r24, Y+51	; 0x33
    2582:	9c a9       	ldd	r25, Y+52	; 0x34
    2584:	0e 94 49 00 	call	0x92	; 0x92 <__fixunssfsi>
    2588:	dc 01       	movw	r26, r24
    258a:	cb 01       	movw	r24, r22
    258c:	98 ab       	std	Y+48, r25	; 0x30
    258e:	8f a7       	std	Y+47, r24	; 0x2f
    2590:	8f a5       	ldd	r24, Y+47	; 0x2f
    2592:	98 a9       	ldd	r25, Y+48	; 0x30
    2594:	9c a7       	std	Y+44, r25	; 0x2c
    2596:	8b a7       	std	Y+43, r24	; 0x2b
    2598:	8b a5       	ldd	r24, Y+43	; 0x2b
    259a:	9c a5       	ldd	r25, Y+44	; 0x2c
    259c:	01 97       	sbiw	r24, 0x01	; 1
    259e:	f1 f7       	brne	.-4      	; 0x259c <HLCD_voidInit+0x110>
    25a0:	9c a7       	std	Y+44, r25	; 0x2c
    25a2:	8b a7       	std	Y+43, r24	; 0x2b

    // Wait for more than 30ms
    _delay_ms(32);

    // Function Set Command
    HLCD_voidSendCommand(FUNCTION_SET);
    25a4:	88 e3       	ldi	r24, 0x38	; 56
    25a6:	0e 94 3d 14 	call	0x287a	; 0x287a <HLCD_voidSendCommand>
    25aa:	80 e0       	ldi	r24, 0x00	; 0
    25ac:	90 e0       	ldi	r25, 0x00	; 0
    25ae:	a0 e8       	ldi	r26, 0x80	; 128
    25b0:	bf e3       	ldi	r27, 0x3F	; 63
    25b2:	8f a3       	std	Y+39, r24	; 0x27
    25b4:	98 a7       	std	Y+40, r25	; 0x28
    25b6:	a9 a7       	std	Y+41, r26	; 0x29
    25b8:	ba a7       	std	Y+42, r27	; 0x2a
 */
void
_delay_ms(double __ms)
{
	uint16_t __ticks;
	double __tmp = ((F_CPU) / 4e3) * __ms;
    25ba:	6f a1       	ldd	r22, Y+39	; 0x27
    25bc:	78 a5       	ldd	r23, Y+40	; 0x28
    25be:	89 a5       	ldd	r24, Y+41	; 0x29
    25c0:	9a a5       	ldd	r25, Y+42	; 0x2a
    25c2:	20 e0       	ldi	r18, 0x00	; 0
    25c4:	30 e0       	ldi	r19, 0x00	; 0
    25c6:	4a ef       	ldi	r20, 0xFA	; 250
    25c8:	54 e4       	ldi	r21, 0x44	; 68
    25ca:	0e 94 1f 02 	call	0x43e	; 0x43e <__mulsf3>
    25ce:	dc 01       	movw	r26, r24
    25d0:	cb 01       	movw	r24, r22
    25d2:	8b a3       	std	Y+35, r24	; 0x23
    25d4:	9c a3       	std	Y+36, r25	; 0x24
    25d6:	ad a3       	std	Y+37, r26	; 0x25
    25d8:	be a3       	std	Y+38, r27	; 0x26
	if (__tmp < 1.0)
    25da:	6b a1       	ldd	r22, Y+35	; 0x23
    25dc:	7c a1       	ldd	r23, Y+36	; 0x24
    25de:	8d a1       	ldd	r24, Y+37	; 0x25
    25e0:	9e a1       	ldd	r25, Y+38	; 0x26
    25e2:	20 e0       	ldi	r18, 0x00	; 0
    25e4:	30 e0       	ldi	r19, 0x00	; 0
    25e6:	40 e8       	ldi	r20, 0x80	; 128
    25e8:	5f e3       	ldi	r21, 0x3F	; 63
    25ea:	0e 94 79 03 	call	0x6f2	; 0x6f2 <__ltsf2>
    25ee:	88 23       	and	r24, r24
    25f0:	2c f4       	brge	.+10     	; 0x25fc <HLCD_voidInit+0x170>
		__ticks = 1;
    25f2:	81 e0       	ldi	r24, 0x01	; 1
    25f4:	90 e0       	ldi	r25, 0x00	; 0
    25f6:	9a a3       	std	Y+34, r25	; 0x22
    25f8:	89 a3       	std	Y+33, r24	; 0x21
    25fa:	3f c0       	rjmp	.+126    	; 0x267a <HLCD_voidInit+0x1ee>
	else if (__tmp > 65535)
    25fc:	6b a1       	ldd	r22, Y+35	; 0x23
    25fe:	7c a1       	ldd	r23, Y+36	; 0x24
    2600:	8d a1       	ldd	r24, Y+37	; 0x25
    2602:	9e a1       	ldd	r25, Y+38	; 0x26
    2604:	20 e0       	ldi	r18, 0x00	; 0
    2606:	3f ef       	ldi	r19, 0xFF	; 255
    2608:	4f e7       	ldi	r20, 0x7F	; 127
    260a:	57 e4       	ldi	r21, 0x47	; 71
    260c:	0e 94 19 03 	call	0x632	; 0x632 <__gtsf2>
    2610:	18 16       	cp	r1, r24
    2612:	4c f5       	brge	.+82     	; 0x2666 <HLCD_voidInit+0x1da>
	{
		//	__ticks = requested delay in 1/10 ms
		__ticks = (uint16_t) (__ms * 10.0);
    2614:	6f a1       	ldd	r22, Y+39	; 0x27
    2616:	78 a5       	ldd	r23, Y+40	; 0x28
    2618:	89 a5       	ldd	r24, Y+41	; 0x29
    261a:	9a a5       	ldd	r25, Y+42	; 0x2a
    261c:	20 e0       	ldi	r18, 0x00	; 0
    261e:	30 e0       	ldi	r19, 0x00	; 0
    2620:	40 e2       	ldi	r20, 0x20	; 32
    2622:	51 e4       	ldi	r21, 0x41	; 65
    2624:	0e 94 1f 02 	call	0x43e	; 0x43e <__mulsf3>
    2628:	dc 01       	movw	r26, r24
    262a:	cb 01       	movw	r24, r22
    262c:	bc 01       	movw	r22, r24
    262e:	cd 01       	movw	r24, r26
    2630:	0e 94 49 00 	call	0x92	; 0x92 <__fixunssfsi>
    2634:	dc 01       	movw	r26, r24
    2636:	cb 01       	movw	r24, r22
    2638:	9a a3       	std	Y+34, r25	; 0x22
    263a:	89 a3       	std	Y+33, r24	; 0x21
    263c:	0f c0       	rjmp	.+30     	; 0x265c <HLCD_voidInit+0x1d0>
    263e:	88 ec       	ldi	r24, 0xC8	; 200
    2640:	90 e0       	ldi	r25, 0x00	; 0
    2642:	98 a3       	std	Y+32, r25	; 0x20
    2644:	8f 8f       	std	Y+31, r24	; 0x1f
    2646:	8f 8d       	ldd	r24, Y+31	; 0x1f
    2648:	98 a1       	ldd	r25, Y+32	; 0x20
    264a:	01 97       	sbiw	r24, 0x01	; 1
    264c:	f1 f7       	brne	.-4      	; 0x264a <HLCD_voidInit+0x1be>
    264e:	98 a3       	std	Y+32, r25	; 0x20
    2650:	8f 8f       	std	Y+31, r24	; 0x1f
		while(__ticks)
		{
			// wait 1/10 ms
			_delay_loop_2(((F_CPU) / 4e3) / 10);
			__ticks --;
    2652:	89 a1       	ldd	r24, Y+33	; 0x21
    2654:	9a a1       	ldd	r25, Y+34	; 0x22
    2656:	01 97       	sbiw	r24, 0x01	; 1
    2658:	9a a3       	std	Y+34, r25	; 0x22
    265a:	89 a3       	std	Y+33, r24	; 0x21
		__ticks = 1;
	else if (__tmp > 65535)
	{
		//	__ticks = requested delay in 1/10 ms
		__ticks = (uint16_t) (__ms * 10.0);
		while(__ticks)
    265c:	89 a1       	ldd	r24, Y+33	; 0x21
    265e:	9a a1       	ldd	r25, Y+34	; 0x22
    2660:	00 97       	sbiw	r24, 0x00	; 0
    2662:	69 f7       	brne	.-38     	; 0x263e <HLCD_voidInit+0x1b2>
    2664:	14 c0       	rjmp	.+40     	; 0x268e <HLCD_voidInit+0x202>
			__ticks --;
		}
		return;
	}
	else
		__ticks = (uint16_t)__tmp;
    2666:	6b a1       	ldd	r22, Y+35	; 0x23
    2668:	7c a1       	ldd	r23, Y+36	; 0x24
    266a:	8d a1       	ldd	r24, Y+37	; 0x25
    266c:	9e a1       	ldd	r25, Y+38	; 0x26
    266e:	0e 94 49 00 	call	0x92	; 0x92 <__fixunssfsi>
    2672:	dc 01       	movw	r26, r24
    2674:	cb 01       	movw	r24, r22
    2676:	9a a3       	std	Y+34, r25	; 0x22
    2678:	89 a3       	std	Y+33, r24	; 0x21
    267a:	89 a1       	ldd	r24, Y+33	; 0x21
    267c:	9a a1       	ldd	r25, Y+34	; 0x22
    267e:	9e 8f       	std	Y+30, r25	; 0x1e
    2680:	8d 8f       	std	Y+29, r24	; 0x1d
    2682:	8d 8d       	ldd	r24, Y+29	; 0x1d
    2684:	9e 8d       	ldd	r25, Y+30	; 0x1e
    2686:	01 97       	sbiw	r24, 0x01	; 1
    2688:	f1 f7       	brne	.-4      	; 0x2686 <HLCD_voidInit+0x1fa>
    268a:	9e 8f       	std	Y+30, r25	; 0x1e
    268c:	8d 8f       	std	Y+29, r24	; 0x1d
    // Wait for more than 39 us
    _delay_ms(1);

    // Display on/off control
    HLCD_voidSendCommand(DISPLAY_ON_OFF_CONTROL);
    268e:	8c e0       	ldi	r24, 0x0C	; 12
    2690:	0e 94 3d 14 	call	0x287a	; 0x287a <HLCD_voidSendCommand>
    2694:	80 e0       	ldi	r24, 0x00	; 0
    2696:	90 e0       	ldi	r25, 0x00	; 0
    2698:	a0 e8       	ldi	r26, 0x80	; 128
    269a:	bf e3       	ldi	r27, 0x3F	; 63
    269c:	89 8f       	std	Y+25, r24	; 0x19
    269e:	9a 8f       	std	Y+26, r25	; 0x1a
    26a0:	ab 8f       	std	Y+27, r26	; 0x1b
    26a2:	bc 8f       	std	Y+28, r27	; 0x1c
 */
void
_delay_ms(double __ms)
{
	uint16_t __ticks;
	double __tmp = ((F_CPU) / 4e3) * __ms;
    26a4:	69 8d       	ldd	r22, Y+25	; 0x19
    26a6:	7a 8d       	ldd	r23, Y+26	; 0x1a
    26a8:	8b 8d       	ldd	r24, Y+27	; 0x1b
    26aa:	9c 8d       	ldd	r25, Y+28	; 0x1c
    26ac:	20 e0       	ldi	r18, 0x00	; 0
    26ae:	30 e0       	ldi	r19, 0x00	; 0
    26b0:	4a ef       	ldi	r20, 0xFA	; 250
    26b2:	54 e4       	ldi	r21, 0x44	; 68
    26b4:	0e 94 1f 02 	call	0x43e	; 0x43e <__mulsf3>
    26b8:	dc 01       	movw	r26, r24
    26ba:	cb 01       	movw	r24, r22
    26bc:	8d 8b       	std	Y+21, r24	; 0x15
    26be:	9e 8b       	std	Y+22, r25	; 0x16
    26c0:	af 8b       	std	Y+23, r26	; 0x17
    26c2:	b8 8f       	std	Y+24, r27	; 0x18
	if (__tmp < 1.0)
    26c4:	6d 89       	ldd	r22, Y+21	; 0x15
    26c6:	7e 89       	ldd	r23, Y+22	; 0x16
    26c8:	8f 89       	ldd	r24, Y+23	; 0x17
    26ca:	98 8d       	ldd	r25, Y+24	; 0x18
    26cc:	20 e0       	ldi	r18, 0x00	; 0
    26ce:	30 e0       	ldi	r19, 0x00	; 0
    26d0:	40 e8       	ldi	r20, 0x80	; 128
    26d2:	5f e3       	ldi	r21, 0x3F	; 63
    26d4:	0e 94 79 03 	call	0x6f2	; 0x6f2 <__ltsf2>
    26d8:	88 23       	and	r24, r24
    26da:	2c f4       	brge	.+10     	; 0x26e6 <HLCD_voidInit+0x25a>
		__ticks = 1;
    26dc:	81 e0       	ldi	r24, 0x01	; 1
    26de:	90 e0       	ldi	r25, 0x00	; 0
    26e0:	9c 8b       	std	Y+20, r25	; 0x14
    26e2:	8b 8b       	std	Y+19, r24	; 0x13
    26e4:	3f c0       	rjmp	.+126    	; 0x2764 <HLCD_voidInit+0x2d8>
	else if (__tmp > 65535)
    26e6:	6d 89       	ldd	r22, Y+21	; 0x15
    26e8:	7e 89       	ldd	r23, Y+22	; 0x16
    26ea:	8f 89       	ldd	r24, Y+23	; 0x17
    26ec:	98 8d       	ldd	r25, Y+24	; 0x18
    26ee:	20 e0       	ldi	r18, 0x00	; 0
    26f0:	3f ef       	ldi	r19, 0xFF	; 255
    26f2:	4f e7       	ldi	r20, 0x7F	; 127
    26f4:	57 e4       	ldi	r21, 0x47	; 71
    26f6:	0e 94 19 03 	call	0x632	; 0x632 <__gtsf2>
    26fa:	18 16       	cp	r1, r24
    26fc:	4c f5       	brge	.+82     	; 0x2750 <HLCD_voidInit+0x2c4>
	{
		//	__ticks = requested delay in 1/10 ms
		__ticks = (uint16_t) (__ms * 10.0);
    26fe:	69 8d       	ldd	r22, Y+25	; 0x19
    2700:	7a 8d       	ldd	r23, Y+26	; 0x1a
    2702:	8b 8d       	ldd	r24, Y+27	; 0x1b
    2704:	9c 8d       	ldd	r25, Y+28	; 0x1c
    2706:	20 e0       	ldi	r18, 0x00	; 0
    2708:	30 e0       	ldi	r19, 0x00	; 0
    270a:	40 e2       	ldi	r20, 0x20	; 32
    270c:	51 e4       	ldi	r21, 0x41	; 65
    270e:	0e 94 1f 02 	call	0x43e	; 0x43e <__mulsf3>
    2712:	dc 01       	movw	r26, r24
    2714:	cb 01       	movw	r24, r22
    2716:	bc 01       	movw	r22, r24
    2718:	cd 01       	movw	r24, r26
    271a:	0e 94 49 00 	call	0x92	; 0x92 <__fixunssfsi>
    271e:	dc 01       	movw	r26, r24
    2720:	cb 01       	movw	r24, r22
    2722:	9c 8b       	std	Y+20, r25	; 0x14
    2724:	8b 8b       	std	Y+19, r24	; 0x13
    2726:	0f c0       	rjmp	.+30     	; 0x2746 <HLCD_voidInit+0x2ba>
    2728:	88 ec       	ldi	r24, 0xC8	; 200
    272a:	90 e0       	ldi	r25, 0x00	; 0
    272c:	9a 8b       	std	Y+18, r25	; 0x12
    272e:	89 8b       	std	Y+17, r24	; 0x11
    2730:	89 89       	ldd	r24, Y+17	; 0x11
    2732:	9a 89       	ldd	r25, Y+18	; 0x12
    2734:	01 97       	sbiw	r24, 0x01	; 1
    2736:	f1 f7       	brne	.-4      	; 0x2734 <HLCD_voidInit+0x2a8>
    2738:	9a 8b       	std	Y+18, r25	; 0x12
    273a:	89 8b       	std	Y+17, r24	; 0x11
		while(__ticks)
		{
			// wait 1/10 ms
			_delay_loop_2(((F_CPU) / 4e3) / 10);
			__ticks --;
    273c:	8b 89       	ldd	r24, Y+19	; 0x13
    273e:	9c 89       	ldd	r25, Y+20	; 0x14
    2740:	01 97       	sbiw	r24, 0x01	; 1
    2742:	9c 8b       	std	Y+20, r25	; 0x14
    2744:	8b 8b       	std	Y+19, r24	; 0x13
		__ticks = 1;
	else if (__tmp > 65535)
	{
		//	__ticks = requested delay in 1/10 ms
		__ticks = (uint16_t) (__ms * 10.0);
		while(__ticks)
    2746:	8b 89       	ldd	r24, Y+19	; 0x13
    2748:	9c 89       	ldd	r25, Y+20	; 0x14
    274a:	00 97       	sbiw	r24, 0x00	; 0
    274c:	69 f7       	brne	.-38     	; 0x2728 <HLCD_voidInit+0x29c>
    274e:	14 c0       	rjmp	.+40     	; 0x2778 <HLCD_voidInit+0x2ec>
			__ticks --;
		}
		return;
	}
	else
		__ticks = (uint16_t)__tmp;
    2750:	6d 89       	ldd	r22, Y+21	; 0x15
    2752:	7e 89       	ldd	r23, Y+22	; 0x16
    2754:	8f 89       	ldd	r24, Y+23	; 0x17
    2756:	98 8d       	ldd	r25, Y+24	; 0x18
    2758:	0e 94 49 00 	call	0x92	; 0x92 <__fixunssfsi>
    275c:	dc 01       	movw	r26, r24
    275e:	cb 01       	movw	r24, r22
    2760:	9c 8b       	std	Y+20, r25	; 0x14
    2762:	8b 8b       	std	Y+19, r24	; 0x13
    2764:	8b 89       	ldd	r24, Y+19	; 0x13
    2766:	9c 89       	ldd	r25, Y+20	; 0x14
    2768:	98 8b       	std	Y+16, r25	; 0x10
    276a:	8f 87       	std	Y+15, r24	; 0x0f
    276c:	8f 85       	ldd	r24, Y+15	; 0x0f
    276e:	98 89       	ldd	r25, Y+16	; 0x10
    2770:	01 97       	sbiw	r24, 0x01	; 1
    2772:	f1 f7       	brne	.-4      	; 0x2770 <HLCD_voidInit+0x2e4>
    2774:	98 8b       	std	Y+16, r25	; 0x10
    2776:	8f 87       	std	Y+15, r24	; 0x0f
    // Wait for more than 39 us
    _delay_ms(1);

    // Display Clear
    HLCD_voidSendCommand(DISPLAY_CLEAR);
    2778:	81 e0       	ldi	r24, 0x01	; 1
    277a:	0e 94 3d 14 	call	0x287a	; 0x287a <HLCD_voidSendCommand>
    277e:	80 e0       	ldi	r24, 0x00	; 0
    2780:	90 e0       	ldi	r25, 0x00	; 0
    2782:	a0 e0       	ldi	r26, 0x00	; 0
    2784:	b0 e4       	ldi	r27, 0x40	; 64
    2786:	8b 87       	std	Y+11, r24	; 0x0b
    2788:	9c 87       	std	Y+12, r25	; 0x0c
    278a:	ad 87       	std	Y+13, r26	; 0x0d
    278c:	be 87       	std	Y+14, r27	; 0x0e
 */
void
_delay_ms(double __ms)
{
	uint16_t __ticks;
	double __tmp = ((F_CPU) / 4e3) * __ms;
    278e:	6b 85       	ldd	r22, Y+11	; 0x0b
    2790:	7c 85       	ldd	r23, Y+12	; 0x0c
    2792:	8d 85       	ldd	r24, Y+13	; 0x0d
    2794:	9e 85       	ldd	r25, Y+14	; 0x0e
    2796:	20 e0       	ldi	r18, 0x00	; 0
    2798:	30 e0       	ldi	r19, 0x00	; 0
    279a:	4a ef       	ldi	r20, 0xFA	; 250
    279c:	54 e4       	ldi	r21, 0x44	; 68
    279e:	0e 94 1f 02 	call	0x43e	; 0x43e <__mulsf3>
    27a2:	dc 01       	movw	r26, r24
    27a4:	cb 01       	movw	r24, r22
    27a6:	8f 83       	std	Y+7, r24	; 0x07
    27a8:	98 87       	std	Y+8, r25	; 0x08
    27aa:	a9 87       	std	Y+9, r26	; 0x09
    27ac:	ba 87       	std	Y+10, r27	; 0x0a
	if (__tmp < 1.0)
    27ae:	6f 81       	ldd	r22, Y+7	; 0x07
    27b0:	78 85       	ldd	r23, Y+8	; 0x08
    27b2:	89 85       	ldd	r24, Y+9	; 0x09
    27b4:	9a 85       	ldd	r25, Y+10	; 0x0a
    27b6:	20 e0       	ldi	r18, 0x00	; 0
    27b8:	30 e0       	ldi	r19, 0x00	; 0
    27ba:	40 e8       	ldi	r20, 0x80	; 128
    27bc:	5f e3       	ldi	r21, 0x3F	; 63
    27be:	0e 94 79 03 	call	0x6f2	; 0x6f2 <__ltsf2>
    27c2:	88 23       	and	r24, r24
    27c4:	2c f4       	brge	.+10     	; 0x27d0 <HLCD_voidInit+0x344>
		__ticks = 1;
    27c6:	81 e0       	ldi	r24, 0x01	; 1
    27c8:	90 e0       	ldi	r25, 0x00	; 0
    27ca:	9e 83       	std	Y+6, r25	; 0x06
    27cc:	8d 83       	std	Y+5, r24	; 0x05
    27ce:	3f c0       	rjmp	.+126    	; 0x284e <HLCD_voidInit+0x3c2>
	else if (__tmp > 65535)
    27d0:	6f 81       	ldd	r22, Y+7	; 0x07
    27d2:	78 85       	ldd	r23, Y+8	; 0x08
    27d4:	89 85       	ldd	r24, Y+9	; 0x09
    27d6:	9a 85       	ldd	r25, Y+10	; 0x0a
    27d8:	20 e0       	ldi	r18, 0x00	; 0
    27da:	3f ef       	ldi	r19, 0xFF	; 255
    27dc:	4f e7       	ldi	r20, 0x7F	; 127
    27de:	57 e4       	ldi	r21, 0x47	; 71
    27e0:	0e 94 19 03 	call	0x632	; 0x632 <__gtsf2>
    27e4:	18 16       	cp	r1, r24
    27e6:	4c f5       	brge	.+82     	; 0x283a <HLCD_voidInit+0x3ae>
	{
		//	__ticks = requested delay in 1/10 ms
		__ticks = (uint16_t) (__ms * 10.0);
    27e8:	6b 85       	ldd	r22, Y+11	; 0x0b
    27ea:	7c 85       	ldd	r23, Y+12	; 0x0c
    27ec:	8d 85       	ldd	r24, Y+13	; 0x0d
    27ee:	9e 85       	ldd	r25, Y+14	; 0x0e
    27f0:	20 e0       	ldi	r18, 0x00	; 0
    27f2:	30 e0       	ldi	r19, 0x00	; 0
    27f4:	40 e2       	ldi	r20, 0x20	; 32
    27f6:	51 e4       	ldi	r21, 0x41	; 65
    27f8:	0e 94 1f 02 	call	0x43e	; 0x43e <__mulsf3>
    27fc:	dc 01       	movw	r26, r24
    27fe:	cb 01       	movw	r24, r22
    2800:	bc 01       	movw	r22, r24
    2802:	cd 01       	movw	r24, r26
    2804:	0e 94 49 00 	call	0x92	; 0x92 <__fixunssfsi>
    2808:	dc 01       	movw	r26, r24
    280a:	cb 01       	movw	r24, r22
    280c:	9e 83       	std	Y+6, r25	; 0x06
    280e:	8d 83       	std	Y+5, r24	; 0x05
    2810:	0f c0       	rjmp	.+30     	; 0x2830 <HLCD_voidInit+0x3a4>
    2812:	88 ec       	ldi	r24, 0xC8	; 200
    2814:	90 e0       	ldi	r25, 0x00	; 0
    2816:	9c 83       	std	Y+4, r25	; 0x04
    2818:	8b 83       	std	Y+3, r24	; 0x03
    281a:	8b 81       	ldd	r24, Y+3	; 0x03
    281c:	9c 81       	ldd	r25, Y+4	; 0x04
    281e:	01 97       	sbiw	r24, 0x01	; 1
    2820:	f1 f7       	brne	.-4      	; 0x281e <HLCD_voidInit+0x392>
    2822:	9c 83       	std	Y+4, r25	; 0x04
    2824:	8b 83       	std	Y+3, r24	; 0x03
		while(__ticks)
		{
			// wait 1/10 ms
			_delay_loop_2(((F_CPU) / 4e3) / 10);
			__ticks --;
    2826:	8d 81       	ldd	r24, Y+5	; 0x05
    2828:	9e 81       	ldd	r25, Y+6	; 0x06
    282a:	01 97       	sbiw	r24, 0x01	; 1
    282c:	9e 83       	std	Y+6, r25	; 0x06
    282e:	8d 83       	std	Y+5, r24	; 0x05
		__ticks = 1;
	else if (__tmp > 65535)
	{
		//	__ticks = requested delay in 1/10 ms
		__ticks = (uint16_t) (__ms * 10.0);
		while(__ticks)
    2830:	8d 81       	ldd	r24, Y+5	; 0x05
    2832:	9e 81       	ldd	r25, Y+6	; 0x06
    2834:	00 97       	sbiw	r24, 0x00	; 0
    2836:	69 f7       	brne	.-38     	; 0x2812 <HLCD_voidInit+0x386>
    2838:	14 c0       	rjmp	.+40     	; 0x2862 <HLCD_voidInit+0x3d6>
			__ticks --;
		}
		return;
	}
	else
		__ticks = (uint16_t)__tmp;
    283a:	6f 81       	ldd	r22, Y+7	; 0x07
    283c:	78 85       	ldd	r23, Y+8	; 0x08
    283e:	89 85       	ldd	r24, Y+9	; 0x09
    2840:	9a 85       	ldd	r25, Y+10	; 0x0a
    2842:	0e 94 49 00 	call	0x92	; 0x92 <__fixunssfsi>
    2846:	dc 01       	movw	r26, r24
    2848:	cb 01       	movw	r24, r22
    284a:	9e 83       	std	Y+6, r25	; 0x06
    284c:	8d 83       	std	Y+5, r24	; 0x05
    284e:	8d 81       	ldd	r24, Y+5	; 0x05
    2850:	9e 81       	ldd	r25, Y+6	; 0x06
    2852:	9a 83       	std	Y+2, r25	; 0x02
    2854:	89 83       	std	Y+1, r24	; 0x01
    2856:	89 81       	ldd	r24, Y+1	; 0x01
    2858:	9a 81       	ldd	r25, Y+2	; 0x02
    285a:	01 97       	sbiw	r24, 0x01	; 1
    285c:	f1 f7       	brne	.-4      	; 0x285a <HLCD_voidInit+0x3ce>
    285e:	9a 83       	std	Y+2, r25	; 0x02
    2860:	89 83       	std	Y+1, r24	; 0x01
    // Wait for more than 1.53 ms
    _delay_ms(2);

    // Entry Mode Set
    HLCD_voidSendCommand(ENTRY_MODE_SET);
    2862:	86 e0       	ldi	r24, 0x06	; 6
    2864:	0e 94 3d 14 	call	0x287a	; 0x287a <HLCD_voidSendCommand>
}
    2868:	e8 96       	adiw	r28, 0x38	; 56
    286a:	0f b6       	in	r0, 0x3f	; 63
    286c:	f8 94       	cli
    286e:	de bf       	out	0x3e, r29	; 62
    2870:	0f be       	out	0x3f, r0	; 63
    2872:	cd bf       	out	0x3d, r28	; 61
    2874:	cf 91       	pop	r28
    2876:	df 91       	pop	r29
    2878:	08 95       	ret

0000287a <HLCD_voidSendCommand>:

void HLCD_voidSendCommand(u8 A_u8Command)
{
    287a:	df 93       	push	r29
    287c:	cf 93       	push	r28
    287e:	cd b7       	in	r28, 0x3d	; 61
    2880:	de b7       	in	r29, 0x3e	; 62
    2882:	2f 97       	sbiw	r28, 0x0f	; 15
    2884:	0f b6       	in	r0, 0x3f	; 63
    2886:	f8 94       	cli
    2888:	de bf       	out	0x3e, r29	; 62
    288a:	0f be       	out	0x3f, r0	; 63
    288c:	cd bf       	out	0x3d, r28	; 61
    288e:	8f 87       	std	Y+15, r24	; 0x0f
    // RS --> 0, RW --> 0
    MDIO_voidSetPinValue(LCD_CONTROL_PORT, LCD_RS_PIN, DIO_LOW);
    2890:	82 e0       	ldi	r24, 0x02	; 2
    2892:	60 e0       	ldi	r22, 0x00	; 0
    2894:	40 e0       	ldi	r20, 0x00	; 0
    2896:	0e 94 22 07 	call	0xe44	; 0xe44 <MDIO_voidSetPinValue>
    MDIO_voidSetPinValue(LCD_CONTROL_PORT, LCD_RW_PIN, DIO_LOW);
    289a:	82 e0       	ldi	r24, 0x02	; 2
    289c:	61 e0       	ldi	r22, 0x01	; 1
    289e:	40 e0       	ldi	r20, 0x00	; 0
    28a0:	0e 94 22 07 	call	0xe44	; 0xe44 <MDIO_voidSetPinValue>

    // Set data port with the command
    MDIO_voidSetPortValue(LCD_DATA_PORT, A_u8Command);
    28a4:	83 e0       	ldi	r24, 0x03	; 3
    28a6:	6f 85       	ldd	r22, Y+15	; 0x0f
    28a8:	0e 94 4e 09 	call	0x129c	; 0x129c <MDIO_voidSetPortValue>

    // Set pulse on E pin with 2ms delay
    MDIO_voidSetPinValue(LCD_CONTROL_PORT, LCD_E_PIN, DIO_HIGH);
    28ac:	82 e0       	ldi	r24, 0x02	; 2
    28ae:	62 e0       	ldi	r22, 0x02	; 2
    28b0:	41 e0       	ldi	r20, 0x01	; 1
    28b2:	0e 94 22 07 	call	0xe44	; 0xe44 <MDIO_voidSetPinValue>
    28b6:	80 e0       	ldi	r24, 0x00	; 0
    28b8:	90 e0       	ldi	r25, 0x00	; 0
    28ba:	a0 e0       	ldi	r26, 0x00	; 0
    28bc:	b0 e4       	ldi	r27, 0x40	; 64
    28be:	8b 87       	std	Y+11, r24	; 0x0b
    28c0:	9c 87       	std	Y+12, r25	; 0x0c
    28c2:	ad 87       	std	Y+13, r26	; 0x0d
    28c4:	be 87       	std	Y+14, r27	; 0x0e
 */
void
_delay_ms(double __ms)
{
	uint16_t __ticks;
	double __tmp = ((F_CPU) / 4e3) * __ms;
    28c6:	6b 85       	ldd	r22, Y+11	; 0x0b
    28c8:	7c 85       	ldd	r23, Y+12	; 0x0c
    28ca:	8d 85       	ldd	r24, Y+13	; 0x0d
    28cc:	9e 85       	ldd	r25, Y+14	; 0x0e
    28ce:	20 e0       	ldi	r18, 0x00	; 0
    28d0:	30 e0       	ldi	r19, 0x00	; 0
    28d2:	4a ef       	ldi	r20, 0xFA	; 250
    28d4:	54 e4       	ldi	r21, 0x44	; 68
    28d6:	0e 94 1f 02 	call	0x43e	; 0x43e <__mulsf3>
    28da:	dc 01       	movw	r26, r24
    28dc:	cb 01       	movw	r24, r22
    28de:	8f 83       	std	Y+7, r24	; 0x07
    28e0:	98 87       	std	Y+8, r25	; 0x08
    28e2:	a9 87       	std	Y+9, r26	; 0x09
    28e4:	ba 87       	std	Y+10, r27	; 0x0a
	if (__tmp < 1.0)
    28e6:	6f 81       	ldd	r22, Y+7	; 0x07
    28e8:	78 85       	ldd	r23, Y+8	; 0x08
    28ea:	89 85       	ldd	r24, Y+9	; 0x09
    28ec:	9a 85       	ldd	r25, Y+10	; 0x0a
    28ee:	20 e0       	ldi	r18, 0x00	; 0
    28f0:	30 e0       	ldi	r19, 0x00	; 0
    28f2:	40 e8       	ldi	r20, 0x80	; 128
    28f4:	5f e3       	ldi	r21, 0x3F	; 63
    28f6:	0e 94 79 03 	call	0x6f2	; 0x6f2 <__ltsf2>
    28fa:	88 23       	and	r24, r24
    28fc:	2c f4       	brge	.+10     	; 0x2908 <HLCD_voidSendCommand+0x8e>
		__ticks = 1;
    28fe:	81 e0       	ldi	r24, 0x01	; 1
    2900:	90 e0       	ldi	r25, 0x00	; 0
    2902:	9e 83       	std	Y+6, r25	; 0x06
    2904:	8d 83       	std	Y+5, r24	; 0x05
    2906:	3f c0       	rjmp	.+126    	; 0x2986 <HLCD_voidSendCommand+0x10c>
	else if (__tmp > 65535)
    2908:	6f 81       	ldd	r22, Y+7	; 0x07
    290a:	78 85       	ldd	r23, Y+8	; 0x08
    290c:	89 85       	ldd	r24, Y+9	; 0x09
    290e:	9a 85       	ldd	r25, Y+10	; 0x0a
    2910:	20 e0       	ldi	r18, 0x00	; 0
    2912:	3f ef       	ldi	r19, 0xFF	; 255
    2914:	4f e7       	ldi	r20, 0x7F	; 127
    2916:	57 e4       	ldi	r21, 0x47	; 71
    2918:	0e 94 19 03 	call	0x632	; 0x632 <__gtsf2>
    291c:	18 16       	cp	r1, r24
    291e:	4c f5       	brge	.+82     	; 0x2972 <HLCD_voidSendCommand+0xf8>
	{
		//	__ticks = requested delay in 1/10 ms
		__ticks = (uint16_t) (__ms * 10.0);
    2920:	6b 85       	ldd	r22, Y+11	; 0x0b
    2922:	7c 85       	ldd	r23, Y+12	; 0x0c
    2924:	8d 85       	ldd	r24, Y+13	; 0x0d
    2926:	9e 85       	ldd	r25, Y+14	; 0x0e
    2928:	20 e0       	ldi	r18, 0x00	; 0
    292a:	30 e0       	ldi	r19, 0x00	; 0
    292c:	40 e2       	ldi	r20, 0x20	; 32
    292e:	51 e4       	ldi	r21, 0x41	; 65
    2930:	0e 94 1f 02 	call	0x43e	; 0x43e <__mulsf3>
    2934:	dc 01       	movw	r26, r24
    2936:	cb 01       	movw	r24, r22
    2938:	bc 01       	movw	r22, r24
    293a:	cd 01       	movw	r24, r26
    293c:	0e 94 49 00 	call	0x92	; 0x92 <__fixunssfsi>
    2940:	dc 01       	movw	r26, r24
    2942:	cb 01       	movw	r24, r22
    2944:	9e 83       	std	Y+6, r25	; 0x06
    2946:	8d 83       	std	Y+5, r24	; 0x05
    2948:	0f c0       	rjmp	.+30     	; 0x2968 <HLCD_voidSendCommand+0xee>
    294a:	88 ec       	ldi	r24, 0xC8	; 200
    294c:	90 e0       	ldi	r25, 0x00	; 0
    294e:	9c 83       	std	Y+4, r25	; 0x04
    2950:	8b 83       	std	Y+3, r24	; 0x03
    2952:	8b 81       	ldd	r24, Y+3	; 0x03
    2954:	9c 81       	ldd	r25, Y+4	; 0x04
    2956:	01 97       	sbiw	r24, 0x01	; 1
    2958:	f1 f7       	brne	.-4      	; 0x2956 <HLCD_voidSendCommand+0xdc>
    295a:	9c 83       	std	Y+4, r25	; 0x04
    295c:	8b 83       	std	Y+3, r24	; 0x03
		while(__ticks)
		{
			// wait 1/10 ms
			_delay_loop_2(((F_CPU) / 4e3) / 10);
			__ticks --;
    295e:	8d 81       	ldd	r24, Y+5	; 0x05
    2960:	9e 81       	ldd	r25, Y+6	; 0x06
    2962:	01 97       	sbiw	r24, 0x01	; 1
    2964:	9e 83       	std	Y+6, r25	; 0x06
    2966:	8d 83       	std	Y+5, r24	; 0x05
		__ticks = 1;
	else if (__tmp > 65535)
	{
		//	__ticks = requested delay in 1/10 ms
		__ticks = (uint16_t) (__ms * 10.0);
		while(__ticks)
    2968:	8d 81       	ldd	r24, Y+5	; 0x05
    296a:	9e 81       	ldd	r25, Y+6	; 0x06
    296c:	00 97       	sbiw	r24, 0x00	; 0
    296e:	69 f7       	brne	.-38     	; 0x294a <HLCD_voidSendCommand+0xd0>
    2970:	14 c0       	rjmp	.+40     	; 0x299a <HLCD_voidSendCommand+0x120>
			__ticks --;
		}
		return;
	}
	else
		__ticks = (uint16_t)__tmp;
    2972:	6f 81       	ldd	r22, Y+7	; 0x07
    2974:	78 85       	ldd	r23, Y+8	; 0x08
    2976:	89 85       	ldd	r24, Y+9	; 0x09
    2978:	9a 85       	ldd	r25, Y+10	; 0x0a
    297a:	0e 94 49 00 	call	0x92	; 0x92 <__fixunssfsi>
    297e:	dc 01       	movw	r26, r24
    2980:	cb 01       	movw	r24, r22
    2982:	9e 83       	std	Y+6, r25	; 0x06
    2984:	8d 83       	std	Y+5, r24	; 0x05
    2986:	8d 81       	ldd	r24, Y+5	; 0x05
    2988:	9e 81       	ldd	r25, Y+6	; 0x06
    298a:	9a 83       	std	Y+2, r25	; 0x02
    298c:	89 83       	std	Y+1, r24	; 0x01
    298e:	89 81       	ldd	r24, Y+1	; 0x01
    2990:	9a 81       	ldd	r25, Y+2	; 0x02
    2992:	01 97       	sbiw	r24, 0x01	; 1
    2994:	f1 f7       	brne	.-4      	; 0x2992 <HLCD_voidSendCommand+0x118>
    2996:	9a 83       	std	Y+2, r25	; 0x02
    2998:	89 83       	std	Y+1, r24	; 0x01
    _delay_ms(2);
    MDIO_voidSetPinValue(LCD_CONTROL_PORT, LCD_E_PIN, DIO_LOW);
    299a:	82 e0       	ldi	r24, 0x02	; 2
    299c:	62 e0       	ldi	r22, 0x02	; 2
    299e:	40 e0       	ldi	r20, 0x00	; 0
    29a0:	0e 94 22 07 	call	0xe44	; 0xe44 <MDIO_voidSetPinValue>
}
    29a4:	2f 96       	adiw	r28, 0x0f	; 15
    29a6:	0f b6       	in	r0, 0x3f	; 63
    29a8:	f8 94       	cli
    29aa:	de bf       	out	0x3e, r29	; 62
    29ac:	0f be       	out	0x3f, r0	; 63
    29ae:	cd bf       	out	0x3d, r28	; 61
    29b0:	cf 91       	pop	r28
    29b2:	df 91       	pop	r29
    29b4:	08 95       	ret

000029b6 <HLCD_voidSendData>:

void HLCD_voidSendData(u8 A_u8Data)
{
    29b6:	df 93       	push	r29
    29b8:	cf 93       	push	r28
    29ba:	cd b7       	in	r28, 0x3d	; 61
    29bc:	de b7       	in	r29, 0x3e	; 62
    29be:	2f 97       	sbiw	r28, 0x0f	; 15
    29c0:	0f b6       	in	r0, 0x3f	; 63
    29c2:	f8 94       	cli
    29c4:	de bf       	out	0x3e, r29	; 62
    29c6:	0f be       	out	0x3f, r0	; 63
    29c8:	cd bf       	out	0x3d, r28	; 61
    29ca:	8f 87       	std	Y+15, r24	; 0x0f
    // RS --> 1, RW --> 0
    MDIO_voidSetPinValue(LCD_CONTROL_PORT, LCD_RS_PIN, DIO_HIGH);
    29cc:	82 e0       	ldi	r24, 0x02	; 2
    29ce:	60 e0       	ldi	r22, 0x00	; 0
    29d0:	41 e0       	ldi	r20, 0x01	; 1
    29d2:	0e 94 22 07 	call	0xe44	; 0xe44 <MDIO_voidSetPinValue>
    MDIO_voidSetPinValue(LCD_CONTROL_PORT, LCD_RW_PIN, DIO_LOW);
    29d6:	82 e0       	ldi	r24, 0x02	; 2
    29d8:	61 e0       	ldi	r22, 0x01	; 1
    29da:	40 e0       	ldi	r20, 0x00	; 0
    29dc:	0e 94 22 07 	call	0xe44	; 0xe44 <MDIO_voidSetPinValue>

    // Set data port with the data
    MDIO_voidSetPortValue(LCD_DATA_PORT, A_u8Data);
    29e0:	83 e0       	ldi	r24, 0x03	; 3
    29e2:	6f 85       	ldd	r22, Y+15	; 0x0f
    29e4:	0e 94 4e 09 	call	0x129c	; 0x129c <MDIO_voidSetPortValue>

    // Set pulse on E pin with 2ms delay
    MDIO_voidSetPinValue(LCD_CONTROL_PORT, LCD_E_PIN, DIO_HIGH);
    29e8:	82 e0       	ldi	r24, 0x02	; 2
    29ea:	62 e0       	ldi	r22, 0x02	; 2
    29ec:	41 e0       	ldi	r20, 0x01	; 1
    29ee:	0e 94 22 07 	call	0xe44	; 0xe44 <MDIO_voidSetPinValue>
    29f2:	80 e0       	ldi	r24, 0x00	; 0
    29f4:	90 e0       	ldi	r25, 0x00	; 0
    29f6:	a0 e0       	ldi	r26, 0x00	; 0
    29f8:	b0 e4       	ldi	r27, 0x40	; 64
    29fa:	8b 87       	std	Y+11, r24	; 0x0b
    29fc:	9c 87       	std	Y+12, r25	; 0x0c
    29fe:	ad 87       	std	Y+13, r26	; 0x0d
    2a00:	be 87       	std	Y+14, r27	; 0x0e
 */
void
_delay_ms(double __ms)
{
	uint16_t __ticks;
	double __tmp = ((F_CPU) / 4e3) * __ms;
    2a02:	6b 85       	ldd	r22, Y+11	; 0x0b
    2a04:	7c 85       	ldd	r23, Y+12	; 0x0c
    2a06:	8d 85       	ldd	r24, Y+13	; 0x0d
    2a08:	9e 85       	ldd	r25, Y+14	; 0x0e
    2a0a:	20 e0       	ldi	r18, 0x00	; 0
    2a0c:	30 e0       	ldi	r19, 0x00	; 0
    2a0e:	4a ef       	ldi	r20, 0xFA	; 250
    2a10:	54 e4       	ldi	r21, 0x44	; 68
    2a12:	0e 94 1f 02 	call	0x43e	; 0x43e <__mulsf3>
    2a16:	dc 01       	movw	r26, r24
    2a18:	cb 01       	movw	r24, r22
    2a1a:	8f 83       	std	Y+7, r24	; 0x07
    2a1c:	98 87       	std	Y+8, r25	; 0x08
    2a1e:	a9 87       	std	Y+9, r26	; 0x09
    2a20:	ba 87       	std	Y+10, r27	; 0x0a
	if (__tmp < 1.0)
    2a22:	6f 81       	ldd	r22, Y+7	; 0x07
    2a24:	78 85       	ldd	r23, Y+8	; 0x08
    2a26:	89 85       	ldd	r24, Y+9	; 0x09
    2a28:	9a 85       	ldd	r25, Y+10	; 0x0a
    2a2a:	20 e0       	ldi	r18, 0x00	; 0
    2a2c:	30 e0       	ldi	r19, 0x00	; 0
    2a2e:	40 e8       	ldi	r20, 0x80	; 128
    2a30:	5f e3       	ldi	r21, 0x3F	; 63
    2a32:	0e 94 79 03 	call	0x6f2	; 0x6f2 <__ltsf2>
    2a36:	88 23       	and	r24, r24
    2a38:	2c f4       	brge	.+10     	; 0x2a44 <HLCD_voidSendData+0x8e>
		__ticks = 1;
    2a3a:	81 e0       	ldi	r24, 0x01	; 1
    2a3c:	90 e0       	ldi	r25, 0x00	; 0
    2a3e:	9e 83       	std	Y+6, r25	; 0x06
    2a40:	8d 83       	std	Y+5, r24	; 0x05
    2a42:	3f c0       	rjmp	.+126    	; 0x2ac2 <HLCD_voidSendData+0x10c>
	else if (__tmp > 65535)
    2a44:	6f 81       	ldd	r22, Y+7	; 0x07
    2a46:	78 85       	ldd	r23, Y+8	; 0x08
    2a48:	89 85       	ldd	r24, Y+9	; 0x09
    2a4a:	9a 85       	ldd	r25, Y+10	; 0x0a
    2a4c:	20 e0       	ldi	r18, 0x00	; 0
    2a4e:	3f ef       	ldi	r19, 0xFF	; 255
    2a50:	4f e7       	ldi	r20, 0x7F	; 127
    2a52:	57 e4       	ldi	r21, 0x47	; 71
    2a54:	0e 94 19 03 	call	0x632	; 0x632 <__gtsf2>
    2a58:	18 16       	cp	r1, r24
    2a5a:	4c f5       	brge	.+82     	; 0x2aae <HLCD_voidSendData+0xf8>
	{
		//	__ticks = requested delay in 1/10 ms
		__ticks = (uint16_t) (__ms * 10.0);
    2a5c:	6b 85       	ldd	r22, Y+11	; 0x0b
    2a5e:	7c 85       	ldd	r23, Y+12	; 0x0c
    2a60:	8d 85       	ldd	r24, Y+13	; 0x0d
    2a62:	9e 85       	ldd	r25, Y+14	; 0x0e
    2a64:	20 e0       	ldi	r18, 0x00	; 0
    2a66:	30 e0       	ldi	r19, 0x00	; 0
    2a68:	40 e2       	ldi	r20, 0x20	; 32
    2a6a:	51 e4       	ldi	r21, 0x41	; 65
    2a6c:	0e 94 1f 02 	call	0x43e	; 0x43e <__mulsf3>
    2a70:	dc 01       	movw	r26, r24
    2a72:	cb 01       	movw	r24, r22
    2a74:	bc 01       	movw	r22, r24
    2a76:	cd 01       	movw	r24, r26
    2a78:	0e 94 49 00 	call	0x92	; 0x92 <__fixunssfsi>
    2a7c:	dc 01       	movw	r26, r24
    2a7e:	cb 01       	movw	r24, r22
    2a80:	9e 83       	std	Y+6, r25	; 0x06
    2a82:	8d 83       	std	Y+5, r24	; 0x05
    2a84:	0f c0       	rjmp	.+30     	; 0x2aa4 <HLCD_voidSendData+0xee>
    2a86:	88 ec       	ldi	r24, 0xC8	; 200
    2a88:	90 e0       	ldi	r25, 0x00	; 0
    2a8a:	9c 83       	std	Y+4, r25	; 0x04
    2a8c:	8b 83       	std	Y+3, r24	; 0x03
    2a8e:	8b 81       	ldd	r24, Y+3	; 0x03
    2a90:	9c 81       	ldd	r25, Y+4	; 0x04
    2a92:	01 97       	sbiw	r24, 0x01	; 1
    2a94:	f1 f7       	brne	.-4      	; 0x2a92 <HLCD_voidSendData+0xdc>
    2a96:	9c 83       	std	Y+4, r25	; 0x04
    2a98:	8b 83       	std	Y+3, r24	; 0x03
		while(__ticks)
		{
			// wait 1/10 ms
			_delay_loop_2(((F_CPU) / 4e3) / 10);
			__ticks --;
    2a9a:	8d 81       	ldd	r24, Y+5	; 0x05
    2a9c:	9e 81       	ldd	r25, Y+6	; 0x06
    2a9e:	01 97       	sbiw	r24, 0x01	; 1
    2aa0:	9e 83       	std	Y+6, r25	; 0x06
    2aa2:	8d 83       	std	Y+5, r24	; 0x05
		__ticks = 1;
	else if (__tmp > 65535)
	{
		//	__ticks = requested delay in 1/10 ms
		__ticks = (uint16_t) (__ms * 10.0);
		while(__ticks)
    2aa4:	8d 81       	ldd	r24, Y+5	; 0x05
    2aa6:	9e 81       	ldd	r25, Y+6	; 0x06
    2aa8:	00 97       	sbiw	r24, 0x00	; 0
    2aaa:	69 f7       	brne	.-38     	; 0x2a86 <HLCD_voidSendData+0xd0>
    2aac:	14 c0       	rjmp	.+40     	; 0x2ad6 <HLCD_voidSendData+0x120>
			__ticks --;
		}
		return;
	}
	else
		__ticks = (uint16_t)__tmp;
    2aae:	6f 81       	ldd	r22, Y+7	; 0x07
    2ab0:	78 85       	ldd	r23, Y+8	; 0x08
    2ab2:	89 85       	ldd	r24, Y+9	; 0x09
    2ab4:	9a 85       	ldd	r25, Y+10	; 0x0a
    2ab6:	0e 94 49 00 	call	0x92	; 0x92 <__fixunssfsi>
    2aba:	dc 01       	movw	r26, r24
    2abc:	cb 01       	movw	r24, r22
    2abe:	9e 83       	std	Y+6, r25	; 0x06
    2ac0:	8d 83       	std	Y+5, r24	; 0x05
    2ac2:	8d 81       	ldd	r24, Y+5	; 0x05
    2ac4:	9e 81       	ldd	r25, Y+6	; 0x06
    2ac6:	9a 83       	std	Y+2, r25	; 0x02
    2ac8:	89 83       	std	Y+1, r24	; 0x01
    2aca:	89 81       	ldd	r24, Y+1	; 0x01
    2acc:	9a 81       	ldd	r25, Y+2	; 0x02
    2ace:	01 97       	sbiw	r24, 0x01	; 1
    2ad0:	f1 f7       	brne	.-4      	; 0x2ace <HLCD_voidSendData+0x118>
    2ad2:	9a 83       	std	Y+2, r25	; 0x02
    2ad4:	89 83       	std	Y+1, r24	; 0x01
    _delay_ms(2);
    MDIO_voidSetPinValue(LCD_CONTROL_PORT, LCD_E_PIN, DIO_LOW);
    2ad6:	82 e0       	ldi	r24, 0x02	; 2
    2ad8:	62 e0       	ldi	r22, 0x02	; 2
    2ada:	40 e0       	ldi	r20, 0x00	; 0
    2adc:	0e 94 22 07 	call	0xe44	; 0xe44 <MDIO_voidSetPinValue>
}
    2ae0:	2f 96       	adiw	r28, 0x0f	; 15
    2ae2:	0f b6       	in	r0, 0x3f	; 63
    2ae4:	f8 94       	cli
    2ae6:	de bf       	out	0x3e, r29	; 62
    2ae8:	0f be       	out	0x3f, r0	; 63
    2aea:	cd bf       	out	0x3d, r28	; 61
    2aec:	cf 91       	pop	r28
    2aee:	df 91       	pop	r29
    2af0:	08 95       	ret

00002af2 <HLCD_voidSendString>:

void HLCD_voidSendString(u8 *A_Pu8String)
{
    2af2:	df 93       	push	r29
    2af4:	cf 93       	push	r28
    2af6:	00 d0       	rcall	.+0      	; 0x2af8 <HLCD_voidSendString+0x6>
    2af8:	cd b7       	in	r28, 0x3d	; 61
    2afa:	de b7       	in	r29, 0x3e	; 62
    2afc:	9a 83       	std	Y+2, r25	; 0x02
    2afe:	89 83       	std	Y+1, r24	; 0x01
    2b00:	0b c0       	rjmp	.+22     	; 0x2b18 <HLCD_voidSendString+0x26>
    while(*A_Pu8String > 0)
    {
        HLCD_voidSendData(*A_Pu8String++);
    2b02:	e9 81       	ldd	r30, Y+1	; 0x01
    2b04:	fa 81       	ldd	r31, Y+2	; 0x02
    2b06:	20 81       	ld	r18, Z
    2b08:	89 81       	ldd	r24, Y+1	; 0x01
    2b0a:	9a 81       	ldd	r25, Y+2	; 0x02
    2b0c:	01 96       	adiw	r24, 0x01	; 1
    2b0e:	9a 83       	std	Y+2, r25	; 0x02
    2b10:	89 83       	std	Y+1, r24	; 0x01
    2b12:	82 2f       	mov	r24, r18
    2b14:	0e 94 db 14 	call	0x29b6	; 0x29b6 <HLCD_voidSendData>
    MDIO_voidSetPinValue(LCD_CONTROL_PORT, LCD_E_PIN, DIO_LOW);
}

void HLCD_voidSendString(u8 *A_Pu8String)
{
    while(*A_Pu8String > 0)
    2b18:	e9 81       	ldd	r30, Y+1	; 0x01
    2b1a:	fa 81       	ldd	r31, Y+2	; 0x02
    2b1c:	80 81       	ld	r24, Z
    2b1e:	88 23       	and	r24, r24
    2b20:	81 f7       	brne	.-32     	; 0x2b02 <HLCD_voidSendString+0x10>
    {
        HLCD_voidSendData(*A_Pu8String++);
    }
}
    2b22:	0f 90       	pop	r0
    2b24:	0f 90       	pop	r0
    2b26:	cf 91       	pop	r28
    2b28:	df 91       	pop	r29
    2b2a:	08 95       	ret

00002b2c <HLCD_voidSendStringLine>:

void HLCD_voidSendStringLine(u8 *A_Pu8String, LCD_ROWS row)
{
    2b2c:	df 93       	push	r29
    2b2e:	cf 93       	push	r28
    2b30:	cd b7       	in	r28, 0x3d	; 61
    2b32:	de b7       	in	r29, 0x3e	; 62
    2b34:	28 97       	sbiw	r28, 0x08	; 8
    2b36:	0f b6       	in	r0, 0x3f	; 63
    2b38:	f8 94       	cli
    2b3a:	de bf       	out	0x3e, r29	; 62
    2b3c:	0f be       	out	0x3f, r0	; 63
    2b3e:	cd bf       	out	0x3d, r28	; 61
    2b40:	9e 83       	std	Y+6, r25	; 0x06
    2b42:	8d 83       	std	Y+5, r24	; 0x05
    2b44:	6f 83       	std	Y+7, r22	; 0x07
    // Go to the specified row, column 1
    HLCD_voidGoToPos(row, col1);
    2b46:	8f 81       	ldd	r24, Y+7	; 0x07
    2b48:	61 e0       	ldi	r22, 0x01	; 1
    2b4a:	0e 94 6a 16 	call	0x2cd4	; 0x2cd4 <HLCD_voidGoToPos>

    u8 len = 0;
    2b4e:	1c 82       	std	Y+4, r1	; 0x04
    u8 *ptr = A_Pu8String;
    2b50:	8d 81       	ldd	r24, Y+5	; 0x05
    2b52:	9e 81       	ldd	r25, Y+6	; 0x06
    2b54:	9b 83       	std	Y+3, r25	; 0x03
    2b56:	8a 83       	std	Y+2, r24	; 0x02
    2b58:	03 c0       	rjmp	.+6      	; 0x2b60 <HLCD_voidSendStringLine+0x34>

    // Count characters
    while(*ptr++ > 0) len++;
    2b5a:	8c 81       	ldd	r24, Y+4	; 0x04
    2b5c:	8f 5f       	subi	r24, 0xFF	; 255
    2b5e:	8c 83       	std	Y+4, r24	; 0x04
    2b60:	ea 81       	ldd	r30, Y+2	; 0x02
    2b62:	fb 81       	ldd	r31, Y+3	; 0x03
    2b64:	80 81       	ld	r24, Z
    2b66:	88 87       	std	Y+8, r24	; 0x08
    2b68:	88 85       	ldd	r24, Y+8	; 0x08
    2b6a:	88 23       	and	r24, r24
    2b6c:	11 f0       	breq	.+4      	; 0x2b72 <HLCD_voidSendStringLine+0x46>
    2b6e:	81 e0       	ldi	r24, 0x01	; 1
    2b70:	88 87       	std	Y+8, r24	; 0x08
    2b72:	88 85       	ldd	r24, Y+8	; 0x08
    2b74:	2a 81       	ldd	r18, Y+2	; 0x02
    2b76:	3b 81       	ldd	r19, Y+3	; 0x03
    2b78:	2f 5f       	subi	r18, 0xFF	; 255
    2b7a:	3f 4f       	sbci	r19, 0xFF	; 255
    2b7c:	3b 83       	std	Y+3, r19	; 0x03
    2b7e:	2a 83       	std	Y+2, r18	; 0x02
    2b80:	88 23       	and	r24, r24
    2b82:	59 f7       	brne	.-42     	; 0x2b5a <HLCD_voidSendStringLine+0x2e>

    // Send string (limit to 20 characters for LM044L)
    for(u8 i = 0; i < len && i < LCD_MAX_COLS; i++)
    2b84:	19 82       	std	Y+1, r1	; 0x01
    2b86:	0e c0       	rjmp	.+28     	; 0x2ba4 <HLCD_voidSendStringLine+0x78>
    {
        HLCD_voidSendData(A_Pu8String[i]);
    2b88:	89 81       	ldd	r24, Y+1	; 0x01
    2b8a:	28 2f       	mov	r18, r24
    2b8c:	30 e0       	ldi	r19, 0x00	; 0
    2b8e:	8d 81       	ldd	r24, Y+5	; 0x05
    2b90:	9e 81       	ldd	r25, Y+6	; 0x06
    2b92:	fc 01       	movw	r30, r24
    2b94:	e2 0f       	add	r30, r18
    2b96:	f3 1f       	adc	r31, r19
    2b98:	80 81       	ld	r24, Z
    2b9a:	0e 94 db 14 	call	0x29b6	; 0x29b6 <HLCD_voidSendData>

    // Count characters
    while(*ptr++ > 0) len++;

    // Send string (limit to 20 characters for LM044L)
    for(u8 i = 0; i < len && i < LCD_MAX_COLS; i++)
    2b9e:	89 81       	ldd	r24, Y+1	; 0x01
    2ba0:	8f 5f       	subi	r24, 0xFF	; 255
    2ba2:	89 83       	std	Y+1, r24	; 0x01
    2ba4:	99 81       	ldd	r25, Y+1	; 0x01
    2ba6:	8c 81       	ldd	r24, Y+4	; 0x04
    2ba8:	98 17       	cp	r25, r24
    2baa:	18 f4       	brcc	.+6      	; 0x2bb2 <HLCD_voidSendStringLine+0x86>
    2bac:	89 81       	ldd	r24, Y+1	; 0x01
    2bae:	84 31       	cpi	r24, 0x14	; 20
    2bb0:	58 f3       	brcs	.-42     	; 0x2b88 <HLCD_voidSendStringLine+0x5c>
    {
        HLCD_voidSendData(A_Pu8String[i]);
    }
}
    2bb2:	28 96       	adiw	r28, 0x08	; 8
    2bb4:	0f b6       	in	r0, 0x3f	; 63
    2bb6:	f8 94       	cli
    2bb8:	de bf       	out	0x3e, r29	; 62
    2bba:	0f be       	out	0x3f, r0	; 63
    2bbc:	cd bf       	out	0x3d, r28	; 61
    2bbe:	cf 91       	pop	r28
    2bc0:	df 91       	pop	r29
    2bc2:	08 95       	ret

00002bc4 <HLCD_voidClearDisplay>:

void HLCD_voidClearDisplay(void)
{
    2bc4:	df 93       	push	r29
    2bc6:	cf 93       	push	r28
    2bc8:	cd b7       	in	r28, 0x3d	; 61
    2bca:	de b7       	in	r29, 0x3e	; 62
    2bcc:	2e 97       	sbiw	r28, 0x0e	; 14
    2bce:	0f b6       	in	r0, 0x3f	; 63
    2bd0:	f8 94       	cli
    2bd2:	de bf       	out	0x3e, r29	; 62
    2bd4:	0f be       	out	0x3f, r0	; 63
    2bd6:	cd bf       	out	0x3d, r28	; 61
    // Display Clear
    HLCD_voidSendCommand(DISPLAY_CLEAR);
    2bd8:	81 e0       	ldi	r24, 0x01	; 1
    2bda:	0e 94 3d 14 	call	0x287a	; 0x287a <HLCD_voidSendCommand>
    2bde:	80 e0       	ldi	r24, 0x00	; 0
    2be0:	90 e0       	ldi	r25, 0x00	; 0
    2be2:	a0 e0       	ldi	r26, 0x00	; 0
    2be4:	b0 e4       	ldi	r27, 0x40	; 64
    2be6:	8b 87       	std	Y+11, r24	; 0x0b
    2be8:	9c 87       	std	Y+12, r25	; 0x0c
    2bea:	ad 87       	std	Y+13, r26	; 0x0d
    2bec:	be 87       	std	Y+14, r27	; 0x0e
 */
void
_delay_ms(double __ms)
{
	uint16_t __ticks;
	double __tmp = ((F_CPU) / 4e3) * __ms;
    2bee:	6b 85       	ldd	r22, Y+11	; 0x0b
    2bf0:	7c 85       	ldd	r23, Y+12	; 0x0c
    2bf2:	8d 85       	ldd	r24, Y+13	; 0x0d
    2bf4:	9e 85       	ldd	r25, Y+14	; 0x0e
    2bf6:	20 e0       	ldi	r18, 0x00	; 0
    2bf8:	30 e0       	ldi	r19, 0x00	; 0
    2bfa:	4a ef       	ldi	r20, 0xFA	; 250
    2bfc:	54 e4       	ldi	r21, 0x44	; 68
    2bfe:	0e 94 1f 02 	call	0x43e	; 0x43e <__mulsf3>
    2c02:	dc 01       	movw	r26, r24
    2c04:	cb 01       	movw	r24, r22
    2c06:	8f 83       	std	Y+7, r24	; 0x07
    2c08:	98 87       	std	Y+8, r25	; 0x08
    2c0a:	a9 87       	std	Y+9, r26	; 0x09
    2c0c:	ba 87       	std	Y+10, r27	; 0x0a
	if (__tmp < 1.0)
    2c0e:	6f 81       	ldd	r22, Y+7	; 0x07
    2c10:	78 85       	ldd	r23, Y+8	; 0x08
    2c12:	89 85       	ldd	r24, Y+9	; 0x09
    2c14:	9a 85       	ldd	r25, Y+10	; 0x0a
    2c16:	20 e0       	ldi	r18, 0x00	; 0
    2c18:	30 e0       	ldi	r19, 0x00	; 0
    2c1a:	40 e8       	ldi	r20, 0x80	; 128
    2c1c:	5f e3       	ldi	r21, 0x3F	; 63
    2c1e:	0e 94 79 03 	call	0x6f2	; 0x6f2 <__ltsf2>
    2c22:	88 23       	and	r24, r24
    2c24:	2c f4       	brge	.+10     	; 0x2c30 <HLCD_voidClearDisplay+0x6c>
		__ticks = 1;
    2c26:	81 e0       	ldi	r24, 0x01	; 1
    2c28:	90 e0       	ldi	r25, 0x00	; 0
    2c2a:	9e 83       	std	Y+6, r25	; 0x06
    2c2c:	8d 83       	std	Y+5, r24	; 0x05
    2c2e:	3f c0       	rjmp	.+126    	; 0x2cae <HLCD_voidClearDisplay+0xea>
	else if (__tmp > 65535)
    2c30:	6f 81       	ldd	r22, Y+7	; 0x07
    2c32:	78 85       	ldd	r23, Y+8	; 0x08
    2c34:	89 85       	ldd	r24, Y+9	; 0x09
    2c36:	9a 85       	ldd	r25, Y+10	; 0x0a
    2c38:	20 e0       	ldi	r18, 0x00	; 0
    2c3a:	3f ef       	ldi	r19, 0xFF	; 255
    2c3c:	4f e7       	ldi	r20, 0x7F	; 127
    2c3e:	57 e4       	ldi	r21, 0x47	; 71
    2c40:	0e 94 19 03 	call	0x632	; 0x632 <__gtsf2>
    2c44:	18 16       	cp	r1, r24
    2c46:	4c f5       	brge	.+82     	; 0x2c9a <HLCD_voidClearDisplay+0xd6>
	{
		//	__ticks = requested delay in 1/10 ms
		__ticks = (uint16_t) (__ms * 10.0);
    2c48:	6b 85       	ldd	r22, Y+11	; 0x0b
    2c4a:	7c 85       	ldd	r23, Y+12	; 0x0c
    2c4c:	8d 85       	ldd	r24, Y+13	; 0x0d
    2c4e:	9e 85       	ldd	r25, Y+14	; 0x0e
    2c50:	20 e0       	ldi	r18, 0x00	; 0
    2c52:	30 e0       	ldi	r19, 0x00	; 0
    2c54:	40 e2       	ldi	r20, 0x20	; 32
    2c56:	51 e4       	ldi	r21, 0x41	; 65
    2c58:	0e 94 1f 02 	call	0x43e	; 0x43e <__mulsf3>
    2c5c:	dc 01       	movw	r26, r24
    2c5e:	cb 01       	movw	r24, r22
    2c60:	bc 01       	movw	r22, r24
    2c62:	cd 01       	movw	r24, r26
    2c64:	0e 94 49 00 	call	0x92	; 0x92 <__fixunssfsi>
    2c68:	dc 01       	movw	r26, r24
    2c6a:	cb 01       	movw	r24, r22
    2c6c:	9e 83       	std	Y+6, r25	; 0x06
    2c6e:	8d 83       	std	Y+5, r24	; 0x05
    2c70:	0f c0       	rjmp	.+30     	; 0x2c90 <HLCD_voidClearDisplay+0xcc>
    2c72:	88 ec       	ldi	r24, 0xC8	; 200
    2c74:	90 e0       	ldi	r25, 0x00	; 0
    2c76:	9c 83       	std	Y+4, r25	; 0x04
    2c78:	8b 83       	std	Y+3, r24	; 0x03
    2c7a:	8b 81       	ldd	r24, Y+3	; 0x03
    2c7c:	9c 81       	ldd	r25, Y+4	; 0x04
    2c7e:	01 97       	sbiw	r24, 0x01	; 1
    2c80:	f1 f7       	brne	.-4      	; 0x2c7e <HLCD_voidClearDisplay+0xba>
    2c82:	9c 83       	std	Y+4, r25	; 0x04
    2c84:	8b 83       	std	Y+3, r24	; 0x03
		while(__ticks)
		{
			// wait 1/10 ms
			_delay_loop_2(((F_CPU) / 4e3) / 10);
			__ticks --;
    2c86:	8d 81       	ldd	r24, Y+5	; 0x05
    2c88:	9e 81       	ldd	r25, Y+6	; 0x06
    2c8a:	01 97       	sbiw	r24, 0x01	; 1
    2c8c:	9e 83       	std	Y+6, r25	; 0x06
    2c8e:	8d 83       	std	Y+5, r24	; 0x05
		__ticks = 1;
	else if (__tmp > 65535)
	{
		//	__ticks = requested delay in 1/10 ms
		__ticks = (uint16_t) (__ms * 10.0);
		while(__ticks)
    2c90:	8d 81       	ldd	r24, Y+5	; 0x05
    2c92:	9e 81       	ldd	r25, Y+6	; 0x06
    2c94:	00 97       	sbiw	r24, 0x00	; 0
    2c96:	69 f7       	brne	.-38     	; 0x2c72 <HLCD_voidClearDisplay+0xae>
    2c98:	14 c0       	rjmp	.+40     	; 0x2cc2 <HLCD_voidClearDisplay+0xfe>
			__ticks --;
		}
		return;
	}
	else
		__ticks = (uint16_t)__tmp;
    2c9a:	6f 81       	ldd	r22, Y+7	; 0x07
    2c9c:	78 85       	ldd	r23, Y+8	; 0x08
    2c9e:	89 85       	ldd	r24, Y+9	; 0x09
    2ca0:	9a 85       	ldd	r25, Y+10	; 0x0a
    2ca2:	0e 94 49 00 	call	0x92	; 0x92 <__fixunssfsi>
    2ca6:	dc 01       	movw	r26, r24
    2ca8:	cb 01       	movw	r24, r22
    2caa:	9e 83       	std	Y+6, r25	; 0x06
    2cac:	8d 83       	std	Y+5, r24	; 0x05
    2cae:	8d 81       	ldd	r24, Y+5	; 0x05
    2cb0:	9e 81       	ldd	r25, Y+6	; 0x06
    2cb2:	9a 83       	std	Y+2, r25	; 0x02
    2cb4:	89 83       	std	Y+1, r24	; 0x01
    2cb6:	89 81       	ldd	r24, Y+1	; 0x01
    2cb8:	9a 81       	ldd	r25, Y+2	; 0x02
    2cba:	01 97       	sbiw	r24, 0x01	; 1
    2cbc:	f1 f7       	brne	.-4      	; 0x2cba <HLCD_voidClearDisplay+0xf6>
    2cbe:	9a 83       	std	Y+2, r25	; 0x02
    2cc0:	89 83       	std	Y+1, r24	; 0x01
    // Wait for more than 1.53 ms
    _delay_ms(2);
}
    2cc2:	2e 96       	adiw	r28, 0x0e	; 14
    2cc4:	0f b6       	in	r0, 0x3f	; 63
    2cc6:	f8 94       	cli
    2cc8:	de bf       	out	0x3e, r29	; 62
    2cca:	0f be       	out	0x3f, r0	; 63
    2ccc:	cd bf       	out	0x3d, r28	; 61
    2cce:	cf 91       	pop	r28
    2cd0:	df 91       	pop	r29
    2cd2:	08 95       	ret

00002cd4 <HLCD_voidGoToPos>:

void HLCD_voidGoToPos(LCD_ROWS A_LcdRowNo, LCD_COLS A_LcdColNo)
{
    2cd4:	df 93       	push	r29
    2cd6:	cf 93       	push	r28
    2cd8:	cd b7       	in	r28, 0x3d	; 61
    2cda:	de b7       	in	r29, 0x3e	; 62
    2cdc:	63 97       	sbiw	r28, 0x13	; 19
    2cde:	0f b6       	in	r0, 0x3f	; 63
    2ce0:	f8 94       	cli
    2ce2:	de bf       	out	0x3e, r29	; 62
    2ce4:	0f be       	out	0x3f, r0	; 63
    2ce6:	cd bf       	out	0x3d, r28	; 61
    2ce8:	88 8b       	std	Y+16, r24	; 0x10
    2cea:	69 8b       	std	Y+17, r22	; 0x11
    // Convert column number to 0-based index
    u8 colIndex = A_LcdColNo - 1;
    2cec:	89 89       	ldd	r24, Y+17	; 0x11
    2cee:	81 50       	subi	r24, 0x01	; 1
    2cf0:	8f 87       	std	Y+15, r24	; 0x0f

    switch(A_LcdRowNo)
    2cf2:	88 89       	ldd	r24, Y+16	; 0x10
    2cf4:	28 2f       	mov	r18, r24
    2cf6:	30 e0       	ldi	r19, 0x00	; 0
    2cf8:	3b 8b       	std	Y+19, r19	; 0x13
    2cfa:	2a 8b       	std	Y+18, r18	; 0x12
    2cfc:	8a 89       	ldd	r24, Y+18	; 0x12
    2cfe:	9b 89       	ldd	r25, Y+19	; 0x13
    2d00:	82 30       	cpi	r24, 0x02	; 2
    2d02:	91 05       	cpc	r25, r1
    2d04:	d9 f0       	breq	.+54     	; 0x2d3c <HLCD_voidGoToPos+0x68>
    2d06:	2a 89       	ldd	r18, Y+18	; 0x12
    2d08:	3b 89       	ldd	r19, Y+19	; 0x13
    2d0a:	23 30       	cpi	r18, 0x03	; 3
    2d0c:	31 05       	cpc	r19, r1
    2d0e:	34 f4       	brge	.+12     	; 0x2d1c <HLCD_voidGoToPos+0x48>
    2d10:	8a 89       	ldd	r24, Y+18	; 0x12
    2d12:	9b 89       	ldd	r25, Y+19	; 0x13
    2d14:	81 30       	cpi	r24, 0x01	; 1
    2d16:	91 05       	cpc	r25, r1
    2d18:	61 f0       	breq	.+24     	; 0x2d32 <HLCD_voidGoToPos+0x5e>
    2d1a:	1e c0       	rjmp	.+60     	; 0x2d58 <HLCD_voidGoToPos+0x84>
    2d1c:	2a 89       	ldd	r18, Y+18	; 0x12
    2d1e:	3b 89       	ldd	r19, Y+19	; 0x13
    2d20:	23 30       	cpi	r18, 0x03	; 3
    2d22:	31 05       	cpc	r19, r1
    2d24:	81 f0       	breq	.+32     	; 0x2d46 <HLCD_voidGoToPos+0x72>
    2d26:	8a 89       	ldd	r24, Y+18	; 0x12
    2d28:	9b 89       	ldd	r25, Y+19	; 0x13
    2d2a:	84 30       	cpi	r24, 0x04	; 4
    2d2c:	91 05       	cpc	r25, r1
    2d2e:	81 f0       	breq	.+32     	; 0x2d50 <HLCD_voidGoToPos+0x7c>
    2d30:	13 c0       	rjmp	.+38     	; 0x2d58 <HLCD_voidGoToPos+0x84>
    {
        case ROW1:
            HLCD_voidSendCommand(LCD_ROW1_ADDRESS + colIndex);
    2d32:	8f 85       	ldd	r24, Y+15	; 0x0f
    2d34:	80 58       	subi	r24, 0x80	; 128
    2d36:	0e 94 3d 14 	call	0x287a	; 0x287a <HLCD_voidSendCommand>
    2d3a:	0e c0       	rjmp	.+28     	; 0x2d58 <HLCD_voidGoToPos+0x84>
            break;
        case ROW2:
            HLCD_voidSendCommand(LCD_ROW2_ADDRESS + colIndex);
    2d3c:	8f 85       	ldd	r24, Y+15	; 0x0f
    2d3e:	80 54       	subi	r24, 0x40	; 64
    2d40:	0e 94 3d 14 	call	0x287a	; 0x287a <HLCD_voidSendCommand>
    2d44:	09 c0       	rjmp	.+18     	; 0x2d58 <HLCD_voidGoToPos+0x84>
            break;
        case ROW3:
            HLCD_voidSendCommand(LCD_ROW3_ADDRESS + colIndex);
    2d46:	8f 85       	ldd	r24, Y+15	; 0x0f
    2d48:	8c 56       	subi	r24, 0x6C	; 108
    2d4a:	0e 94 3d 14 	call	0x287a	; 0x287a <HLCD_voidSendCommand>
    2d4e:	04 c0       	rjmp	.+8      	; 0x2d58 <HLCD_voidGoToPos+0x84>
            break;
        case ROW4:
            HLCD_voidSendCommand(LCD_ROW4_ADDRESS + colIndex);
    2d50:	8f 85       	ldd	r24, Y+15	; 0x0f
    2d52:	8c 52       	subi	r24, 0x2C	; 44
    2d54:	0e 94 3d 14 	call	0x287a	; 0x287a <HLCD_voidSendCommand>
    2d58:	80 e0       	ldi	r24, 0x00	; 0
    2d5a:	90 e0       	ldi	r25, 0x00	; 0
    2d5c:	a0 e8       	ldi	r26, 0x80	; 128
    2d5e:	bf e3       	ldi	r27, 0x3F	; 63
    2d60:	8b 87       	std	Y+11, r24	; 0x0b
    2d62:	9c 87       	std	Y+12, r25	; 0x0c
    2d64:	ad 87       	std	Y+13, r26	; 0x0d
    2d66:	be 87       	std	Y+14, r27	; 0x0e
 */
void
_delay_ms(double __ms)
{
	uint16_t __ticks;
	double __tmp = ((F_CPU) / 4e3) * __ms;
    2d68:	6b 85       	ldd	r22, Y+11	; 0x0b
    2d6a:	7c 85       	ldd	r23, Y+12	; 0x0c
    2d6c:	8d 85       	ldd	r24, Y+13	; 0x0d
    2d6e:	9e 85       	ldd	r25, Y+14	; 0x0e
    2d70:	20 e0       	ldi	r18, 0x00	; 0
    2d72:	30 e0       	ldi	r19, 0x00	; 0
    2d74:	4a ef       	ldi	r20, 0xFA	; 250
    2d76:	54 e4       	ldi	r21, 0x44	; 68
    2d78:	0e 94 1f 02 	call	0x43e	; 0x43e <__mulsf3>
    2d7c:	dc 01       	movw	r26, r24
    2d7e:	cb 01       	movw	r24, r22
    2d80:	8f 83       	std	Y+7, r24	; 0x07
    2d82:	98 87       	std	Y+8, r25	; 0x08
    2d84:	a9 87       	std	Y+9, r26	; 0x09
    2d86:	ba 87       	std	Y+10, r27	; 0x0a
	if (__tmp < 1.0)
    2d88:	6f 81       	ldd	r22, Y+7	; 0x07
    2d8a:	78 85       	ldd	r23, Y+8	; 0x08
    2d8c:	89 85       	ldd	r24, Y+9	; 0x09
    2d8e:	9a 85       	ldd	r25, Y+10	; 0x0a
    2d90:	20 e0       	ldi	r18, 0x00	; 0
    2d92:	30 e0       	ldi	r19, 0x00	; 0
    2d94:	40 e8       	ldi	r20, 0x80	; 128
    2d96:	5f e3       	ldi	r21, 0x3F	; 63
    2d98:	0e 94 79 03 	call	0x6f2	; 0x6f2 <__ltsf2>
    2d9c:	88 23       	and	r24, r24
    2d9e:	2c f4       	brge	.+10     	; 0x2daa <HLCD_voidGoToPos+0xd6>
		__ticks = 1;
    2da0:	81 e0       	ldi	r24, 0x01	; 1
    2da2:	90 e0       	ldi	r25, 0x00	; 0
    2da4:	9e 83       	std	Y+6, r25	; 0x06
    2da6:	8d 83       	std	Y+5, r24	; 0x05
    2da8:	3f c0       	rjmp	.+126    	; 0x2e28 <HLCD_voidGoToPos+0x154>
	else if (__tmp > 65535)
    2daa:	6f 81       	ldd	r22, Y+7	; 0x07
    2dac:	78 85       	ldd	r23, Y+8	; 0x08
    2dae:	89 85       	ldd	r24, Y+9	; 0x09
    2db0:	9a 85       	ldd	r25, Y+10	; 0x0a
    2db2:	20 e0       	ldi	r18, 0x00	; 0
    2db4:	3f ef       	ldi	r19, 0xFF	; 255
    2db6:	4f e7       	ldi	r20, 0x7F	; 127
    2db8:	57 e4       	ldi	r21, 0x47	; 71
    2dba:	0e 94 19 03 	call	0x632	; 0x632 <__gtsf2>
    2dbe:	18 16       	cp	r1, r24
    2dc0:	4c f5       	brge	.+82     	; 0x2e14 <HLCD_voidGoToPos+0x140>
	{
		//	__ticks = requested delay in 1/10 ms
		__ticks = (uint16_t) (__ms * 10.0);
    2dc2:	6b 85       	ldd	r22, Y+11	; 0x0b
    2dc4:	7c 85       	ldd	r23, Y+12	; 0x0c
    2dc6:	8d 85       	ldd	r24, Y+13	; 0x0d
    2dc8:	9e 85       	ldd	r25, Y+14	; 0x0e
    2dca:	20 e0       	ldi	r18, 0x00	; 0
    2dcc:	30 e0       	ldi	r19, 0x00	; 0
    2dce:	40 e2       	ldi	r20, 0x20	; 32
    2dd0:	51 e4       	ldi	r21, 0x41	; 65
    2dd2:	0e 94 1f 02 	call	0x43e	; 0x43e <__mulsf3>
    2dd6:	dc 01       	movw	r26, r24
    2dd8:	cb 01       	movw	r24, r22
    2dda:	bc 01       	movw	r22, r24
    2ddc:	cd 01       	movw	r24, r26
    2dde:	0e 94 49 00 	call	0x92	; 0x92 <__fixunssfsi>
    2de2:	dc 01       	movw	r26, r24
    2de4:	cb 01       	movw	r24, r22
    2de6:	9e 83       	std	Y+6, r25	; 0x06
    2de8:	8d 83       	std	Y+5, r24	; 0x05
    2dea:	0f c0       	rjmp	.+30     	; 0x2e0a <HLCD_voidGoToPos+0x136>
    2dec:	88 ec       	ldi	r24, 0xC8	; 200
    2dee:	90 e0       	ldi	r25, 0x00	; 0
    2df0:	9c 83       	std	Y+4, r25	; 0x04
    2df2:	8b 83       	std	Y+3, r24	; 0x03
    2df4:	8b 81       	ldd	r24, Y+3	; 0x03
    2df6:	9c 81       	ldd	r25, Y+4	; 0x04
    2df8:	01 97       	sbiw	r24, 0x01	; 1
    2dfa:	f1 f7       	brne	.-4      	; 0x2df8 <HLCD_voidGoToPos+0x124>
    2dfc:	9c 83       	std	Y+4, r25	; 0x04
    2dfe:	8b 83       	std	Y+3, r24	; 0x03
		while(__ticks)
		{
			// wait 1/10 ms
			_delay_loop_2(((F_CPU) / 4e3) / 10);
			__ticks --;
    2e00:	8d 81       	ldd	r24, Y+5	; 0x05
    2e02:	9e 81       	ldd	r25, Y+6	; 0x06
    2e04:	01 97       	sbiw	r24, 0x01	; 1
    2e06:	9e 83       	std	Y+6, r25	; 0x06
    2e08:	8d 83       	std	Y+5, r24	; 0x05
		__ticks = 1;
	else if (__tmp > 65535)
	{
		//	__ticks = requested delay in 1/10 ms
		__ticks = (uint16_t) (__ms * 10.0);
		while(__ticks)
    2e0a:	8d 81       	ldd	r24, Y+5	; 0x05
    2e0c:	9e 81       	ldd	r25, Y+6	; 0x06
    2e0e:	00 97       	sbiw	r24, 0x00	; 0
    2e10:	69 f7       	brne	.-38     	; 0x2dec <HLCD_voidGoToPos+0x118>
    2e12:	14 c0       	rjmp	.+40     	; 0x2e3c <HLCD_voidGoToPos+0x168>
			__ticks --;
		}
		return;
	}
	else
		__ticks = (uint16_t)__tmp;
    2e14:	6f 81       	ldd	r22, Y+7	; 0x07
    2e16:	78 85       	ldd	r23, Y+8	; 0x08
    2e18:	89 85       	ldd	r24, Y+9	; 0x09
    2e1a:	9a 85       	ldd	r25, Y+10	; 0x0a
    2e1c:	0e 94 49 00 	call	0x92	; 0x92 <__fixunssfsi>
    2e20:	dc 01       	movw	r26, r24
    2e22:	cb 01       	movw	r24, r22
    2e24:	9e 83       	std	Y+6, r25	; 0x06
    2e26:	8d 83       	std	Y+5, r24	; 0x05
    2e28:	8d 81       	ldd	r24, Y+5	; 0x05
    2e2a:	9e 81       	ldd	r25, Y+6	; 0x06
    2e2c:	9a 83       	std	Y+2, r25	; 0x02
    2e2e:	89 83       	std	Y+1, r24	; 0x01
    2e30:	89 81       	ldd	r24, Y+1	; 0x01
    2e32:	9a 81       	ldd	r25, Y+2	; 0x02
    2e34:	01 97       	sbiw	r24, 0x01	; 1
    2e36:	f1 f7       	brne	.-4      	; 0x2e34 <HLCD_voidGoToPos+0x160>
    2e38:	9a 83       	std	Y+2, r25	; 0x02
    2e3a:	89 83       	std	Y+1, r24	; 0x01
            break;
        default:
            break;
    }
    _delay_ms(1);
}
    2e3c:	63 96       	adiw	r28, 0x13	; 19
    2e3e:	0f b6       	in	r0, 0x3f	; 63
    2e40:	f8 94       	cli
    2e42:	de bf       	out	0x3e, r29	; 62
    2e44:	0f be       	out	0x3f, r0	; 63
    2e46:	cd bf       	out	0x3d, r28	; 61
    2e48:	cf 91       	pop	r28
    2e4a:	df 91       	pop	r29
    2e4c:	08 95       	ret

00002e4e <HLCD_voidDisplayNumberUnsigned>:

void HLCD_voidDisplayNumberUnsigned(u32 A_u32Number)
{
    2e4e:	0f 93       	push	r16
    2e50:	1f 93       	push	r17
    2e52:	df 93       	push	r29
    2e54:	cf 93       	push	r28
    2e56:	cd b7       	in	r28, 0x3d	; 61
    2e58:	de b7       	in	r29, 0x3e	; 62
    2e5a:	65 97       	sbiw	r28, 0x15	; 21
    2e5c:	0f b6       	in	r0, 0x3f	; 63
    2e5e:	f8 94       	cli
    2e60:	de bf       	out	0x3e, r29	; 62
    2e62:	0f be       	out	0x3f, r0	; 63
    2e64:	cd bf       	out	0x3d, r28	; 61
    2e66:	6a 8b       	std	Y+18, r22	; 0x12
    2e68:	7b 8b       	std	Y+19, r23	; 0x13
    2e6a:	8c 8b       	std	Y+20, r24	; 0x14
    2e6c:	9d 8b       	std	Y+21, r25	; 0x15
    u32 local_u32Number = 0;
    2e6e:	1a 82       	std	Y+2, r1	; 0x02
    2e70:	1b 82       	std	Y+3, r1	; 0x03
    2e72:	1c 82       	std	Y+4, r1	; 0x04
    2e74:	1d 82       	std	Y+5, r1	; 0x05

    if(A_u32Number == 0)
    2e76:	8a 89       	ldd	r24, Y+18	; 0x12
    2e78:	9b 89       	ldd	r25, Y+19	; 0x13
    2e7a:	ac 89       	ldd	r26, Y+20	; 0x14
    2e7c:	bd 89       	ldd	r27, Y+21	; 0x15
    2e7e:	00 97       	sbiw	r24, 0x00	; 0
    2e80:	a1 05       	cpc	r26, r1
    2e82:	b1 05       	cpc	r27, r1
    2e84:	21 f4       	brne	.+8      	; 0x2e8e <HLCD_voidDisplayNumberUnsigned+0x40>
    {
        HLCD_voidSendData('0');
    2e86:	80 e3       	ldi	r24, 0x30	; 48
    2e88:	0e 94 db 14 	call	0x29b6	; 0x29b6 <HLCD_voidSendData>
    2e8c:	4a c0       	rjmp	.+148    	; 0x2f22 <HLCD_voidDisplayNumberUnsigned+0xd4>
        return;
    }

    // Convert number to string
    u8 buffer[12];
    u8 index = 0;
    2e8e:	19 82       	std	Y+1, r1	; 0x01
    2e90:	2e c0       	rjmp	.+92     	; 0x2eee <HLCD_voidDisplayNumberUnsigned+0xa0>

    while(A_u32Number > 0)
    {
        buffer[index++] = (A_u32Number % 10) + '0';
    2e92:	89 81       	ldd	r24, Y+1	; 0x01
    2e94:	08 2f       	mov	r16, r24
    2e96:	10 e0       	ldi	r17, 0x00	; 0
    2e98:	8a 89       	ldd	r24, Y+18	; 0x12
    2e9a:	9b 89       	ldd	r25, Y+19	; 0x13
    2e9c:	ac 89       	ldd	r26, Y+20	; 0x14
    2e9e:	bd 89       	ldd	r27, Y+21	; 0x15
    2ea0:	2a e0       	ldi	r18, 0x0A	; 10
    2ea2:	30 e0       	ldi	r19, 0x00	; 0
    2ea4:	40 e0       	ldi	r20, 0x00	; 0
    2ea6:	50 e0       	ldi	r21, 0x00	; 0
    2ea8:	bc 01       	movw	r22, r24
    2eaa:	cd 01       	movw	r24, r26
    2eac:	0e 94 37 18 	call	0x306e	; 0x306e <__udivmodsi4>
    2eb0:	dc 01       	movw	r26, r24
    2eb2:	cb 01       	movw	r24, r22
    2eb4:	28 2f       	mov	r18, r24
    2eb6:	20 5d       	subi	r18, 0xD0	; 208
    2eb8:	ce 01       	movw	r24, r28
    2eba:	06 96       	adiw	r24, 0x06	; 6
    2ebc:	fc 01       	movw	r30, r24
    2ebe:	e0 0f       	add	r30, r16
    2ec0:	f1 1f       	adc	r31, r17
    2ec2:	20 83       	st	Z, r18
    2ec4:	89 81       	ldd	r24, Y+1	; 0x01
    2ec6:	8f 5f       	subi	r24, 0xFF	; 255
    2ec8:	89 83       	std	Y+1, r24	; 0x01
        A_u32Number /= 10;
    2eca:	8a 89       	ldd	r24, Y+18	; 0x12
    2ecc:	9b 89       	ldd	r25, Y+19	; 0x13
    2ece:	ac 89       	ldd	r26, Y+20	; 0x14
    2ed0:	bd 89       	ldd	r27, Y+21	; 0x15
    2ed2:	2a e0       	ldi	r18, 0x0A	; 10
    2ed4:	30 e0       	ldi	r19, 0x00	; 0
    2ed6:	40 e0       	ldi	r20, 0x00	; 0
    2ed8:	50 e0       	ldi	r21, 0x00	; 0
    2eda:	bc 01       	movw	r22, r24
    2edc:	cd 01       	movw	r24, r26
    2ede:	0e 94 37 18 	call	0x306e	; 0x306e <__udivmodsi4>
    2ee2:	da 01       	movw	r26, r20
    2ee4:	c9 01       	movw	r24, r18
    2ee6:	8a 8b       	std	Y+18, r24	; 0x12
    2ee8:	9b 8b       	std	Y+19, r25	; 0x13
    2eea:	ac 8b       	std	Y+20, r26	; 0x14
    2eec:	bd 8b       	std	Y+21, r27	; 0x15

    // Convert number to string
    u8 buffer[12];
    u8 index = 0;

    while(A_u32Number > 0)
    2eee:	8a 89       	ldd	r24, Y+18	; 0x12
    2ef0:	9b 89       	ldd	r25, Y+19	; 0x13
    2ef2:	ac 89       	ldd	r26, Y+20	; 0x14
    2ef4:	bd 89       	ldd	r27, Y+21	; 0x15
    2ef6:	00 97       	sbiw	r24, 0x00	; 0
    2ef8:	a1 05       	cpc	r26, r1
    2efa:	b1 05       	cpc	r27, r1
    2efc:	51 f6       	brne	.-108    	; 0x2e92 <HLCD_voidDisplayNumberUnsigned+0x44>
    2efe:	0e c0       	rjmp	.+28     	; 0x2f1c <HLCD_voidDisplayNumberUnsigned+0xce>
    }

    // Display in reverse order
    while(index > 0)
    {
        HLCD_voidSendData(buffer[--index]);
    2f00:	89 81       	ldd	r24, Y+1	; 0x01
    2f02:	81 50       	subi	r24, 0x01	; 1
    2f04:	89 83       	std	Y+1, r24	; 0x01
    2f06:	89 81       	ldd	r24, Y+1	; 0x01
    2f08:	28 2f       	mov	r18, r24
    2f0a:	30 e0       	ldi	r19, 0x00	; 0
    2f0c:	ce 01       	movw	r24, r28
    2f0e:	06 96       	adiw	r24, 0x06	; 6
    2f10:	fc 01       	movw	r30, r24
    2f12:	e2 0f       	add	r30, r18
    2f14:	f3 1f       	adc	r31, r19
    2f16:	80 81       	ld	r24, Z
    2f18:	0e 94 db 14 	call	0x29b6	; 0x29b6 <HLCD_voidSendData>
        buffer[index++] = (A_u32Number % 10) + '0';
        A_u32Number /= 10;
    }

    // Display in reverse order
    while(index > 0)
    2f1c:	89 81       	ldd	r24, Y+1	; 0x01
    2f1e:	88 23       	and	r24, r24
    2f20:	79 f7       	brne	.-34     	; 0x2f00 <HLCD_voidDisplayNumberUnsigned+0xb2>
    {
        HLCD_voidSendData(buffer[--index]);
    }
}
    2f22:	65 96       	adiw	r28, 0x15	; 21
    2f24:	0f b6       	in	r0, 0x3f	; 63
    2f26:	f8 94       	cli
    2f28:	de bf       	out	0x3e, r29	; 62
    2f2a:	0f be       	out	0x3f, r0	; 63
    2f2c:	cd bf       	out	0x3d, r28	; 61
    2f2e:	cf 91       	pop	r28
    2f30:	df 91       	pop	r29
    2f32:	1f 91       	pop	r17
    2f34:	0f 91       	pop	r16
    2f36:	08 95       	ret

00002f38 <HLCD_voidDisplayNumberSigned>:

void HLCD_voidDisplayNumberSigned(s32 A_s32Number)
{
    2f38:	df 93       	push	r29
    2f3a:	cf 93       	push	r28
    2f3c:	00 d0       	rcall	.+0      	; 0x2f3e <HLCD_voidDisplayNumberSigned+0x6>
    2f3e:	00 d0       	rcall	.+0      	; 0x2f40 <HLCD_voidDisplayNumberSigned+0x8>
    2f40:	cd b7       	in	r28, 0x3d	; 61
    2f42:	de b7       	in	r29, 0x3e	; 62
    2f44:	69 83       	std	Y+1, r22	; 0x01
    2f46:	7a 83       	std	Y+2, r23	; 0x02
    2f48:	8b 83       	std	Y+3, r24	; 0x03
    2f4a:	9c 83       	std	Y+4, r25	; 0x04
    if(A_s32Number < 0)
    2f4c:	89 81       	ldd	r24, Y+1	; 0x01
    2f4e:	9a 81       	ldd	r25, Y+2	; 0x02
    2f50:	ab 81       	ldd	r26, Y+3	; 0x03
    2f52:	bc 81       	ldd	r27, Y+4	; 0x04
    2f54:	bb 23       	and	r27, r27
    2f56:	94 f4       	brge	.+36     	; 0x2f7c <HLCD_voidDisplayNumberSigned+0x44>
    {
        HLCD_voidSendData('-');
    2f58:	8d e2       	ldi	r24, 0x2D	; 45
    2f5a:	0e 94 db 14 	call	0x29b6	; 0x29b6 <HLCD_voidSendData>
        A_s32Number = -A_s32Number;
    2f5e:	89 81       	ldd	r24, Y+1	; 0x01
    2f60:	9a 81       	ldd	r25, Y+2	; 0x02
    2f62:	ab 81       	ldd	r26, Y+3	; 0x03
    2f64:	bc 81       	ldd	r27, Y+4	; 0x04
    2f66:	b0 95       	com	r27
    2f68:	a0 95       	com	r26
    2f6a:	90 95       	com	r25
    2f6c:	81 95       	neg	r24
    2f6e:	9f 4f       	sbci	r25, 0xFF	; 255
    2f70:	af 4f       	sbci	r26, 0xFF	; 255
    2f72:	bf 4f       	sbci	r27, 0xFF	; 255
    2f74:	89 83       	std	Y+1, r24	; 0x01
    2f76:	9a 83       	std	Y+2, r25	; 0x02
    2f78:	ab 83       	std	Y+3, r26	; 0x03
    2f7a:	bc 83       	std	Y+4, r27	; 0x04
    }
    HLCD_voidDisplayNumberUnsigned((u32)A_s32Number);
    2f7c:	89 81       	ldd	r24, Y+1	; 0x01
    2f7e:	9a 81       	ldd	r25, Y+2	; 0x02
    2f80:	ab 81       	ldd	r26, Y+3	; 0x03
    2f82:	bc 81       	ldd	r27, Y+4	; 0x04
    2f84:	bc 01       	movw	r22, r24
    2f86:	cd 01       	movw	r24, r26
    2f88:	0e 94 27 17 	call	0x2e4e	; 0x2e4e <HLCD_voidDisplayNumberUnsigned>
}
    2f8c:	0f 90       	pop	r0
    2f8e:	0f 90       	pop	r0
    2f90:	0f 90       	pop	r0
    2f92:	0f 90       	pop	r0
    2f94:	cf 91       	pop	r28
    2f96:	df 91       	pop	r29
    2f98:	08 95       	ret

00002f9a <HLCD_voidSendSpecialCharacter>:

void HLCD_voidSendSpecialCharacter(u8 *A_pu8PatternArr, u8 A_u8PatternNumber, LCD_ROWS A_LcdRowNo, LCD_COLS A_LcdColNo)
{
    2f9a:	df 93       	push	r29
    2f9c:	cf 93       	push	r28
    2f9e:	cd b7       	in	r28, 0x3d	; 61
    2fa0:	de b7       	in	r29, 0x3e	; 62
    2fa2:	27 97       	sbiw	r28, 0x07	; 7
    2fa4:	0f b6       	in	r0, 0x3f	; 63
    2fa6:	f8 94       	cli
    2fa8:	de bf       	out	0x3e, r29	; 62
    2faa:	0f be       	out	0x3f, r0	; 63
    2fac:	cd bf       	out	0x3d, r28	; 61
    2fae:	9c 83       	std	Y+4, r25	; 0x04
    2fb0:	8b 83       	std	Y+3, r24	; 0x03
    2fb2:	6d 83       	std	Y+5, r22	; 0x05
    2fb4:	4e 83       	std	Y+6, r20	; 0x06
    2fb6:	2f 83       	std	Y+7, r18	; 0x07
    u8 local_u8CGRamAddress;

    // Calculate CGRAM Address = Pattern No. * 8
    local_u8CGRamAddress = A_u8PatternNumber * 8;
    2fb8:	8d 81       	ldd	r24, Y+5	; 0x05
    2fba:	88 2f       	mov	r24, r24
    2fbc:	90 e0       	ldi	r25, 0x00	; 0
    2fbe:	88 0f       	add	r24, r24
    2fc0:	99 1f       	adc	r25, r25
    2fc2:	88 0f       	add	r24, r24
    2fc4:	99 1f       	adc	r25, r25
    2fc6:	88 0f       	add	r24, r24
    2fc8:	99 1f       	adc	r25, r25
    2fca:	8a 83       	std	Y+2, r24	; 0x02

    // Data sheet says that bit 6 must be high
    SET_BIT(local_u8CGRamAddress, 6);
    2fcc:	8a 81       	ldd	r24, Y+2	; 0x02
    2fce:	80 64       	ori	r24, 0x40	; 64
    2fd0:	8a 83       	std	Y+2, r24	; 0x02

    // Send CGRAM Write Command
    HLCD_voidSendCommand(local_u8CGRamAddress);
    2fd2:	8a 81       	ldd	r24, Y+2	; 0x02
    2fd4:	0e 94 3d 14 	call	0x287a	; 0x287a <HLCD_voidSendCommand>

    for(u8 i = 0; i < 8; i++)
    2fd8:	19 82       	std	Y+1, r1	; 0x01
    2fda:	0e c0       	rjmp	.+28     	; 0x2ff8 <HLCD_voidSendSpecialCharacter+0x5e>
    {
        HLCD_voidSendData(A_pu8PatternArr[i]);
    2fdc:	89 81       	ldd	r24, Y+1	; 0x01
    2fde:	28 2f       	mov	r18, r24
    2fe0:	30 e0       	ldi	r19, 0x00	; 0
    2fe2:	8b 81       	ldd	r24, Y+3	; 0x03
    2fe4:	9c 81       	ldd	r25, Y+4	; 0x04
    2fe6:	fc 01       	movw	r30, r24
    2fe8:	e2 0f       	add	r30, r18
    2fea:	f3 1f       	adc	r31, r19
    2fec:	80 81       	ld	r24, Z
    2fee:	0e 94 db 14 	call	0x29b6	; 0x29b6 <HLCD_voidSendData>
    SET_BIT(local_u8CGRamAddress, 6);

    // Send CGRAM Write Command
    HLCD_voidSendCommand(local_u8CGRamAddress);

    for(u8 i = 0; i < 8; i++)
    2ff2:	89 81       	ldd	r24, Y+1	; 0x01
    2ff4:	8f 5f       	subi	r24, 0xFF	; 255
    2ff6:	89 83       	std	Y+1, r24	; 0x01
    2ff8:	89 81       	ldd	r24, Y+1	; 0x01
    2ffa:	88 30       	cpi	r24, 0x08	; 8
    2ffc:	78 f3       	brcs	.-34     	; 0x2fdc <HLCD_voidSendSpecialCharacter+0x42>
    {
        HLCD_voidSendData(A_pu8PatternArr[i]);
    }

    // Send go to position Command to the DDRAM
    HLCD_voidGoToPos(A_LcdRowNo, A_LcdColNo);
    2ffe:	8e 81       	ldd	r24, Y+6	; 0x06
    3000:	6f 81       	ldd	r22, Y+7	; 0x07
    3002:	0e 94 6a 16 	call	0x2cd4	; 0x2cd4 <HLCD_voidGoToPos>

    // Display pattern
    HLCD_voidSendData(A_u8PatternNumber);
    3006:	8d 81       	ldd	r24, Y+5	; 0x05
    3008:	0e 94 db 14 	call	0x29b6	; 0x29b6 <HLCD_voidSendData>
}
    300c:	27 96       	adiw	r28, 0x07	; 7
    300e:	0f b6       	in	r0, 0x3f	; 63
    3010:	f8 94       	cli
    3012:	de bf       	out	0x3e, r29	; 62
    3014:	0f be       	out	0x3f, r0	; 63
    3016:	cd bf       	out	0x3d, r28	; 61
    3018:	cf 91       	pop	r28
    301a:	df 91       	pop	r29
    301c:	08 95       	ret

0000301e <main>:

#include "../INCLUDE/LIB/FUNCTION.h"
#include<avr/io.h>

int main(void)
{
    301e:	df 93       	push	r29
    3020:	cf 93       	push	r28
    3022:	cd b7       	in	r28, 0x3d	; 61
    3024:	de b7       	in	r29, 0x3e	; 62

     gameInit();
    3026:	0e 94 57 0a 	call	0x14ae	; 0x14ae <gameInit>
    while(1) {
    snakeMain();
    302a:	0e 94 35 11 	call	0x226a	; 0x226a <snakeMain>
    302e:	fd cf       	rjmp	.-6      	; 0x302a <main+0xc>

00003030 <__udivmodqi4>:
    3030:	99 1b       	sub	r25, r25
    3032:	79 e0       	ldi	r23, 0x09	; 9
    3034:	04 c0       	rjmp	.+8      	; 0x303e <__udivmodqi4_ep>

00003036 <__udivmodqi4_loop>:
    3036:	99 1f       	adc	r25, r25
    3038:	96 17       	cp	r25, r22
    303a:	08 f0       	brcs	.+2      	; 0x303e <__udivmodqi4_ep>
    303c:	96 1b       	sub	r25, r22

0000303e <__udivmodqi4_ep>:
    303e:	88 1f       	adc	r24, r24
    3040:	7a 95       	dec	r23
    3042:	c9 f7       	brne	.-14     	; 0x3036 <__udivmodqi4_loop>
    3044:	80 95       	com	r24
    3046:	08 95       	ret

00003048 <__divmodhi4>:
    3048:	97 fb       	bst	r25, 7
    304a:	09 2e       	mov	r0, r25
    304c:	07 26       	eor	r0, r23
    304e:	0a d0       	rcall	.+20     	; 0x3064 <__divmodhi4_neg1>
    3050:	77 fd       	sbrc	r23, 7
    3052:	04 d0       	rcall	.+8      	; 0x305c <__divmodhi4_neg2>
    3054:	2e d0       	rcall	.+92     	; 0x30b2 <__udivmodhi4>
    3056:	06 d0       	rcall	.+12     	; 0x3064 <__divmodhi4_neg1>
    3058:	00 20       	and	r0, r0
    305a:	1a f4       	brpl	.+6      	; 0x3062 <__divmodhi4_exit>

0000305c <__divmodhi4_neg2>:
    305c:	70 95       	com	r23
    305e:	61 95       	neg	r22
    3060:	7f 4f       	sbci	r23, 0xFF	; 255

00003062 <__divmodhi4_exit>:
    3062:	08 95       	ret

00003064 <__divmodhi4_neg1>:
    3064:	f6 f7       	brtc	.-4      	; 0x3062 <__divmodhi4_exit>
    3066:	90 95       	com	r25
    3068:	81 95       	neg	r24
    306a:	9f 4f       	sbci	r25, 0xFF	; 255
    306c:	08 95       	ret

0000306e <__udivmodsi4>:
    306e:	a1 e2       	ldi	r26, 0x21	; 33
    3070:	1a 2e       	mov	r1, r26
    3072:	aa 1b       	sub	r26, r26
    3074:	bb 1b       	sub	r27, r27
    3076:	fd 01       	movw	r30, r26
    3078:	0d c0       	rjmp	.+26     	; 0x3094 <__udivmodsi4_ep>

0000307a <__udivmodsi4_loop>:
    307a:	aa 1f       	adc	r26, r26
    307c:	bb 1f       	adc	r27, r27
    307e:	ee 1f       	adc	r30, r30
    3080:	ff 1f       	adc	r31, r31
    3082:	a2 17       	cp	r26, r18
    3084:	b3 07       	cpc	r27, r19
    3086:	e4 07       	cpc	r30, r20
    3088:	f5 07       	cpc	r31, r21
    308a:	20 f0       	brcs	.+8      	; 0x3094 <__udivmodsi4_ep>
    308c:	a2 1b       	sub	r26, r18
    308e:	b3 0b       	sbc	r27, r19
    3090:	e4 0b       	sbc	r30, r20
    3092:	f5 0b       	sbc	r31, r21

00003094 <__udivmodsi4_ep>:
    3094:	66 1f       	adc	r22, r22
    3096:	77 1f       	adc	r23, r23
    3098:	88 1f       	adc	r24, r24
    309a:	99 1f       	adc	r25, r25
    309c:	1a 94       	dec	r1
    309e:	69 f7       	brne	.-38     	; 0x307a <__udivmodsi4_loop>
    30a0:	60 95       	com	r22
    30a2:	70 95       	com	r23
    30a4:	80 95       	com	r24
    30a6:	90 95       	com	r25
    30a8:	9b 01       	movw	r18, r22
    30aa:	ac 01       	movw	r20, r24
    30ac:	bd 01       	movw	r22, r26
    30ae:	cf 01       	movw	r24, r30
    30b0:	08 95       	ret

000030b2 <__udivmodhi4>:
    30b2:	aa 1b       	sub	r26, r26
    30b4:	bb 1b       	sub	r27, r27
    30b6:	51 e1       	ldi	r21, 0x11	; 17
    30b8:	07 c0       	rjmp	.+14     	; 0x30c8 <__udivmodhi4_ep>

000030ba <__udivmodhi4_loop>:
    30ba:	aa 1f       	adc	r26, r26
    30bc:	bb 1f       	adc	r27, r27
    30be:	a6 17       	cp	r26, r22
    30c0:	b7 07       	cpc	r27, r23
    30c2:	10 f0       	brcs	.+4      	; 0x30c8 <__udivmodhi4_ep>
    30c4:	a6 1b       	sub	r26, r22
    30c6:	b7 0b       	sbc	r27, r23

000030c8 <__udivmodhi4_ep>:
    30c8:	88 1f       	adc	r24, r24
    30ca:	99 1f       	adc	r25, r25
    30cc:	5a 95       	dec	r21
    30ce:	a9 f7       	brne	.-22     	; 0x30ba <__udivmodhi4_loop>
    30d0:	80 95       	com	r24
    30d2:	90 95       	com	r25
    30d4:	bc 01       	movw	r22, r24
    30d6:	cd 01       	movw	r24, r26
    30d8:	08 95       	ret

000030da <__prologue_saves__>:
    30da:	2f 92       	push	r2
    30dc:	3f 92       	push	r3
    30de:	4f 92       	push	r4
    30e0:	5f 92       	push	r5
    30e2:	6f 92       	push	r6
    30e4:	7f 92       	push	r7
    30e6:	8f 92       	push	r8
    30e8:	9f 92       	push	r9
    30ea:	af 92       	push	r10
    30ec:	bf 92       	push	r11
    30ee:	cf 92       	push	r12
    30f0:	df 92       	push	r13
    30f2:	ef 92       	push	r14
    30f4:	ff 92       	push	r15
    30f6:	0f 93       	push	r16
    30f8:	1f 93       	push	r17
    30fa:	cf 93       	push	r28
    30fc:	df 93       	push	r29
    30fe:	cd b7       	in	r28, 0x3d	; 61
    3100:	de b7       	in	r29, 0x3e	; 62
    3102:	ca 1b       	sub	r28, r26
    3104:	db 0b       	sbc	r29, r27
    3106:	0f b6       	in	r0, 0x3f	; 63
    3108:	f8 94       	cli
    310a:	de bf       	out	0x3e, r29	; 62
    310c:	0f be       	out	0x3f, r0	; 63
    310e:	cd bf       	out	0x3d, r28	; 61
    3110:	09 94       	ijmp

00003112 <__epilogue_restores__>:
    3112:	2a 88       	ldd	r2, Y+18	; 0x12
    3114:	39 88       	ldd	r3, Y+17	; 0x11
    3116:	48 88       	ldd	r4, Y+16	; 0x10
    3118:	5f 84       	ldd	r5, Y+15	; 0x0f
    311a:	6e 84       	ldd	r6, Y+14	; 0x0e
    311c:	7d 84       	ldd	r7, Y+13	; 0x0d
    311e:	8c 84       	ldd	r8, Y+12	; 0x0c
    3120:	9b 84       	ldd	r9, Y+11	; 0x0b
    3122:	aa 84       	ldd	r10, Y+10	; 0x0a
    3124:	b9 84       	ldd	r11, Y+9	; 0x09
    3126:	c8 84       	ldd	r12, Y+8	; 0x08
    3128:	df 80       	ldd	r13, Y+7	; 0x07
    312a:	ee 80       	ldd	r14, Y+6	; 0x06
    312c:	fd 80       	ldd	r15, Y+5	; 0x05
    312e:	0c 81       	ldd	r16, Y+4	; 0x04
    3130:	1b 81       	ldd	r17, Y+3	; 0x03
    3132:	aa 81       	ldd	r26, Y+2	; 0x02
    3134:	b9 81       	ldd	r27, Y+1	; 0x01
    3136:	ce 0f       	add	r28, r30
    3138:	d1 1d       	adc	r29, r1
    313a:	0f b6       	in	r0, 0x3f	; 63
    313c:	f8 94       	cli
    313e:	de bf       	out	0x3e, r29	; 62
    3140:	0f be       	out	0x3f, r0	; 63
    3142:	cd bf       	out	0x3d, r28	; 61
    3144:	ed 01       	movw	r28, r26
    3146:	08 95       	ret

00003148 <do_rand>:
    3148:	a0 e0       	ldi	r26, 0x00	; 0
    314a:	b0 e0       	ldi	r27, 0x00	; 0
    314c:	ea ea       	ldi	r30, 0xAA	; 170
    314e:	f8 e1       	ldi	r31, 0x18	; 24
    3150:	0c 94 75 18 	jmp	0x30ea	; 0x30ea <__prologue_saves__+0x10>
    3154:	ec 01       	movw	r28, r24
    3156:	a8 80       	ld	r10, Y
    3158:	b9 80       	ldd	r11, Y+1	; 0x01
    315a:	ca 80       	ldd	r12, Y+2	; 0x02
    315c:	db 80       	ldd	r13, Y+3	; 0x03
    315e:	a1 14       	cp	r10, r1
    3160:	b1 04       	cpc	r11, r1
    3162:	c1 04       	cpc	r12, r1
    3164:	d1 04       	cpc	r13, r1
    3166:	41 f4       	brne	.+16     	; 0x3178 <do_rand+0x30>
    3168:	84 e2       	ldi	r24, 0x24	; 36
    316a:	a8 2e       	mov	r10, r24
    316c:	89 ed       	ldi	r24, 0xD9	; 217
    316e:	b8 2e       	mov	r11, r24
    3170:	8b e5       	ldi	r24, 0x5B	; 91
    3172:	c8 2e       	mov	r12, r24
    3174:	87 e0       	ldi	r24, 0x07	; 7
    3176:	d8 2e       	mov	r13, r24
    3178:	c6 01       	movw	r24, r12
    317a:	b5 01       	movw	r22, r10
    317c:	2d e1       	ldi	r18, 0x1D	; 29
    317e:	33 ef       	ldi	r19, 0xF3	; 243
    3180:	41 e0       	ldi	r20, 0x01	; 1
    3182:	50 e0       	ldi	r21, 0x00	; 0
    3184:	0e 94 24 19 	call	0x3248	; 0x3248 <__divmodsi4>
    3188:	27 ea       	ldi	r18, 0xA7	; 167
    318a:	31 e4       	ldi	r19, 0x41	; 65
    318c:	40 e0       	ldi	r20, 0x00	; 0
    318e:	50 e0       	ldi	r21, 0x00	; 0
    3190:	0e 94 05 19 	call	0x320a	; 0x320a <__mulsi3>
    3194:	7b 01       	movw	r14, r22
    3196:	8c 01       	movw	r16, r24
    3198:	c6 01       	movw	r24, r12
    319a:	b5 01       	movw	r22, r10
    319c:	2d e1       	ldi	r18, 0x1D	; 29
    319e:	33 ef       	ldi	r19, 0xF3	; 243
    31a0:	41 e0       	ldi	r20, 0x01	; 1
    31a2:	50 e0       	ldi	r21, 0x00	; 0
    31a4:	0e 94 24 19 	call	0x3248	; 0x3248 <__divmodsi4>
    31a8:	ca 01       	movw	r24, r20
    31aa:	b9 01       	movw	r22, r18
    31ac:	2c ee       	ldi	r18, 0xEC	; 236
    31ae:	34 ef       	ldi	r19, 0xF4	; 244
    31b0:	4f ef       	ldi	r20, 0xFF	; 255
    31b2:	5f ef       	ldi	r21, 0xFF	; 255
    31b4:	0e 94 05 19 	call	0x320a	; 0x320a <__mulsi3>
    31b8:	6e 0d       	add	r22, r14
    31ba:	7f 1d       	adc	r23, r15
    31bc:	80 1f       	adc	r24, r16
    31be:	91 1f       	adc	r25, r17
    31c0:	97 ff       	sbrs	r25, 7
    31c2:	04 c0       	rjmp	.+8      	; 0x31cc <do_rand+0x84>
    31c4:	61 50       	subi	r22, 0x01	; 1
    31c6:	70 40       	sbci	r23, 0x00	; 0
    31c8:	80 40       	sbci	r24, 0x00	; 0
    31ca:	90 48       	sbci	r25, 0x80	; 128
    31cc:	68 83       	st	Y, r22
    31ce:	79 83       	std	Y+1, r23	; 0x01
    31d0:	8a 83       	std	Y+2, r24	; 0x02
    31d2:	9b 83       	std	Y+3, r25	; 0x03
    31d4:	9b 01       	movw	r18, r22
    31d6:	3f 77       	andi	r19, 0x7F	; 127
    31d8:	c9 01       	movw	r24, r18
    31da:	cd b7       	in	r28, 0x3d	; 61
    31dc:	de b7       	in	r29, 0x3e	; 62
    31de:	ea e0       	ldi	r30, 0x0A	; 10
    31e0:	0c 94 91 18 	jmp	0x3122	; 0x3122 <__epilogue_restores__+0x10>

000031e4 <rand_r>:
    31e4:	0e 94 a4 18 	call	0x3148	; 0x3148 <do_rand>
    31e8:	08 95       	ret

000031ea <rand>:
    31ea:	82 ee       	ldi	r24, 0xE2	; 226
    31ec:	90 e0       	ldi	r25, 0x00	; 0
    31ee:	0e 94 a4 18 	call	0x3148	; 0x3148 <do_rand>
    31f2:	08 95       	ret

000031f4 <srand>:
    31f4:	a0 e0       	ldi	r26, 0x00	; 0
    31f6:	b0 e0       	ldi	r27, 0x00	; 0
    31f8:	80 93 e2 00 	sts	0x00E2, r24
    31fc:	90 93 e3 00 	sts	0x00E3, r25
    3200:	a0 93 e4 00 	sts	0x00E4, r26
    3204:	b0 93 e5 00 	sts	0x00E5, r27
    3208:	08 95       	ret

0000320a <__mulsi3>:
    320a:	62 9f       	mul	r22, r18
    320c:	d0 01       	movw	r26, r0
    320e:	73 9f       	mul	r23, r19
    3210:	f0 01       	movw	r30, r0
    3212:	82 9f       	mul	r24, r18
    3214:	e0 0d       	add	r30, r0
    3216:	f1 1d       	adc	r31, r1
    3218:	64 9f       	mul	r22, r20
    321a:	e0 0d       	add	r30, r0
    321c:	f1 1d       	adc	r31, r1
    321e:	92 9f       	mul	r25, r18
    3220:	f0 0d       	add	r31, r0
    3222:	83 9f       	mul	r24, r19
    3224:	f0 0d       	add	r31, r0
    3226:	74 9f       	mul	r23, r20
    3228:	f0 0d       	add	r31, r0
    322a:	65 9f       	mul	r22, r21
    322c:	f0 0d       	add	r31, r0
    322e:	99 27       	eor	r25, r25
    3230:	72 9f       	mul	r23, r18
    3232:	b0 0d       	add	r27, r0
    3234:	e1 1d       	adc	r30, r1
    3236:	f9 1f       	adc	r31, r25
    3238:	63 9f       	mul	r22, r19
    323a:	b0 0d       	add	r27, r0
    323c:	e1 1d       	adc	r30, r1
    323e:	f9 1f       	adc	r31, r25
    3240:	bd 01       	movw	r22, r26
    3242:	cf 01       	movw	r24, r30
    3244:	11 24       	eor	r1, r1
    3246:	08 95       	ret

00003248 <__divmodsi4>:
    3248:	97 fb       	bst	r25, 7
    324a:	09 2e       	mov	r0, r25
    324c:	05 26       	eor	r0, r21
    324e:	0e d0       	rcall	.+28     	; 0x326c <__divmodsi4_neg1>
    3250:	57 fd       	sbrc	r21, 7
    3252:	04 d0       	rcall	.+8      	; 0x325c <__divmodsi4_neg2>
    3254:	0c df       	rcall	.-488    	; 0x306e <__udivmodsi4>
    3256:	0a d0       	rcall	.+20     	; 0x326c <__divmodsi4_neg1>
    3258:	00 1c       	adc	r0, r0
    325a:	38 f4       	brcc	.+14     	; 0x326a <__divmodsi4_exit>

0000325c <__divmodsi4_neg2>:
    325c:	50 95       	com	r21
    325e:	40 95       	com	r20
    3260:	30 95       	com	r19
    3262:	21 95       	neg	r18
    3264:	3f 4f       	sbci	r19, 0xFF	; 255
    3266:	4f 4f       	sbci	r20, 0xFF	; 255
    3268:	5f 4f       	sbci	r21, 0xFF	; 255

0000326a <__divmodsi4_exit>:
    326a:	08 95       	ret

0000326c <__divmodsi4_neg1>:
    326c:	f6 f7       	brtc	.-4      	; 0x326a <__divmodsi4_exit>
    326e:	90 95       	com	r25
    3270:	80 95       	com	r24
    3272:	70 95       	com	r23
    3274:	61 95       	neg	r22
    3276:	7f 4f       	sbci	r23, 0xFF	; 255
    3278:	8f 4f       	sbci	r24, 0xFF	; 255
    327a:	9f 4f       	sbci	r25, 0xFF	; 255
    327c:	08 95       	ret

0000327e <_exit>:
    327e:	f8 94       	cli

00003280 <__stop_program>:
    3280:	ff cf       	rjmp	.-2      	; 0x3280 <__stop_program>
